[0.285s] DEBUG:colcon:Command line arguments: ['/usr/bin/colcon', 'build']
[0.286s] DEBUG:colcon:Parsed command line arguments: Namespace(log_base=None, log_level=None, verb_name='build', build_base='build', install_base='install', merge_install=False, symlink_install=False, test_result_base=None, continue_on_error=False, executor='parallel', parallel_workers=4, event_handlers=None, ignore_user_meta=False, metas=['./colcon.meta'], base_paths=['.'], packages_ignore=None, packages_ignore_regex=None, paths=None, packages_up_to=None, packages_up_to_regex=None, packages_above=None, packages_above_and_dependencies=None, packages_above_depth=None, packages_select_by_dep=None, packages_skip_by_dep=None, packages_skip_up_to=None, packages_select_build_failed=False, packages_skip_build_finished=False, packages_select_test_failures=False, packages_skip_test_passed=False, packages_select=None, packages_skip=None, packages_select_regex=None, packages_skip_regex=None, packages_start=None, packages_end=None, allow_overriding=[], cmake_args=None, cmake_target=None, cmake_target_skip_unavailable=False, cmake_clean_cache=False, cmake_clean_first=False, cmake_force_configure=False, ament_cmake_args=None, catkin_cmake_args=None, catkin_skip_building_tests=False, mixin_files=None, mixin=None, verb_parser=<colcon_mixin.mixin.mixin_argument.MixinArgumentDecorator object at 0xffffad021b50>, verb_extension=<colcon_core.verb.build.BuildVerb object at 0xffffad021910>, main=<bound method BuildVerb.main of <colcon_core.verb.build.BuildVerb object at 0xffffad021910>>, mixin_verb=('build',))
[0.399s] Level 1:colcon.colcon_core.package_discovery:discover_packages(colcon_meta) check parameters
[0.400s] Level 1:colcon.colcon_core.package_discovery:discover_packages(recursive) check parameters
[0.400s] Level 1:colcon.colcon_core.package_discovery:discover_packages(ignore) check parameters
[0.400s] Level 1:colcon.colcon_core.package_discovery:discover_packages(path) check parameters
[0.400s] Level 1:colcon.colcon_core.package_discovery:discover_packages(colcon_meta) discover
[0.400s] Level 1:colcon.colcon_core.package_discovery:discover_packages(recursive) discover
[0.400s] INFO:colcon.colcon_core.package_discovery:Crawling recursively for packages in '/home/robogames/Desktop/Dog/dingo_ws'
[0.401s] Level 1:colcon.colcon_core.package_identification:_identify(.) by extensions ['ignore', 'ignore_ament_install']
[0.402s] Level 1:colcon.colcon_core.package_identification:_identify(.) by extension 'ignore'
[0.402s] Level 1:colcon.colcon_core.package_identification:_identify(.) by extension 'ignore_ament_install'
[0.402s] Level 1:colcon.colcon_core.package_identification:_identify(.) by extensions ['colcon_pkg']
[0.402s] Level 1:colcon.colcon_core.package_identification:_identify(.) by extension 'colcon_pkg'
[0.402s] Level 1:colcon.colcon_core.package_identification:_identify(.) by extensions ['colcon_meta']
[0.402s] Level 1:colcon.colcon_core.package_identification:_identify(.) by extension 'colcon_meta'
[0.402s] Level 1:colcon.colcon_core.package_identification:_identify(.) by extensions ['ros']
[0.402s] Level 1:colcon.colcon_core.package_identification:_identify(.) by extension 'ros'
[0.469s] Level 1:colcon.colcon_core.package_identification:_identify(.) by extensions ['cmake', 'python']
[0.469s] Level 1:colcon.colcon_core.package_identification:_identify(.) by extension 'cmake'
[0.469s] Level 1:colcon.colcon_core.package_identification:_identify(.) by extension 'python'
[0.469s] Level 1:colcon.colcon_core.package_identification:_identify(.) by extensions ['python_setup_py']
[0.469s] Level 1:colcon.colcon_core.package_identification:_identify(.) by extension 'python_setup_py'
[0.470s] Level 1:colcon.colcon_core.package_identification:_identify(build) by extensions ['ignore', 'ignore_ament_install']
[0.470s] Level 1:colcon.colcon_core.package_identification:_identify(build) by extension 'ignore'
[0.470s] Level 1:colcon.colcon_core.package_identification:_identify(build) ignored
[0.471s] Level 1:colcon.colcon_core.package_identification:_identify(install) by extensions ['ignore', 'ignore_ament_install']
[0.471s] Level 1:colcon.colcon_core.package_identification:_identify(install) by extension 'ignore'
[0.471s] Level 1:colcon.colcon_core.package_identification:_identify(install) ignored
[0.472s] Level 1:colcon.colcon_core.package_identification:_identify(log) by extensions ['ignore', 'ignore_ament_install']
[0.472s] Level 1:colcon.colcon_core.package_identification:_identify(log) by extension 'ignore'
[0.472s] Level 1:colcon.colcon_core.package_identification:_identify(log) ignored
[0.472s] Level 1:colcon.colcon_core.package_identification:_identify(src) by extensions ['ignore', 'ignore_ament_install']
[0.473s] Level 1:colcon.colcon_core.package_identification:_identify(src) by extension 'ignore'
[0.473s] Level 1:colcon.colcon_core.package_identification:_identify(src) by extension 'ignore_ament_install'
[0.473s] Level 1:colcon.colcon_core.package_identification:_identify(src) by extensions ['colcon_pkg']
[0.473s] Level 1:colcon.colcon_core.package_identification:_identify(src) by extension 'colcon_pkg'
[0.473s] Level 1:colcon.colcon_core.package_identification:_identify(src) by extensions ['colcon_meta']
[0.473s] Level 1:colcon.colcon_core.package_identification:_identify(src) by extension 'colcon_meta'
[0.473s] Level 1:colcon.colcon_core.package_identification:_identify(src) by extensions ['ros']
[0.473s] Level 1:colcon.colcon_core.package_identification:_identify(src) by extension 'ros'
[0.473s] Level 1:colcon.colcon_core.package_identification:_identify(src) by extensions ['cmake', 'python']
[0.473s] Level 1:colcon.colcon_core.package_identification:_identify(src) by extension 'cmake'
[0.473s] Level 1:colcon.colcon_core.package_identification:_identify(src) by extension 'python'
[0.473s] Level 1:colcon.colcon_core.package_identification:_identify(src) by extensions ['python_setup_py']
[0.473s] Level 1:colcon.colcon_core.package_identification:_identify(src) by extension 'python_setup_py'
[0.474s] Level 1:colcon.colcon_core.package_identification:_identify(src/dingo) by extensions ['ignore', 'ignore_ament_install']
[0.474s] Level 1:colcon.colcon_core.package_identification:_identify(src/dingo) by extension 'ignore'
[0.474s] Level 1:colcon.colcon_core.package_identification:_identify(src/dingo) by extension 'ignore_ament_install'
[0.474s] Level 1:colcon.colcon_core.package_identification:_identify(src/dingo) by extensions ['colcon_pkg']
[0.474s] Level 1:colcon.colcon_core.package_identification:_identify(src/dingo) by extension 'colcon_pkg'
[0.474s] Level 1:colcon.colcon_core.package_identification:_identify(src/dingo) by extensions ['colcon_meta']
[0.474s] Level 1:colcon.colcon_core.package_identification:_identify(src/dingo) by extension 'colcon_meta'
[0.474s] Level 1:colcon.colcon_core.package_identification:_identify(src/dingo) by extensions ['ros']
[0.474s] Level 1:colcon.colcon_core.package_identification:_identify(src/dingo) by extension 'ros'
[0.481s] DEBUG:colcon.colcon_core.package_identification:Package 'src/dingo' with type 'ros.ament_python' and name 'dingo'
[0.482s] Level 1:colcon.colcon_core.package_identification:_identify(src/dingo_control) by extensions ['ignore', 'ignore_ament_install']
[0.482s] Level 1:colcon.colcon_core.package_identification:_identify(src/dingo_control) by extension 'ignore'
[0.482s] Level 1:colcon.colcon_core.package_identification:_identify(src/dingo_control) by extension 'ignore_ament_install'
[0.482s] Level 1:colcon.colcon_core.package_identification:_identify(src/dingo_control) by extensions ['colcon_pkg']
[0.482s] Level 1:colcon.colcon_core.package_identification:_identify(src/dingo_control) by extension 'colcon_pkg'
[0.482s] Level 1:colcon.colcon_core.package_identification:_identify(src/dingo_control) by extensions ['colcon_meta']
[0.482s] Level 1:colcon.colcon_core.package_identification:_identify(src/dingo_control) by extension 'colcon_meta'
[0.483s] Level 1:colcon.colcon_core.package_identification:_identify(src/dingo_control) by extensions ['ros']
[0.483s] Level 1:colcon.colcon_core.package_identification:_identify(src/dingo_control) by extension 'ros'
[0.485s] DEBUG:colcon.colcon_core.package_identification:Package 'src/dingo_control' with type 'ros.ament_python' and name 'dingo_control'
[0.485s] Level 1:colcon.colcon_core.package_identification:_identify(src/dingo_description) by extensions ['ignore', 'ignore_ament_install']
[0.485s] Level 1:colcon.colcon_core.package_identification:_identify(src/dingo_description) by extension 'ignore'
[0.485s] Level 1:colcon.colcon_core.package_identification:_identify(src/dingo_description) by extension 'ignore_ament_install'
[0.485s] Level 1:colcon.colcon_core.package_identification:_identify(src/dingo_description) by extensions ['colcon_pkg']
[0.485s] Level 1:colcon.colcon_core.package_identification:_identify(src/dingo_description) by extension 'colcon_pkg'
[0.485s] Level 1:colcon.colcon_core.package_identification:_identify(src/dingo_description) by extensions ['colcon_meta']
[0.485s] Level 1:colcon.colcon_core.package_identification:_identify(src/dingo_description) by extension 'colcon_meta'
[0.485s] Level 1:colcon.colcon_core.package_identification:_identify(src/dingo_description) by extensions ['ros']
[0.485s] Level 1:colcon.colcon_core.package_identification:_identify(src/dingo_description) by extension 'ros'
[0.486s] DEBUG:colcon.colcon_core.package_identification:Package 'src/dingo_description' with type 'ros.ament_python' and name 'dingo_description'
[0.486s] Level 1:colcon.colcon_core.package_identification:_identify(src/dingo_gazebo) by extensions ['ignore', 'ignore_ament_install']
[0.487s] Level 1:colcon.colcon_core.package_identification:_identify(src/dingo_gazebo) by extension 'ignore'
[0.487s] Level 1:colcon.colcon_core.package_identification:_identify(src/dingo_gazebo) by extension 'ignore_ament_install'
[0.487s] Level 1:colcon.colcon_core.package_identification:_identify(src/dingo_gazebo) by extensions ['colcon_pkg']
[0.487s] Level 1:colcon.colcon_core.package_identification:_identify(src/dingo_gazebo) by extension 'colcon_pkg'
[0.487s] Level 1:colcon.colcon_core.package_identification:_identify(src/dingo_gazebo) by extensions ['colcon_meta']
[0.487s] Level 1:colcon.colcon_core.package_identification:_identify(src/dingo_gazebo) by extension 'colcon_meta'
[0.487s] Level 1:colcon.colcon_core.package_identification:_identify(src/dingo_gazebo) by extensions ['ros']
[0.487s] Level 1:colcon.colcon_core.package_identification:_identify(src/dingo_gazebo) by extension 'ros'
[0.488s] DEBUG:colcon.colcon_core.package_identification:Package 'src/dingo_gazebo' with type 'ros.ament_python' and name 'dingo_gazebo'
[0.489s] Level 1:colcon.colcon_core.package_identification:_identify(src/dingo_input_interfacing) by extensions ['ignore', 'ignore_ament_install']
[0.490s] Level 1:colcon.colcon_core.package_identification:_identify(src/dingo_input_interfacing) by extension 'ignore'
[0.490s] Level 1:colcon.colcon_core.package_identification:_identify(src/dingo_input_interfacing) by extension 'ignore_ament_install'
[0.490s] Level 1:colcon.colcon_core.package_identification:_identify(src/dingo_input_interfacing) by extensions ['colcon_pkg']
[0.490s] Level 1:colcon.colcon_core.package_identification:_identify(src/dingo_input_interfacing) by extension 'colcon_pkg'
[0.490s] Level 1:colcon.colcon_core.package_identification:_identify(src/dingo_input_interfacing) by extensions ['colcon_meta']
[0.491s] Level 1:colcon.colcon_core.package_identification:_identify(src/dingo_input_interfacing) by extension 'colcon_meta'
[0.491s] Level 1:colcon.colcon_core.package_identification:_identify(src/dingo_input_interfacing) by extensions ['ros']
[0.491s] Level 1:colcon.colcon_core.package_identification:_identify(src/dingo_input_interfacing) by extension 'ros'
[0.492s] DEBUG:colcon.colcon_core.package_identification:Package 'src/dingo_input_interfacing' with type 'ros.ament_python' and name 'dingo_input_interfacing'
[0.492s] Level 1:colcon.colcon_core.package_identification:_identify(src/dingo_msgs) by extensions ['ignore', 'ignore_ament_install']
[0.492s] Level 1:colcon.colcon_core.package_identification:_identify(src/dingo_msgs) by extension 'ignore'
[0.493s] Level 1:colcon.colcon_core.package_identification:_identify(src/dingo_msgs) by extension 'ignore_ament_install'
[0.493s] Level 1:colcon.colcon_core.package_identification:_identify(src/dingo_msgs) by extensions ['colcon_pkg']
[0.493s] Level 1:colcon.colcon_core.package_identification:_identify(src/dingo_msgs) by extension 'colcon_pkg'
[0.493s] Level 1:colcon.colcon_core.package_identification:_identify(src/dingo_msgs) by extensions ['colcon_meta']
[0.493s] Level 1:colcon.colcon_core.package_identification:_identify(src/dingo_msgs) by extension 'colcon_meta'
[0.493s] Level 1:colcon.colcon_core.package_identification:_identify(src/dingo_msgs) by extensions ['ros']
[0.493s] Level 1:colcon.colcon_core.package_identification:_identify(src/dingo_msgs) by extension 'ros'
[0.495s] DEBUG:colcon.colcon_core.package_identification:Package 'src/dingo_msgs' with type 'ros.ament_cmake' and name 'dingo_msgs'
[0.495s] Level 1:colcon.colcon_core.package_identification:_identify(src/dingo_peripheral_interfacing) by extensions ['ignore', 'ignore_ament_install']
[0.496s] Level 1:colcon.colcon_core.package_identification:_identify(src/dingo_peripheral_interfacing) by extension 'ignore'
[0.496s] Level 1:colcon.colcon_core.package_identification:_identify(src/dingo_peripheral_interfacing) by extension 'ignore_ament_install'
[0.496s] Level 1:colcon.colcon_core.package_identification:_identify(src/dingo_peripheral_interfacing) by extensions ['colcon_pkg']
[0.496s] Level 1:colcon.colcon_core.package_identification:_identify(src/dingo_peripheral_interfacing) by extension 'colcon_pkg'
[0.496s] Level 1:colcon.colcon_core.package_identification:_identify(src/dingo_peripheral_interfacing) by extensions ['colcon_meta']
[0.496s] Level 1:colcon.colcon_core.package_identification:_identify(src/dingo_peripheral_interfacing) by extension 'colcon_meta'
[0.496s] Level 1:colcon.colcon_core.package_identification:_identify(src/dingo_peripheral_interfacing) by extensions ['ros']
[0.496s] Level 1:colcon.colcon_core.package_identification:_identify(src/dingo_peripheral_interfacing) by extension 'ros'
[0.498s] DEBUG:colcon.colcon_core.package_identification:Package 'src/dingo_peripheral_interfacing' with type 'ros.ament_python' and name 'dingo_peripheral_interfacing'
[0.498s] Level 1:colcon.colcon_core.package_identification:_identify(src/dingo_servo_interfacing) by extensions ['ignore', 'ignore_ament_install']
[0.498s] Level 1:colcon.colcon_core.package_identification:_identify(src/dingo_servo_interfacing) by extension 'ignore'
[0.498s] Level 1:colcon.colcon_core.package_identification:_identify(src/dingo_servo_interfacing) by extension 'ignore_ament_install'
[0.499s] Level 1:colcon.colcon_core.package_identification:_identify(src/dingo_servo_interfacing) by extensions ['colcon_pkg']
[0.499s] Level 1:colcon.colcon_core.package_identification:_identify(src/dingo_servo_interfacing) by extension 'colcon_pkg'
[0.499s] Level 1:colcon.colcon_core.package_identification:_identify(src/dingo_servo_interfacing) by extensions ['colcon_meta']
[0.499s] Level 1:colcon.colcon_core.package_identification:_identify(src/dingo_servo_interfacing) by extension 'colcon_meta'
[0.499s] Level 1:colcon.colcon_core.package_identification:_identify(src/dingo_servo_interfacing) by extensions ['ros']
[0.499s] Level 1:colcon.colcon_core.package_identification:_identify(src/dingo_servo_interfacing) by extension 'ros'
[0.501s] DEBUG:colcon.colcon_core.package_identification:Package 'src/dingo_servo_interfacing' with type 'ros.ament_python' and name 'dingo_servo_interfacing'
[0.501s] Level 1:colcon.colcon_core.package_identification:_identify(src/dingo_utilities) by extensions ['ignore', 'ignore_ament_install']
[0.502s] Level 1:colcon.colcon_core.package_identification:_identify(src/dingo_utilities) by extension 'ignore'
[0.502s] Level 1:colcon.colcon_core.package_identification:_identify(src/dingo_utilities) by extension 'ignore_ament_install'
[0.502s] Level 1:colcon.colcon_core.package_identification:_identify(src/dingo_utilities) by extensions ['colcon_pkg']
[0.502s] Level 1:colcon.colcon_core.package_identification:_identify(src/dingo_utilities) by extension 'colcon_pkg'
[0.502s] Level 1:colcon.colcon_core.package_identification:_identify(src/dingo_utilities) by extensions ['colcon_meta']
[0.502s] Level 1:colcon.colcon_core.package_identification:_identify(src/dingo_utilities) by extension 'colcon_meta'
[0.502s] Level 1:colcon.colcon_core.package_identification:_identify(src/dingo_utilities) by extensions ['ros']
[0.503s] Level 1:colcon.colcon_core.package_identification:_identify(src/dingo_utilities) by extension 'ros'
[0.504s] DEBUG:colcon.colcon_core.package_identification:Package 'src/dingo_utilities' with type 'ros.ament_python' and name 'dingo_utilities'
[0.504s] Level 1:colcon.colcon_core.package_discovery:discover_packages(recursive) using defaults
[0.504s] Level 1:colcon.colcon_core.package_discovery:discover_packages(ignore) discover
[0.505s] Level 1:colcon.colcon_core.package_discovery:discover_packages(ignore) using defaults
[0.505s] Level 1:colcon.colcon_core.package_discovery:discover_packages(path) discover
[0.505s] Level 1:colcon.colcon_core.package_discovery:discover_packages(path) using defaults
[0.552s] Level 1:colcon.colcon_core.package_discovery:discover_packages(prefix_path) check parameters
[0.552s] Level 1:colcon.colcon_core.package_discovery:discover_packages(prefix_path) discover
[0.554s] WARNING:colcon.colcon_core.prefix_path.colcon:The path '/home/robogames/Dog/dingo_ws/install' in the environment variable COLCON_PREFIX_PATH doesn't exist
[0.555s] WARNING:colcon.colcon_ros.prefix_path.ament:The path '/home/robogames/Dog/dingo_ws/install/dingo_utilities' in the environment variable AMENT_PREFIX_PATH doesn't exist
[0.556s] WARNING:colcon.colcon_ros.prefix_path.ament:The path '/home/robogames/Dog/dingo_ws/install/dingo_servo_interfacing' in the environment variable AMENT_PREFIX_PATH doesn't exist
[0.557s] WARNING:colcon.colcon_ros.prefix_path.ament:The path '/home/robogames/Dog/dingo_ws/install/dingo_peripheral_interfacing' in the environment variable AMENT_PREFIX_PATH doesn't exist
[0.557s] WARNING:colcon.colcon_ros.prefix_path.ament:The path '/home/robogames/Dog/dingo_ws/install/dingo_msgs' in the environment variable AMENT_PREFIX_PATH doesn't exist
[0.558s] WARNING:colcon.colcon_ros.prefix_path.ament:The path '/home/robogames/Dog/dingo_ws/install/dingo_input_interfacing' in the environment variable AMENT_PREFIX_PATH doesn't exist
[0.558s] WARNING:colcon.colcon_ros.prefix_path.ament:The path '/home/robogames/Dog/dingo_ws/install/dingo_gazebo' in the environment variable AMENT_PREFIX_PATH doesn't exist
[0.558s] WARNING:colcon.colcon_ros.prefix_path.ament:The path '/home/robogames/Dog/dingo_ws/install/dingo_description' in the environment variable AMENT_PREFIX_PATH doesn't exist
[0.558s] WARNING:colcon.colcon_ros.prefix_path.ament:The path '/home/robogames/Dog/dingo_ws/install/dingo_control' in the environment variable AMENT_PREFIX_PATH doesn't exist
[0.558s] WARNING:colcon.colcon_ros.prefix_path.ament:The path '/home/robogames/Dog/dingo_ws/install/dingo' in the environment variable AMENT_PREFIX_PATH doesn't exist
[0.560s] WARNING:colcon.colcon_ros.prefix_path.catkin:The path '/home/robogames/Dog/dingo_ws/install/dingo_msgs' in the environment variable CMAKE_PREFIX_PATH doesn't exist
[0.565s] DEBUG:colcon.colcon_installed_package_information.package_discovery:Found 9 installed packages in /home/robogames/Desktop/Dog/dingo_ws/install
[0.568s] DEBUG:colcon.colcon_installed_package_information.package_discovery:Found 5 installed packages in /home/robogames/vt-cro/robogames_pi/car_robot_ws/install
[0.572s] DEBUG:colcon.colcon_installed_package_information.package_discovery:Found 492 installed packages in /opt/ros/jazzy
[0.574s] Level 1:colcon.colcon_core.package_discovery:discover_packages(prefix_path) using defaults
[0.771s] Level 5:colcon.colcon_core.verb:set package 'dingo' build argument 'cmake_args' from command line to 'None'
[0.771s] Level 5:colcon.colcon_core.verb:set package 'dingo' build argument 'cmake_target' from command line to 'None'
[0.771s] Level 5:colcon.colcon_core.verb:set package 'dingo' build argument 'cmake_target_skip_unavailable' from command line to 'False'
[0.771s] Level 5:colcon.colcon_core.verb:set package 'dingo' build argument 'cmake_clean_cache' from command line to 'False'
[0.771s] Level 5:colcon.colcon_core.verb:set package 'dingo' build argument 'cmake_clean_first' from command line to 'False'
[0.771s] Level 5:colcon.colcon_core.verb:set package 'dingo' build argument 'cmake_force_configure' from command line to 'False'
[0.771s] Level 5:colcon.colcon_core.verb:set package 'dingo' build argument 'ament_cmake_args' from command line to 'None'
[0.771s] Level 5:colcon.colcon_core.verb:set package 'dingo' build argument 'catkin_cmake_args' from command line to 'None'
[0.771s] Level 5:colcon.colcon_core.verb:set package 'dingo' build argument 'catkin_skip_building_tests' from command line to 'False'
[0.771s] DEBUG:colcon.colcon_core.verb:Building package 'dingo' with the following arguments: {'ament_cmake_args': None, 'build_base': '/home/robogames/Desktop/Dog/dingo_ws/build/dingo', 'catkin_cmake_args': None, 'catkin_skip_building_tests': False, 'cmake_args': None, 'cmake_clean_cache': False, 'cmake_clean_first': False, 'cmake_force_configure': False, 'cmake_target': None, 'cmake_target_skip_unavailable': False, 'install_base': '/home/robogames/Desktop/Dog/dingo_ws/install/dingo', 'merge_install': False, 'path': '/home/robogames/Desktop/Dog/dingo_ws/src/dingo', 'symlink_install': False, 'test_result_base': None}
[0.772s] Level 5:colcon.colcon_core.verb:set package 'dingo_control' build argument 'cmake_args' from command line to 'None'
[0.772s] Level 5:colcon.colcon_core.verb:set package 'dingo_control' build argument 'cmake_target' from command line to 'None'
[0.772s] Level 5:colcon.colcon_core.verb:set package 'dingo_control' build argument 'cmake_target_skip_unavailable' from command line to 'False'
[0.772s] Level 5:colcon.colcon_core.verb:set package 'dingo_control' build argument 'cmake_clean_cache' from command line to 'False'
[0.772s] Level 5:colcon.colcon_core.verb:set package 'dingo_control' build argument 'cmake_clean_first' from command line to 'False'
[0.772s] Level 5:colcon.colcon_core.verb:set package 'dingo_control' build argument 'cmake_force_configure' from command line to 'False'
[0.772s] Level 5:colcon.colcon_core.verb:set package 'dingo_control' build argument 'ament_cmake_args' from command line to 'None'
[0.772s] Level 5:colcon.colcon_core.verb:set package 'dingo_control' build argument 'catkin_cmake_args' from command line to 'None'
[0.772s] Level 5:colcon.colcon_core.verb:set package 'dingo_control' build argument 'catkin_skip_building_tests' from command line to 'False'
[0.773s] DEBUG:colcon.colcon_core.verb:Building package 'dingo_control' with the following arguments: {'ament_cmake_args': None, 'build_base': '/home/robogames/Desktop/Dog/dingo_ws/build/dingo_control', 'catkin_cmake_args': None, 'catkin_skip_building_tests': False, 'cmake_args': None, 'cmake_clean_cache': False, 'cmake_clean_first': False, 'cmake_force_configure': False, 'cmake_target': None, 'cmake_target_skip_unavailable': False, 'install_base': '/home/robogames/Desktop/Dog/dingo_ws/install/dingo_control', 'merge_install': False, 'path': '/home/robogames/Desktop/Dog/dingo_ws/src/dingo_control', 'symlink_install': False, 'test_result_base': None}
[0.773s] Level 5:colcon.colcon_core.verb:set package 'dingo_description' build argument 'cmake_args' from command line to 'None'
[0.773s] Level 5:colcon.colcon_core.verb:set package 'dingo_description' build argument 'cmake_target' from command line to 'None'
[0.773s] Level 5:colcon.colcon_core.verb:set package 'dingo_description' build argument 'cmake_target_skip_unavailable' from command line to 'False'
[0.773s] Level 5:colcon.colcon_core.verb:set package 'dingo_description' build argument 'cmake_clean_cache' from command line to 'False'
[0.773s] Level 5:colcon.colcon_core.verb:set package 'dingo_description' build argument 'cmake_clean_first' from command line to 'False'
[0.773s] Level 5:colcon.colcon_core.verb:set package 'dingo_description' build argument 'cmake_force_configure' from command line to 'False'
[0.773s] Level 5:colcon.colcon_core.verb:set package 'dingo_description' build argument 'ament_cmake_args' from command line to 'None'
[0.774s] Level 5:colcon.colcon_core.verb:set package 'dingo_description' build argument 'catkin_cmake_args' from command line to 'None'
[0.774s] Level 5:colcon.colcon_core.verb:set package 'dingo_description' build argument 'catkin_skip_building_tests' from command line to 'False'
[0.774s] DEBUG:colcon.colcon_core.verb:Building package 'dingo_description' with the following arguments: {'ament_cmake_args': None, 'build_base': '/home/robogames/Desktop/Dog/dingo_ws/build/dingo_description', 'catkin_cmake_args': None, 'catkin_skip_building_tests': False, 'cmake_args': None, 'cmake_clean_cache': False, 'cmake_clean_first': False, 'cmake_force_configure': False, 'cmake_target': None, 'cmake_target_skip_unavailable': False, 'install_base': '/home/robogames/Desktop/Dog/dingo_ws/install/dingo_description', 'merge_install': False, 'path': '/home/robogames/Desktop/Dog/dingo_ws/src/dingo_description', 'symlink_install': False, 'test_result_base': None}
[0.774s] Level 5:colcon.colcon_core.verb:set package 'dingo_gazebo' build argument 'cmake_args' from command line to 'None'
[0.774s] Level 5:colcon.colcon_core.verb:set package 'dingo_gazebo' build argument 'cmake_target' from command line to 'None'
[0.774s] Level 5:colcon.colcon_core.verb:set package 'dingo_gazebo' build argument 'cmake_target_skip_unavailable' from command line to 'False'
[0.774s] Level 5:colcon.colcon_core.verb:set package 'dingo_gazebo' build argument 'cmake_clean_cache' from command line to 'False'
[0.774s] Level 5:colcon.colcon_core.verb:set package 'dingo_gazebo' build argument 'cmake_clean_first' from command line to 'False'
[0.774s] Level 5:colcon.colcon_core.verb:set package 'dingo_gazebo' build argument 'cmake_force_configure' from command line to 'False'
[0.774s] Level 5:colcon.colcon_core.verb:set package 'dingo_gazebo' build argument 'ament_cmake_args' from command line to 'None'
[0.774s] Level 5:colcon.colcon_core.verb:set package 'dingo_gazebo' build argument 'catkin_cmake_args' from command line to 'None'
[0.774s] Level 5:colcon.colcon_core.verb:set package 'dingo_gazebo' build argument 'catkin_skip_building_tests' from command line to 'False'
[0.774s] DEBUG:colcon.colcon_core.verb:Building package 'dingo_gazebo' with the following arguments: {'ament_cmake_args': None, 'build_base': '/home/robogames/Desktop/Dog/dingo_ws/build/dingo_gazebo', 'catkin_cmake_args': None, 'catkin_skip_building_tests': False, 'cmake_args': None, 'cmake_clean_cache': False, 'cmake_clean_first': False, 'cmake_force_configure': False, 'cmake_target': None, 'cmake_target_skip_unavailable': False, 'install_base': '/home/robogames/Desktop/Dog/dingo_ws/install/dingo_gazebo', 'merge_install': False, 'path': '/home/robogames/Desktop/Dog/dingo_ws/src/dingo_gazebo', 'symlink_install': False, 'test_result_base': None}
[0.775s] Level 5:colcon.colcon_core.verb:set package 'dingo_input_interfacing' build argument 'cmake_args' from command line to 'None'
[0.775s] Level 5:colcon.colcon_core.verb:set package 'dingo_input_interfacing' build argument 'cmake_target' from command line to 'None'
[0.775s] Level 5:colcon.colcon_core.verb:set package 'dingo_input_interfacing' build argument 'cmake_target_skip_unavailable' from command line to 'False'
[0.775s] Level 5:colcon.colcon_core.verb:set package 'dingo_input_interfacing' build argument 'cmake_clean_cache' from command line to 'False'
[0.775s] Level 5:colcon.colcon_core.verb:set package 'dingo_input_interfacing' build argument 'cmake_clean_first' from command line to 'False'
[0.775s] Level 5:colcon.colcon_core.verb:set package 'dingo_input_interfacing' build argument 'cmake_force_configure' from command line to 'False'
[0.775s] Level 5:colcon.colcon_core.verb:set package 'dingo_input_interfacing' build argument 'ament_cmake_args' from command line to 'None'
[0.775s] Level 5:colcon.colcon_core.verb:set package 'dingo_input_interfacing' build argument 'catkin_cmake_args' from command line to 'None'
[0.775s] Level 5:colcon.colcon_core.verb:set package 'dingo_input_interfacing' build argument 'catkin_skip_building_tests' from command line to 'False'
[0.775s] DEBUG:colcon.colcon_core.verb:Building package 'dingo_input_interfacing' with the following arguments: {'ament_cmake_args': None, 'build_base': '/home/robogames/Desktop/Dog/dingo_ws/build/dingo_input_interfacing', 'catkin_cmake_args': None, 'catkin_skip_building_tests': False, 'cmake_args': None, 'cmake_clean_cache': False, 'cmake_clean_first': False, 'cmake_force_configure': False, 'cmake_target': None, 'cmake_target_skip_unavailable': False, 'install_base': '/home/robogames/Desktop/Dog/dingo_ws/install/dingo_input_interfacing', 'merge_install': False, 'path': '/home/robogames/Desktop/Dog/dingo_ws/src/dingo_input_interfacing', 'symlink_install': False, 'test_result_base': None}
[0.776s] Level 5:colcon.colcon_core.verb:set package 'dingo_msgs' build argument 'cmake_args' from command line to 'None'
[0.776s] Level 5:colcon.colcon_core.verb:set package 'dingo_msgs' build argument 'cmake_target' from command line to 'None'
[0.776s] Level 5:colcon.colcon_core.verb:set package 'dingo_msgs' build argument 'cmake_target_skip_unavailable' from command line to 'False'
[0.776s] Level 5:colcon.colcon_core.verb:set package 'dingo_msgs' build argument 'cmake_clean_cache' from command line to 'False'
[0.776s] Level 5:colcon.colcon_core.verb:set package 'dingo_msgs' build argument 'cmake_clean_first' from command line to 'False'
[0.776s] Level 5:colcon.colcon_core.verb:set package 'dingo_msgs' build argument 'cmake_force_configure' from command line to 'False'
[0.776s] Level 5:colcon.colcon_core.verb:set package 'dingo_msgs' build argument 'ament_cmake_args' from command line to 'None'
[0.776s] Level 5:colcon.colcon_core.verb:set package 'dingo_msgs' build argument 'catkin_cmake_args' from command line to 'None'
[0.776s] Level 5:colcon.colcon_core.verb:set package 'dingo_msgs' build argument 'catkin_skip_building_tests' from command line to 'False'
[0.776s] DEBUG:colcon.colcon_core.verb:Building package 'dingo_msgs' with the following arguments: {'ament_cmake_args': None, 'build_base': '/home/robogames/Desktop/Dog/dingo_ws/build/dingo_msgs', 'catkin_cmake_args': None, 'catkin_skip_building_tests': False, 'cmake_args': None, 'cmake_clean_cache': False, 'cmake_clean_first': False, 'cmake_force_configure': False, 'cmake_target': None, 'cmake_target_skip_unavailable': False, 'install_base': '/home/robogames/Desktop/Dog/dingo_ws/install/dingo_msgs', 'merge_install': False, 'path': '/home/robogames/Desktop/Dog/dingo_ws/src/dingo_msgs', 'symlink_install': False, 'test_result_base': None}
[0.776s] Level 5:colcon.colcon_core.verb:set package 'dingo_peripheral_interfacing' build argument 'cmake_args' from command line to 'None'
[0.776s] Level 5:colcon.colcon_core.verb:set package 'dingo_peripheral_interfacing' build argument 'cmake_target' from command line to 'None'
[0.776s] Level 5:colcon.colcon_core.verb:set package 'dingo_peripheral_interfacing' build argument 'cmake_target_skip_unavailable' from command line to 'False'
[0.776s] Level 5:colcon.colcon_core.verb:set package 'dingo_peripheral_interfacing' build argument 'cmake_clean_cache' from command line to 'False'
[0.776s] Level 5:colcon.colcon_core.verb:set package 'dingo_peripheral_interfacing' build argument 'cmake_clean_first' from command line to 'False'
[0.776s] Level 5:colcon.colcon_core.verb:set package 'dingo_peripheral_interfacing' build argument 'cmake_force_configure' from command line to 'False'
[0.777s] Level 5:colcon.colcon_core.verb:set package 'dingo_peripheral_interfacing' build argument 'ament_cmake_args' from command line to 'None'
[0.777s] Level 5:colcon.colcon_core.verb:set package 'dingo_peripheral_interfacing' build argument 'catkin_cmake_args' from command line to 'None'
[0.777s] Level 5:colcon.colcon_core.verb:set package 'dingo_peripheral_interfacing' build argument 'catkin_skip_building_tests' from command line to 'False'
[0.777s] DEBUG:colcon.colcon_core.verb:Building package 'dingo_peripheral_interfacing' with the following arguments: {'ament_cmake_args': None, 'build_base': '/home/robogames/Desktop/Dog/dingo_ws/build/dingo_peripheral_interfacing', 'catkin_cmake_args': None, 'catkin_skip_building_tests': False, 'cmake_args': None, 'cmake_clean_cache': False, 'cmake_clean_first': False, 'cmake_force_configure': False, 'cmake_target': None, 'cmake_target_skip_unavailable': False, 'install_base': '/home/robogames/Desktop/Dog/dingo_ws/install/dingo_peripheral_interfacing', 'merge_install': False, 'path': '/home/robogames/Desktop/Dog/dingo_ws/src/dingo_peripheral_interfacing', 'symlink_install': False, 'test_result_base': None}
[0.777s] Level 5:colcon.colcon_core.verb:set package 'dingo_servo_interfacing' build argument 'cmake_args' from command line to 'None'
[0.777s] Level 5:colcon.colcon_core.verb:set package 'dingo_servo_interfacing' build argument 'cmake_target' from command line to 'None'
[0.777s] Level 5:colcon.colcon_core.verb:set package 'dingo_servo_interfacing' build argument 'cmake_target_skip_unavailable' from command line to 'False'
[0.777s] Level 5:colcon.colcon_core.verb:set package 'dingo_servo_interfacing' build argument 'cmake_clean_cache' from command line to 'False'
[0.777s] Level 5:colcon.colcon_core.verb:set package 'dingo_servo_interfacing' build argument 'cmake_clean_first' from command line to 'False'
[0.777s] Level 5:colcon.colcon_core.verb:set package 'dingo_servo_interfacing' build argument 'cmake_force_configure' from command line to 'False'
[0.777s] Level 5:colcon.colcon_core.verb:set package 'dingo_servo_interfacing' build argument 'ament_cmake_args' from command line to 'None'
[0.777s] Level 5:colcon.colcon_core.verb:set package 'dingo_servo_interfacing' build argument 'catkin_cmake_args' from command line to 'None'
[0.777s] Level 5:colcon.colcon_core.verb:set package 'dingo_servo_interfacing' build argument 'catkin_skip_building_tests' from command line to 'False'
[0.778s] DEBUG:colcon.colcon_core.verb:Building package 'dingo_servo_interfacing' with the following arguments: {'ament_cmake_args': None, 'build_base': '/home/robogames/Desktop/Dog/dingo_ws/build/dingo_servo_interfacing', 'catkin_cmake_args': None, 'catkin_skip_building_tests': False, 'cmake_args': None, 'cmake_clean_cache': False, 'cmake_clean_first': False, 'cmake_force_configure': False, 'cmake_target': None, 'cmake_target_skip_unavailable': False, 'install_base': '/home/robogames/Desktop/Dog/dingo_ws/install/dingo_servo_interfacing', 'merge_install': False, 'path': '/home/robogames/Desktop/Dog/dingo_ws/src/dingo_servo_interfacing', 'symlink_install': False, 'test_result_base': None}
[0.778s] Level 5:colcon.colcon_core.verb:set package 'dingo_utilities' build argument 'cmake_args' from command line to 'None'
[0.778s] Level 5:colcon.colcon_core.verb:set package 'dingo_utilities' build argument 'cmake_target' from command line to 'None'
[0.778s] Level 5:colcon.colcon_core.verb:set package 'dingo_utilities' build argument 'cmake_target_skip_unavailable' from command line to 'False'
[0.778s] Level 5:colcon.colcon_core.verb:set package 'dingo_utilities' build argument 'cmake_clean_cache' from command line to 'False'
[0.778s] Level 5:colcon.colcon_core.verb:set package 'dingo_utilities' build argument 'cmake_clean_first' from command line to 'False'
[0.778s] Level 5:colcon.colcon_core.verb:set package 'dingo_utilities' build argument 'cmake_force_configure' from command line to 'False'
[0.778s] Level 5:colcon.colcon_core.verb:set package 'dingo_utilities' build argument 'ament_cmake_args' from command line to 'None'
[0.778s] Level 5:colcon.colcon_core.verb:set package 'dingo_utilities' build argument 'catkin_cmake_args' from command line to 'None'
[0.778s] Level 5:colcon.colcon_core.verb:set package 'dingo_utilities' build argument 'catkin_skip_building_tests' from command line to 'False'
[0.778s] DEBUG:colcon.colcon_core.verb:Building package 'dingo_utilities' with the following arguments: {'ament_cmake_args': None, 'build_base': '/home/robogames/Desktop/Dog/dingo_ws/build/dingo_utilities', 'catkin_cmake_args': None, 'catkin_skip_building_tests': False, 'cmake_args': None, 'cmake_clean_cache': False, 'cmake_clean_first': False, 'cmake_force_configure': False, 'cmake_target': None, 'cmake_target_skip_unavailable': False, 'install_base': '/home/robogames/Desktop/Dog/dingo_ws/install/dingo_utilities', 'merge_install': False, 'path': '/home/robogames/Desktop/Dog/dingo_ws/src/dingo_utilities', 'symlink_install': False, 'test_result_base': None}
[0.779s] INFO:colcon.colcon_core.executor:Executing jobs using 'parallel' executor
[0.782s] DEBUG:colcon.colcon_parallel_executor.executor.parallel:run_until_complete
[0.784s] INFO:colcon.colcon_ros.task.ament_python.build:Building ROS package in '/home/robogames/Desktop/Dog/dingo_ws/src/dingo' with build type 'ament_python'
[0.785s] Level 1:colcon.colcon_core.shell:create_environment_hook('dingo', 'ament_prefix_path')
[0.794s] INFO:colcon.colcon_core.plugin_system:Skipping extension 'colcon_core.shell.bat': Not used on non-Windows systems
[0.795s] INFO:colcon.colcon_core.shell:Creating environment hook '/home/robogames/Desktop/Dog/dingo_ws/install/dingo/share/dingo/hook/ament_prefix_path.ps1'
[0.797s] INFO:colcon.colcon_core.shell:Creating environment descriptor '/home/robogames/Desktop/Dog/dingo_ws/install/dingo/share/dingo/hook/ament_prefix_path.dsv'
[0.799s] INFO:colcon.colcon_core.shell:Creating environment hook '/home/robogames/Desktop/Dog/dingo_ws/install/dingo/share/dingo/hook/ament_prefix_path.sh'
[0.800s] INFO:colcon.colcon_core.shell:Skip shell extension 'powershell' for command environment: Not usable outside of PowerShell
[0.800s] DEBUG:colcon.colcon_core.shell:Skip shell extension 'dsv' for command environment
[0.810s] INFO:colcon.colcon_ros.task.ament_python.build:Building ROS package in '/home/robogames/Desktop/Dog/dingo_ws/src/dingo_control' with build type 'ament_python'
[0.811s] Level 1:colcon.colcon_core.shell:create_environment_hook('dingo_control', 'ament_prefix_path')
[0.813s] INFO:colcon.colcon_core.shell:Creating environment hook '/home/robogames/Desktop/Dog/dingo_ws/install/dingo_control/share/dingo_control/hook/ament_prefix_path.ps1'
[0.819s] INFO:colcon.colcon_core.shell:Creating environment descriptor '/home/robogames/Desktop/Dog/dingo_ws/install/dingo_control/share/dingo_control/hook/ament_prefix_path.dsv'
[0.822s] INFO:colcon.colcon_core.shell:Creating environment hook '/home/robogames/Desktop/Dog/dingo_ws/install/dingo_control/share/dingo_control/hook/ament_prefix_path.sh'
[0.823s] INFO:colcon.colcon_core.shell:Skip shell extension 'powershell' for command environment: Not usable outside of PowerShell
[0.824s] DEBUG:colcon.colcon_core.shell:Skip shell extension 'dsv' for command environment
[0.834s] INFO:colcon.colcon_ros.task.ament_python.build:Building ROS package in '/home/robogames/Desktop/Dog/dingo_ws/src/dingo_description' with build type 'ament_python'
[0.836s] Level 1:colcon.colcon_core.shell:create_environment_hook('dingo_description', 'ament_prefix_path')
[0.837s] INFO:colcon.colcon_core.shell:Creating environment hook '/home/robogames/Desktop/Dog/dingo_ws/install/dingo_description/share/dingo_description/hook/ament_prefix_path.ps1'
[0.840s] INFO:colcon.colcon_core.shell:Creating environment descriptor '/home/robogames/Desktop/Dog/dingo_ws/install/dingo_description/share/dingo_description/hook/ament_prefix_path.dsv'
[0.841s] INFO:colcon.colcon_core.shell:Creating environment hook '/home/robogames/Desktop/Dog/dingo_ws/install/dingo_description/share/dingo_description/hook/ament_prefix_path.sh'
[0.844s] INFO:colcon.colcon_core.shell:Skip shell extension 'powershell' for command environment: Not usable outside of PowerShell
[0.844s] DEBUG:colcon.colcon_core.shell:Skip shell extension 'dsv' for command environment
[0.859s] INFO:colcon.colcon_ros.task.ament_python.build:Building ROS package in '/home/robogames/Desktop/Dog/dingo_ws/src/dingo_gazebo' with build type 'ament_python'
[0.860s] Level 1:colcon.colcon_core.shell:create_environment_hook('dingo_gazebo', 'ament_prefix_path')
[0.861s] INFO:colcon.colcon_core.shell:Creating environment hook '/home/robogames/Desktop/Dog/dingo_ws/install/dingo_gazebo/share/dingo_gazebo/hook/ament_prefix_path.ps1'
[0.864s] INFO:colcon.colcon_core.shell:Creating environment descriptor '/home/robogames/Desktop/Dog/dingo_ws/install/dingo_gazebo/share/dingo_gazebo/hook/ament_prefix_path.dsv'
[0.867s] INFO:colcon.colcon_core.shell:Creating environment hook '/home/robogames/Desktop/Dog/dingo_ws/install/dingo_gazebo/share/dingo_gazebo/hook/ament_prefix_path.sh'
[0.869s] INFO:colcon.colcon_core.shell:Skip shell extension 'powershell' for command environment: Not usable outside of PowerShell
[0.869s] DEBUG:colcon.colcon_core.shell:Skip shell extension 'dsv' for command environment
[1.544s] INFO:colcon.colcon_core.task.python.build:Building Python package in '/home/robogames/Desktop/Dog/dingo_ws/src/dingo'
[1.544s] INFO:colcon.colcon_core.shell:Skip shell extension 'powershell' for command environment: Not usable outside of PowerShell
[1.544s] DEBUG:colcon.colcon_core.shell:Skip shell extension 'dsv' for command environment
[2.216s] INFO:colcon.colcon_core.task.python.build:Building Python package in '/home/robogames/Desktop/Dog/dingo_ws/src/dingo_control'
[2.217s] INFO:colcon.colcon_core.shell:Skip shell extension 'powershell' for command environment: Not usable outside of PowerShell
[2.217s] DEBUG:colcon.colcon_core.shell:Skip shell extension 'dsv' for command environment
[3.012s] INFO:colcon.colcon_core.task.python.build:Building Python package in '/home/robogames/Desktop/Dog/dingo_ws/src/dingo_description'
[3.012s] INFO:colcon.colcon_core.shell:Skip shell extension 'powershell' for command environment: Not usable outside of PowerShell
[3.012s] DEBUG:colcon.colcon_core.shell:Skip shell extension 'dsv' for command environment
[3.807s] INFO:colcon.colcon_core.task.python.build:Building Python package in '/home/robogames/Desktop/Dog/dingo_ws/src/dingo_gazebo'
[3.808s] INFO:colcon.colcon_core.shell:Skip shell extension 'powershell' for command environment: Not usable outside of PowerShell
[3.808s] DEBUG:colcon.colcon_core.shell:Skip shell extension 'dsv' for command environment
[6.496s] DEBUG:colcon.colcon_core.event_handler.log_command:Invoking command in '/home/robogames/Desktop/Dog/dingo_ws/src/dingo_gazebo': DEBUGINFOD_URLS=https://debuginfod.ubuntu.com PS1=(ros2_python_venv) \[\e]0;\u@\h: \w\a\]${debian_chroot:+($debian_chroot)}\[\033[01;32m\]\u@\h\[\033[00m\]:\[\033[01;34m\]\w\[\033[00m\]\$ PYTHONPATH=/home/robogames/Desktop/Dog/dingo_ws/build/dingo_gazebo/prefix_override:/usr/lib/python3/dist-packages/colcon_core/task/python/colcon_distutils_commands:/home/robogames/Desktop/Dog/dingo_ws/install/dingo_gazebo/lib/python3.12/site-packages:${PYTHONPATH} VIRTUAL_ENV_PROMPT=(ros2_python_venv) /usr/bin/python3 -W ignore:setup.py install is deprecated -W ignore:easy_install command is deprecated setup.py egg_info --egg-base ../../build/dingo_gazebo build --build-base /home/robogames/Desktop/Dog/dingo_ws/build/dingo_gazebo/build install --record /home/robogames/Desktop/Dog/dingo_ws/build/dingo_gazebo/install.log --single-version-externally-managed install_data
[6.759s] DEBUG:colcon.colcon_core.event_handler.log_command:Invoking command in '/home/robogames/Desktop/Dog/dingo_ws/src/dingo': DEBUGINFOD_URLS=https://debuginfod.ubuntu.com PS1=(ros2_python_venv) \[\e]0;\u@\h: \w\a\]${debian_chroot:+($debian_chroot)}\[\033[01;32m\]\u@\h\[\033[00m\]:\[\033[01;34m\]\w\[\033[00m\]\$ PYTHONPATH=/home/robogames/Desktop/Dog/dingo_ws/build/dingo/prefix_override:/usr/lib/python3/dist-packages/colcon_core/task/python/colcon_distutils_commands:/home/robogames/Desktop/Dog/dingo_ws/install/dingo/lib/python3.12/site-packages:${PYTHONPATH} VIRTUAL_ENV_PROMPT=(ros2_python_venv) /usr/bin/python3 -W ignore:setup.py install is deprecated -W ignore:easy_install command is deprecated setup.py egg_info --egg-base ../../build/dingo build --build-base /home/robogames/Desktop/Dog/dingo_ws/build/dingo/build install --record /home/robogames/Desktop/Dog/dingo_ws/build/dingo/install.log --single-version-externally-managed install_data
[6.980s] DEBUG:colcon.colcon_core.event_handler.log_command:Invoking command in '/home/robogames/Desktop/Dog/dingo_ws/src/dingo_description': DEBUGINFOD_URLS=https://debuginfod.ubuntu.com PS1=(ros2_python_venv) \[\e]0;\u@\h: \w\a\]${debian_chroot:+($debian_chroot)}\[\033[01;32m\]\u@\h\[\033[00m\]:\[\033[01;34m\]\w\[\033[00m\]\$ PYTHONPATH=/home/robogames/Desktop/Dog/dingo_ws/build/dingo_description/prefix_override:/usr/lib/python3/dist-packages/colcon_core/task/python/colcon_distutils_commands:/home/robogames/Desktop/Dog/dingo_ws/install/dingo_description/lib/python3.12/site-packages:${PYTHONPATH} VIRTUAL_ENV_PROMPT=(ros2_python_venv) /usr/bin/python3 -W ignore:setup.py install is deprecated -W ignore:easy_install command is deprecated setup.py egg_info --egg-base ../../build/dingo_description build --build-base /home/robogames/Desktop/Dog/dingo_ws/build/dingo_description/build install --record /home/robogames/Desktop/Dog/dingo_ws/build/dingo_description/install.log --single-version-externally-managed install_data
[7.313s] DEBUG:colcon.colcon_core.event_handler.log_command:Invoking command in '/home/robogames/Desktop/Dog/dingo_ws/src/dingo_control': DEBUGINFOD_URLS=https://debuginfod.ubuntu.com PS1=(ros2_python_venv) \[\e]0;\u@\h: \w\a\]${debian_chroot:+($debian_chroot)}\[\033[01;32m\]\u@\h\[\033[00m\]:\[\033[01;34m\]\w\[\033[00m\]\$ PYTHONPATH=/home/robogames/Desktop/Dog/dingo_ws/build/dingo_control/prefix_override:/usr/lib/python3/dist-packages/colcon_core/task/python/colcon_distutils_commands:/home/robogames/Desktop/Dog/dingo_ws/install/dingo_control/lib/python3.12/site-packages:${PYTHONPATH} VIRTUAL_ENV_PROMPT=(ros2_python_venv) /usr/bin/python3 -W ignore:setup.py install is deprecated -W ignore:easy_install command is deprecated setup.py egg_info --egg-base ../../build/dingo_control build --build-base /home/robogames/Desktop/Dog/dingo_ws/build/dingo_control/build install --record /home/robogames/Desktop/Dog/dingo_ws/build/dingo_control/install.log --single-version-externally-managed install_data
[9.306s] DEBUG:colcon.colcon_core.event_handler.log_command:Invoked command in '/home/robogames/Desktop/Dog/dingo_ws/src/dingo' returned '0': DEBUGINFOD_URLS=https://debuginfod.ubuntu.com PS1=(ros2_python_venv) \[\e]0;\u@\h: \w\a\]${debian_chroot:+($debian_chroot)}\[\033[01;32m\]\u@\h\[\033[00m\]:\[\033[01;34m\]\w\[\033[00m\]\$ PYTHONPATH=/home/robogames/Desktop/Dog/dingo_ws/build/dingo/prefix_override:/usr/lib/python3/dist-packages/colcon_core/task/python/colcon_distutils_commands:/home/robogames/Desktop/Dog/dingo_ws/install/dingo/lib/python3.12/site-packages:${PYTHONPATH} VIRTUAL_ENV_PROMPT=(ros2_python_venv) /usr/bin/python3 -W ignore:setup.py install is deprecated -W ignore:easy_install command is deprecated setup.py egg_info --egg-base ../../build/dingo build --build-base /home/robogames/Desktop/Dog/dingo_ws/build/dingo/build install --record /home/robogames/Desktop/Dog/dingo_ws/build/dingo/install.log --single-version-externally-managed install_data
[9.314s] Level 1:colcon.colcon_core.environment:checking '/home/robogames/Desktop/Dog/dingo_ws/install/dingo' for CMake module files
[9.316s] Level 1:colcon.colcon_core.environment:checking '/home/robogames/Desktop/Dog/dingo_ws/install/dingo' for CMake config files
[9.319s] Level 1:colcon.colcon_core.environment:checking '/home/robogames/Desktop/Dog/dingo_ws/install/dingo/lib'
[9.319s] Level 1:colcon.colcon_core.environment:checking '/home/robogames/Desktop/Dog/dingo_ws/install/dingo/bin'
[9.320s] Level 1:colcon.colcon_core.environment:checking '/home/robogames/Desktop/Dog/dingo_ws/install/dingo/lib/pkgconfig/dingo.pc'
[9.320s] Level 1:colcon.colcon_core.environment:checking '/home/robogames/Desktop/Dog/dingo_ws/install/dingo/lib/python3.12/site-packages'
[9.320s] Level 1:colcon.colcon_core.shell:create_environment_hook('dingo', 'pythonpath')
[9.321s] INFO:colcon.colcon_core.shell:Creating environment hook '/home/robogames/Desktop/Dog/dingo_ws/install/dingo/share/dingo/hook/pythonpath.ps1'
[9.327s] INFO:colcon.colcon_core.shell:Creating environment descriptor '/home/robogames/Desktop/Dog/dingo_ws/install/dingo/share/dingo/hook/pythonpath.dsv'
[9.329s] INFO:colcon.colcon_core.shell:Creating environment hook '/home/robogames/Desktop/Dog/dingo_ws/install/dingo/share/dingo/hook/pythonpath.sh'
[9.333s] Level 1:colcon.colcon_core.environment:checking '/home/robogames/Desktop/Dog/dingo_ws/install/dingo/bin'
[9.336s] Level 1:colcon.colcon_core.environment:create_environment_scripts_only(dingo)
[9.337s] INFO:colcon.colcon_core.shell:Creating package script '/home/robogames/Desktop/Dog/dingo_ws/install/dingo/share/dingo/package.ps1'
[9.360s] INFO:colcon.colcon_core.shell:Creating package descriptor '/home/robogames/Desktop/Dog/dingo_ws/install/dingo/share/dingo/package.dsv'
[9.362s] INFO:colcon.colcon_core.shell:Creating package script '/home/robogames/Desktop/Dog/dingo_ws/install/dingo/share/dingo/package.sh'
[9.364s] INFO:colcon.colcon_core.shell:Creating package script '/home/robogames/Desktop/Dog/dingo_ws/install/dingo/share/dingo/package.bash'
[9.365s] INFO:colcon.colcon_core.shell:Creating package script '/home/robogames/Desktop/Dog/dingo_ws/install/dingo/share/dingo/package.zsh'
[9.366s] Level 1:colcon.colcon_core.environment:create_file_with_runtime_dependencies(/home/robogames/Desktop/Dog/dingo_ws/install/dingo/share/colcon-core/packages/dingo)
[9.368s] INFO:colcon.colcon_ros.task.ament_python.build:Building ROS package in '/home/robogames/Desktop/Dog/dingo_ws/src/dingo_input_interfacing' with build type 'ament_python'
[9.368s] Level 1:colcon.colcon_core.shell:create_environment_hook('dingo_input_interfacing', 'ament_prefix_path')
[9.369s] INFO:colcon.colcon_core.shell:Creating environment hook '/home/robogames/Desktop/Dog/dingo_ws/install/dingo_input_interfacing/share/dingo_input_interfacing/hook/ament_prefix_path.ps1'
[9.374s] INFO:colcon.colcon_core.shell:Creating environment descriptor '/home/robogames/Desktop/Dog/dingo_ws/install/dingo_input_interfacing/share/dingo_input_interfacing/hook/ament_prefix_path.dsv'
[9.378s] INFO:colcon.colcon_core.shell:Creating environment hook '/home/robogames/Desktop/Dog/dingo_ws/install/dingo_input_interfacing/share/dingo_input_interfacing/hook/ament_prefix_path.sh'
[9.382s] INFO:colcon.colcon_core.shell:Skip shell extension 'powershell' for command environment: Not usable outside of PowerShell
[9.382s] DEBUG:colcon.colcon_core.shell:Skip shell extension 'dsv' for command environment
[9.430s] Level 1:colcon.colcon_core.environment:checking '/home/robogames/Desktop/Dog/dingo_ws/install/dingo_gazebo' for CMake module files
[9.437s] DEBUG:colcon.colcon_core.event_handler.log_command:Invoked command in '/home/robogames/Desktop/Dog/dingo_ws/src/dingo_gazebo' returned '0': DEBUGINFOD_URLS=https://debuginfod.ubuntu.com PS1=(ros2_python_venv) \[\e]0;\u@\h: \w\a\]${debian_chroot:+($debian_chroot)}\[\033[01;32m\]\u@\h\[\033[00m\]:\[\033[01;34m\]\w\[\033[00m\]\$ PYTHONPATH=/home/robogames/Desktop/Dog/dingo_ws/build/dingo_gazebo/prefix_override:/usr/lib/python3/dist-packages/colcon_core/task/python/colcon_distutils_commands:/home/robogames/Desktop/Dog/dingo_ws/install/dingo_gazebo/lib/python3.12/site-packages:${PYTHONPATH} VIRTUAL_ENV_PROMPT=(ros2_python_venv) /usr/bin/python3 -W ignore:setup.py install is deprecated -W ignore:easy_install command is deprecated setup.py egg_info --egg-base ../../build/dingo_gazebo build --build-base /home/robogames/Desktop/Dog/dingo_ws/build/dingo_gazebo/build install --record /home/robogames/Desktop/Dog/dingo_ws/build/dingo_gazebo/install.log --single-version-externally-managed install_data
[9.437s] Level 1:colcon.colcon_core.environment:checking '/home/robogames/Desktop/Dog/dingo_ws/install/dingo_gazebo' for CMake config files
[9.441s] Level 1:colcon.colcon_core.environment:checking '/home/robogames/Desktop/Dog/dingo_ws/install/dingo_gazebo/lib'
[9.447s] Level 1:colcon.colcon_core.environment:checking '/home/robogames/Desktop/Dog/dingo_ws/install/dingo_gazebo/bin'
[9.448s] Level 1:colcon.colcon_core.environment:checking '/home/robogames/Desktop/Dog/dingo_ws/install/dingo_gazebo/lib/pkgconfig/dingo_gazebo.pc'
[9.448s] Level 1:colcon.colcon_core.environment:checking '/home/robogames/Desktop/Dog/dingo_ws/install/dingo_gazebo/lib/python3.12/site-packages'
[9.449s] Level 1:colcon.colcon_core.shell:create_environment_hook('dingo_gazebo', 'pythonpath')
[9.449s] INFO:colcon.colcon_core.shell:Creating environment hook '/home/robogames/Desktop/Dog/dingo_ws/install/dingo_gazebo/share/dingo_gazebo/hook/pythonpath.ps1'
[9.454s] INFO:colcon.colcon_core.shell:Creating environment descriptor '/home/robogames/Desktop/Dog/dingo_ws/install/dingo_gazebo/share/dingo_gazebo/hook/pythonpath.dsv'
[9.456s] INFO:colcon.colcon_core.shell:Creating environment hook '/home/robogames/Desktop/Dog/dingo_ws/install/dingo_gazebo/share/dingo_gazebo/hook/pythonpath.sh'
[9.458s] Level 1:colcon.colcon_core.environment:checking '/home/robogames/Desktop/Dog/dingo_ws/install/dingo_gazebo/bin'
[9.459s] Level 1:colcon.colcon_core.environment:create_environment_scripts_only(dingo_gazebo)
[9.459s] INFO:colcon.colcon_core.shell:Creating package script '/home/robogames/Desktop/Dog/dingo_ws/install/dingo_gazebo/share/dingo_gazebo/package.ps1'
[9.462s] INFO:colcon.colcon_core.shell:Creating package descriptor '/home/robogames/Desktop/Dog/dingo_ws/install/dingo_gazebo/share/dingo_gazebo/package.dsv'
[9.464s] INFO:colcon.colcon_core.shell:Creating package script '/home/robogames/Desktop/Dog/dingo_ws/install/dingo_gazebo/share/dingo_gazebo/package.sh'
[9.465s] INFO:colcon.colcon_core.shell:Creating package script '/home/robogames/Desktop/Dog/dingo_ws/install/dingo_gazebo/share/dingo_gazebo/package.bash'
[9.466s] INFO:colcon.colcon_core.shell:Creating package script '/home/robogames/Desktop/Dog/dingo_ws/install/dingo_gazebo/share/dingo_gazebo/package.zsh'
[9.472s] Level 1:colcon.colcon_core.environment:create_file_with_runtime_dependencies(/home/robogames/Desktop/Dog/dingo_ws/install/dingo_gazebo/share/colcon-core/packages/dingo_gazebo)
[9.477s] INFO:colcon.colcon_ros.task.ament_cmake.build:Building ROS package in '/home/robogames/Desktop/Dog/dingo_ws/src/dingo_msgs' with build type 'ament_cmake'
[9.481s] INFO:colcon.colcon_cmake.task.cmake.build:Building CMake package in '/home/robogames/Desktop/Dog/dingo_ws/src/dingo_msgs'
[9.481s] INFO:colcon.colcon_core.shell:Skip shell extension 'powershell' for command environment: Not usable outside of PowerShell
[9.482s] DEBUG:colcon.colcon_core.shell:Skip shell extension 'dsv' for command environment
[10.399s] WARNING:colcon.colcon_ros.task.ament_python.build:Package 'dingo_input_interfacing' doesn't explicitly install a marker in the package index (colcon-ros currently does it implicitly but that fallback will be removed in the future)
[10.401s] WARNING:colcon.colcon_ros.task.ament_python.build:Package 'dingo_input_interfacing' doesn't explicitly install the 'package.xml' file (colcon-ros currently does it implicitly but that fallback will be removed in the future)
[10.403s] INFO:colcon.colcon_core.task.python.build:Building Python package in '/home/robogames/Desktop/Dog/dingo_ws/src/dingo_input_interfacing'
[10.404s] INFO:colcon.colcon_core.shell:Skip shell extension 'powershell' for command environment: Not usable outside of PowerShell
[10.404s] DEBUG:colcon.colcon_core.shell:Skip shell extension 'dsv' for command environment
[10.432s] Level 1:colcon.colcon_core.environment:checking '/home/robogames/Desktop/Dog/dingo_ws/install/dingo_description' for CMake module files
[10.434s] DEBUG:colcon.colcon_core.event_handler.log_command:Invoked command in '/home/robogames/Desktop/Dog/dingo_ws/src/dingo_description' returned '0': DEBUGINFOD_URLS=https://debuginfod.ubuntu.com PS1=(ros2_python_venv) \[\e]0;\u@\h: \w\a\]${debian_chroot:+($debian_chroot)}\[\033[01;32m\]\u@\h\[\033[00m\]:\[\033[01;34m\]\w\[\033[00m\]\$ PYTHONPATH=/home/robogames/Desktop/Dog/dingo_ws/build/dingo_description/prefix_override:/usr/lib/python3/dist-packages/colcon_core/task/python/colcon_distutils_commands:/home/robogames/Desktop/Dog/dingo_ws/install/dingo_description/lib/python3.12/site-packages:${PYTHONPATH} VIRTUAL_ENV_PROMPT=(ros2_python_venv) /usr/bin/python3 -W ignore:setup.py install is deprecated -W ignore:easy_install command is deprecated setup.py egg_info --egg-base ../../build/dingo_description build --build-base /home/robogames/Desktop/Dog/dingo_ws/build/dingo_description/build install --record /home/robogames/Desktop/Dog/dingo_ws/build/dingo_description/install.log --single-version-externally-managed install_data
[10.439s] Level 1:colcon.colcon_core.environment:checking '/home/robogames/Desktop/Dog/dingo_ws/install/dingo_description' for CMake config files
[10.441s] Level 1:colcon.colcon_core.environment:checking '/home/robogames/Desktop/Dog/dingo_ws/install/dingo_description/lib'
[10.442s] Level 1:colcon.colcon_core.environment:checking '/home/robogames/Desktop/Dog/dingo_ws/install/dingo_description/bin'
[10.443s] Level 1:colcon.colcon_core.environment:checking '/home/robogames/Desktop/Dog/dingo_ws/install/dingo_description/lib/pkgconfig/dingo_description.pc'
[10.443s] Level 1:colcon.colcon_core.environment:checking '/home/robogames/Desktop/Dog/dingo_ws/install/dingo_description/lib/python3.12/site-packages'
[10.444s] Level 1:colcon.colcon_core.shell:create_environment_hook('dingo_description', 'pythonpath')
[10.445s] INFO:colcon.colcon_core.shell:Creating environment hook '/home/robogames/Desktop/Dog/dingo_ws/install/dingo_description/share/dingo_description/hook/pythonpath.ps1'
[10.452s] INFO:colcon.colcon_core.shell:Creating environment descriptor '/home/robogames/Desktop/Dog/dingo_ws/install/dingo_description/share/dingo_description/hook/pythonpath.dsv'
[10.453s] INFO:colcon.colcon_core.shell:Creating environment hook '/home/robogames/Desktop/Dog/dingo_ws/install/dingo_description/share/dingo_description/hook/pythonpath.sh'
[10.474s] Level 1:colcon.colcon_core.environment:checking '/home/robogames/Desktop/Dog/dingo_ws/install/dingo_description/bin'
[10.475s] Level 1:colcon.colcon_core.environment:create_environment_scripts_only(dingo_description)
[10.476s] INFO:colcon.colcon_core.shell:Creating package script '/home/robogames/Desktop/Dog/dingo_ws/install/dingo_description/share/dingo_description/package.ps1'
[10.477s] INFO:colcon.colcon_core.shell:Creating package descriptor '/home/robogames/Desktop/Dog/dingo_ws/install/dingo_description/share/dingo_description/package.dsv'
[10.480s] INFO:colcon.colcon_core.shell:Creating package script '/home/robogames/Desktop/Dog/dingo_ws/install/dingo_description/share/dingo_description/package.sh'
[10.481s] INFO:colcon.colcon_core.shell:Creating package script '/home/robogames/Desktop/Dog/dingo_ws/install/dingo_description/share/dingo_description/package.bash'
[10.482s] INFO:colcon.colcon_core.shell:Creating package script '/home/robogames/Desktop/Dog/dingo_ws/install/dingo_description/share/dingo_description/package.zsh'
[10.483s] Level 1:colcon.colcon_core.environment:create_file_with_runtime_dependencies(/home/robogames/Desktop/Dog/dingo_ws/install/dingo_description/share/colcon-core/packages/dingo_description)
[10.508s] INFO:colcon.colcon_ros.task.ament_python.build:Building ROS package in '/home/robogames/Desktop/Dog/dingo_ws/src/dingo_peripheral_interfacing' with build type 'ament_python'
[10.509s] Level 1:colcon.colcon_core.shell:create_environment_hook('dingo_peripheral_interfacing', 'ament_prefix_path')
[10.509s] INFO:colcon.colcon_core.shell:Creating environment hook '/home/robogames/Desktop/Dog/dingo_ws/install/dingo_peripheral_interfacing/share/dingo_peripheral_interfacing/hook/ament_prefix_path.ps1'
[10.512s] INFO:colcon.colcon_core.shell:Creating environment descriptor '/home/robogames/Desktop/Dog/dingo_ws/install/dingo_peripheral_interfacing/share/dingo_peripheral_interfacing/hook/ament_prefix_path.dsv'
[10.513s] DEBUG:colcon.colcon_core.event_handler.log_command:Invoking command in '/home/robogames/Desktop/Dog/dingo_ws/build/dingo_msgs': CMAKE_PREFIX_PATH=/home/robogames/Desktop/Dog/dingo_ws/install/dingo_msgs:/home/robogames/Dog/dingo_ws/install/dingo_msgs:/home/robogames/vt-cro/robogames_pi/car_robot_ws/install/yolov8_msgs:/home/robogames/vt-cro/robogames_pi/car_robot_ws/install/yolobot_recognition:/home/robogames/Desktop/Dog/dingo_ws/install/dingo_utilities:/home/robogames/Desktop/Dog/dingo_ws/install/dingo_servo_interfacing:/home/robogames/Desktop/Dog/dingo_ws/install/dingo_peripheral_interfacing:/home/robogames/Desktop/Dog/dingo_ws/install/dingo_input_interfacing:/home/robogames/Desktop/Dog/dingo_ws/install/dingo_gazebo:/home/robogames/Desktop/Dog/dingo_ws/install/dingo_description:/home/robogames/Desktop/Dog/dingo_ws/install/dingo_control:/home/robogames/Desktop/Dog/dingo_ws/install/dingo:/home/robogames/Dog/dingo_ws/install/dingo_utilities:/home/robogames/Dog/dingo_ws/install/dingo_servo_interfacing:/home/robogames/Dog/dingo_ws/install/dingo_peripheral_interfacing:/home/robogames/Dog/dingo_ws/install/dingo_input_interfacing:/home/robogames/Dog/dingo_ws/install/dingo_gazebo:/home/robogames/Dog/dingo_ws/install/dingo_description:/home/robogames/Dog/dingo_ws/install/dingo_control:/home/robogames/Dog/dingo_ws/install/dingo:/opt/ros/jazzy:/home/robogames/vt-cro/robogames_pi/car_robot_ws/install/serial:/home/robogames/vt-cro/robogames_pi/car_robot_ws/install/diffdrive_arduino:/home/robogames/vt-cro/robogames_pi/car_robot_ws/install/articubot_one:/opt/ros/jazzy/opt/gz_sim_vendor:/opt/ros/jazzy/opt/gz_sensors_vendor:/opt/ros/jazzy/opt/gz_physics_vendor:/opt/ros/jazzy/opt/sdformat_vendor:/opt/ros/jazzy/opt/gz_gui_vendor:/opt/ros/jazzy/opt/gz_transport_vendor:/opt/ros/jazzy/opt/gz_rendering_vendor:/opt/ros/jazzy/opt/gz_plugin_vendor:/opt/ros/jazzy/opt/gz_fuel_tools_vendor:/opt/ros/jazzy/opt/gz_msgs_vendor:/opt/ros/jazzy/opt/gz_common_vendor:/opt/ros/jazzy/opt/gz_math_vendor:/opt/ros/jazzy/opt/gz_utils_vendor:/opt/ros/jazzy/opt/gz_tools_vendor:/opt/ros/jazzy/opt/gz_ogre_next_vendor:/opt/ros/jazzy/opt/gz_dartsim_vendor:/opt/ros/jazzy/opt/gz_cmake_vendor DEBUGINFOD_URLS=https://debuginfod.ubuntu.com PS1=(ros2_python_venv) \[\e]0;\u@\h: \w\a\]${debian_chroot:+($debian_chroot)}\[\033[01;32m\]\u@\h\[\033[00m\]:\[\033[01;34m\]\w\[\033[00m\]\$ VIRTUAL_ENV_PROMPT=(ros2_python_venv) /usr/bin/cmake --build /home/robogames/Desktop/Dog/dingo_ws/build/dingo_msgs -- -j4 -l4
[10.515s] INFO:colcon.colcon_core.shell:Creating environment hook '/home/robogames/Desktop/Dog/dingo_ws/install/dingo_peripheral_interfacing/share/dingo_peripheral_interfacing/hook/ament_prefix_path.sh'
[10.518s] INFO:colcon.colcon_core.shell:Skip shell extension 'powershell' for command environment: Not usable outside of PowerShell
[10.518s] DEBUG:colcon.colcon_core.shell:Skip shell extension 'dsv' for command environment
[12.222s] INFO:colcon.colcon_core.task.python.build:Building Python package in '/home/robogames/Desktop/Dog/dingo_ws/src/dingo_peripheral_interfacing'
[12.223s] INFO:colcon.colcon_core.shell:Skip shell extension 'powershell' for command environment: Not usable outside of PowerShell
[12.223s] DEBUG:colcon.colcon_core.shell:Skip shell extension 'dsv' for command environment
[12.238s] Level 1:colcon.colcon_core.environment:checking '/home/robogames/Desktop/Dog/dingo_ws/install/dingo_control' for CMake module files
[12.239s] Level 1:colcon.colcon_core.environment:checking '/home/robogames/Desktop/Dog/dingo_ws/install/dingo_control' for CMake config files
[12.240s] DEBUG:colcon.colcon_core.event_handler.log_command:Invoked command in '/home/robogames/Desktop/Dog/dingo_ws/src/dingo_control' returned '0': DEBUGINFOD_URLS=https://debuginfod.ubuntu.com PS1=(ros2_python_venv) \[\e]0;\u@\h: \w\a\]${debian_chroot:+($debian_chroot)}\[\033[01;32m\]\u@\h\[\033[00m\]:\[\033[01;34m\]\w\[\033[00m\]\$ PYTHONPATH=/home/robogames/Desktop/Dog/dingo_ws/build/dingo_control/prefix_override:/usr/lib/python3/dist-packages/colcon_core/task/python/colcon_distutils_commands:/home/robogames/Desktop/Dog/dingo_ws/install/dingo_control/lib/python3.12/site-packages:${PYTHONPATH} VIRTUAL_ENV_PROMPT=(ros2_python_venv) /usr/bin/python3 -W ignore:setup.py install is deprecated -W ignore:easy_install command is deprecated setup.py egg_info --egg-base ../../build/dingo_control build --build-base /home/robogames/Desktop/Dog/dingo_ws/build/dingo_control/build install --record /home/robogames/Desktop/Dog/dingo_ws/build/dingo_control/install.log --single-version-externally-managed install_data
[12.242s] Level 1:colcon.colcon_core.environment:checking '/home/robogames/Desktop/Dog/dingo_ws/install/dingo_control/lib'
[12.242s] Level 1:colcon.colcon_core.environment:checking '/home/robogames/Desktop/Dog/dingo_ws/install/dingo_control/bin'
[12.242s] Level 1:colcon.colcon_core.environment:checking '/home/robogames/Desktop/Dog/dingo_ws/install/dingo_control/lib/pkgconfig/dingo_control.pc'
[12.243s] Level 1:colcon.colcon_core.environment:checking '/home/robogames/Desktop/Dog/dingo_ws/install/dingo_control/lib/python3.12/site-packages'
[12.243s] Level 1:colcon.colcon_core.shell:create_environment_hook('dingo_control', 'pythonpath')
[12.244s] INFO:colcon.colcon_core.shell:Creating environment hook '/home/robogames/Desktop/Dog/dingo_ws/install/dingo_control/share/dingo_control/hook/pythonpath.ps1'
[12.245s] INFO:colcon.colcon_core.shell:Creating environment descriptor '/home/robogames/Desktop/Dog/dingo_ws/install/dingo_control/share/dingo_control/hook/pythonpath.dsv'
[12.247s] INFO:colcon.colcon_core.shell:Creating environment hook '/home/robogames/Desktop/Dog/dingo_ws/install/dingo_control/share/dingo_control/hook/pythonpath.sh'
[12.248s] Level 1:colcon.colcon_core.environment:checking '/home/robogames/Desktop/Dog/dingo_ws/install/dingo_control/bin'
[12.249s] Level 1:colcon.colcon_core.environment:create_environment_scripts_only(dingo_control)
[12.249s] INFO:colcon.colcon_core.shell:Creating package script '/home/robogames/Desktop/Dog/dingo_ws/install/dingo_control/share/dingo_control/package.ps1'
[12.251s] INFO:colcon.colcon_core.shell:Creating package descriptor '/home/robogames/Desktop/Dog/dingo_ws/install/dingo_control/share/dingo_control/package.dsv'
[12.253s] INFO:colcon.colcon_core.shell:Creating package script '/home/robogames/Desktop/Dog/dingo_ws/install/dingo_control/share/dingo_control/package.sh'
[12.254s] INFO:colcon.colcon_core.shell:Creating package script '/home/robogames/Desktop/Dog/dingo_ws/install/dingo_control/share/dingo_control/package.bash'
[12.255s] INFO:colcon.colcon_core.shell:Creating package script '/home/robogames/Desktop/Dog/dingo_ws/install/dingo_control/share/dingo_control/package.zsh'
[12.257s] Level 1:colcon.colcon_core.environment:create_file_with_runtime_dependencies(/home/robogames/Desktop/Dog/dingo_ws/install/dingo_control/share/colcon-core/packages/dingo_control)
[12.258s] INFO:colcon.colcon_ros.task.ament_python.build:Building ROS package in '/home/robogames/Desktop/Dog/dingo_ws/src/dingo_servo_interfacing' with build type 'ament_python'
[12.259s] Level 1:colcon.colcon_core.shell:create_environment_hook('dingo_servo_interfacing', 'ament_prefix_path')
[12.259s] INFO:colcon.colcon_core.shell:Creating environment hook '/home/robogames/Desktop/Dog/dingo_ws/install/dingo_servo_interfacing/share/dingo_servo_interfacing/hook/ament_prefix_path.ps1'
[12.266s] INFO:colcon.colcon_core.shell:Creating environment descriptor '/home/robogames/Desktop/Dog/dingo_ws/install/dingo_servo_interfacing/share/dingo_servo_interfacing/hook/ament_prefix_path.dsv'
[12.267s] INFO:colcon.colcon_core.shell:Creating environment hook '/home/robogames/Desktop/Dog/dingo_ws/install/dingo_servo_interfacing/share/dingo_servo_interfacing/hook/ament_prefix_path.sh'
[12.270s] INFO:colcon.colcon_core.shell:Skip shell extension 'powershell' for command environment: Not usable outside of PowerShell
[12.270s] DEBUG:colcon.colcon_core.shell:Skip shell extension 'dsv' for command environment
[13.810s] WARNING:colcon.colcon_ros.task.ament_python.build:Package 'dingo_servo_interfacing' doesn't explicitly install a marker in the package index (colcon-ros currently does it implicitly but that fallback will be removed in the future)
[13.820s] WARNING:colcon.colcon_ros.task.ament_python.build:Package 'dingo_servo_interfacing' doesn't explicitly install the 'package.xml' file (colcon-ros currently does it implicitly but that fallback will be removed in the future)
[13.830s] INFO:colcon.colcon_core.task.python.build:Building Python package in '/home/robogames/Desktop/Dog/dingo_ws/src/dingo_servo_interfacing'
[13.831s] INFO:colcon.colcon_core.shell:Skip shell extension 'powershell' for command environment: Not usable outside of PowerShell
[13.831s] DEBUG:colcon.colcon_core.shell:Skip shell extension 'dsv' for command environment
[13.929s] DEBUG:colcon.colcon_core.event_handler.log_command:Invoked command in '/home/robogames/Desktop/Dog/dingo_ws/build/dingo_msgs' returned '0': CMAKE_PREFIX_PATH=/home/robogames/Desktop/Dog/dingo_ws/install/dingo_msgs:/home/robogames/Dog/dingo_ws/install/dingo_msgs:/home/robogames/vt-cro/robogames_pi/car_robot_ws/install/yolov8_msgs:/home/robogames/vt-cro/robogames_pi/car_robot_ws/install/yolobot_recognition:/home/robogames/Desktop/Dog/dingo_ws/install/dingo_utilities:/home/robogames/Desktop/Dog/dingo_ws/install/dingo_servo_interfacing:/home/robogames/Desktop/Dog/dingo_ws/install/dingo_peripheral_interfacing:/home/robogames/Desktop/Dog/dingo_ws/install/dingo_input_interfacing:/home/robogames/Desktop/Dog/dingo_ws/install/dingo_gazebo:/home/robogames/Desktop/Dog/dingo_ws/install/dingo_description:/home/robogames/Desktop/Dog/dingo_ws/install/dingo_control:/home/robogames/Desktop/Dog/dingo_ws/install/dingo:/home/robogames/Dog/dingo_ws/install/dingo_utilities:/home/robogames/Dog/dingo_ws/install/dingo_servo_interfacing:/home/robogames/Dog/dingo_ws/install/dingo_peripheral_interfacing:/home/robogames/Dog/dingo_ws/install/dingo_input_interfacing:/home/robogames/Dog/dingo_ws/install/dingo_gazebo:/home/robogames/Dog/dingo_ws/install/dingo_description:/home/robogames/Dog/dingo_ws/install/dingo_control:/home/robogames/Dog/dingo_ws/install/dingo:/opt/ros/jazzy:/home/robogames/vt-cro/robogames_pi/car_robot_ws/install/serial:/home/robogames/vt-cro/robogames_pi/car_robot_ws/install/diffdrive_arduino:/home/robogames/vt-cro/robogames_pi/car_robot_ws/install/articubot_one:/opt/ros/jazzy/opt/gz_sim_vendor:/opt/ros/jazzy/opt/gz_sensors_vendor:/opt/ros/jazzy/opt/gz_physics_vendor:/opt/ros/jazzy/opt/sdformat_vendor:/opt/ros/jazzy/opt/gz_gui_vendor:/opt/ros/jazzy/opt/gz_transport_vendor:/opt/ros/jazzy/opt/gz_rendering_vendor:/opt/ros/jazzy/opt/gz_plugin_vendor:/opt/ros/jazzy/opt/gz_fuel_tools_vendor:/opt/ros/jazzy/opt/gz_msgs_vendor:/opt/ros/jazzy/opt/gz_common_vendor:/opt/ros/jazzy/opt/gz_math_vendor:/opt/ros/jazzy/opt/gz_utils_vendor:/opt/ros/jazzy/opt/gz_tools_vendor:/opt/ros/jazzy/opt/gz_ogre_next_vendor:/opt/ros/jazzy/opt/gz_dartsim_vendor:/opt/ros/jazzy/opt/gz_cmake_vendor DEBUGINFOD_URLS=https://debuginfod.ubuntu.com PS1=(ros2_python_venv) \[\e]0;\u@\h: \w\a\]${debian_chroot:+($debian_chroot)}\[\033[01;32m\]\u@\h\[\033[00m\]:\[\033[01;34m\]\w\[\033[00m\]\$ VIRTUAL_ENV_PROMPT=(ros2_python_venv) /usr/bin/cmake --build /home/robogames/Desktop/Dog/dingo_ws/build/dingo_msgs -- -j4 -l4
[14.069s] DEBUG:colcon.colcon_core.event_handler.log_command:Invoking command in '/home/robogames/Desktop/Dog/dingo_ws/build/dingo_msgs': CMAKE_PREFIX_PATH=/home/robogames/Desktop/Dog/dingo_ws/install/dingo_msgs:/home/robogames/Dog/dingo_ws/install/dingo_msgs:/home/robogames/vt-cro/robogames_pi/car_robot_ws/install/yolov8_msgs:/home/robogames/vt-cro/robogames_pi/car_robot_ws/install/yolobot_recognition:/home/robogames/Desktop/Dog/dingo_ws/install/dingo_utilities:/home/robogames/Desktop/Dog/dingo_ws/install/dingo_servo_interfacing:/home/robogames/Desktop/Dog/dingo_ws/install/dingo_peripheral_interfacing:/home/robogames/Desktop/Dog/dingo_ws/install/dingo_input_interfacing:/home/robogames/Desktop/Dog/dingo_ws/install/dingo_gazebo:/home/robogames/Desktop/Dog/dingo_ws/install/dingo_description:/home/robogames/Desktop/Dog/dingo_ws/install/dingo_control:/home/robogames/Desktop/Dog/dingo_ws/install/dingo:/home/robogames/Dog/dingo_ws/install/dingo_utilities:/home/robogames/Dog/dingo_ws/install/dingo_servo_interfacing:/home/robogames/Dog/dingo_ws/install/dingo_peripheral_interfacing:/home/robogames/Dog/dingo_ws/install/dingo_input_interfacing:/home/robogames/Dog/dingo_ws/install/dingo_gazebo:/home/robogames/Dog/dingo_ws/install/dingo_description:/home/robogames/Dog/dingo_ws/install/dingo_control:/home/robogames/Dog/dingo_ws/install/dingo:/opt/ros/jazzy:/home/robogames/vt-cro/robogames_pi/car_robot_ws/install/serial:/home/robogames/vt-cro/robogames_pi/car_robot_ws/install/diffdrive_arduino:/home/robogames/vt-cro/robogames_pi/car_robot_ws/install/articubot_one:/opt/ros/jazzy/opt/gz_sim_vendor:/opt/ros/jazzy/opt/gz_sensors_vendor:/opt/ros/jazzy/opt/gz_physics_vendor:/opt/ros/jazzy/opt/sdformat_vendor:/opt/ros/jazzy/opt/gz_gui_vendor:/opt/ros/jazzy/opt/gz_transport_vendor:/opt/ros/jazzy/opt/gz_rendering_vendor:/opt/ros/jazzy/opt/gz_plugin_vendor:/opt/ros/jazzy/opt/gz_fuel_tools_vendor:/opt/ros/jazzy/opt/gz_msgs_vendor:/opt/ros/jazzy/opt/gz_common_vendor:/opt/ros/jazzy/opt/gz_math_vendor:/opt/ros/jazzy/opt/gz_utils_vendor:/opt/ros/jazzy/opt/gz_tools_vendor:/opt/ros/jazzy/opt/gz_ogre_next_vendor:/opt/ros/jazzy/opt/gz_dartsim_vendor:/opt/ros/jazzy/opt/gz_cmake_vendor DEBUGINFOD_URLS=https://debuginfod.ubuntu.com PS1=(ros2_python_venv) \[\e]0;\u@\h: \w\a\]${debian_chroot:+($debian_chroot)}\[\033[01;32m\]\u@\h\[\033[00m\]:\[\033[01;34m\]\w\[\033[00m\]\$ VIRTUAL_ENV_PROMPT=(ros2_python_venv) /usr/bin/cmake --install /home/robogames/Desktop/Dog/dingo_ws/build/dingo_msgs
[14.561s] Level 1:colcon.colcon_core.environment:create_environment_scripts_only(dingo_msgs)
[14.576s] Level 1:colcon.colcon_core.environment:checking '/home/robogames/Desktop/Dog/dingo_ws/install/dingo_msgs' for CMake module files
[14.594s] Level 1:colcon.colcon_core.environment:checking '/home/robogames/Desktop/Dog/dingo_ws/install/dingo_msgs' for CMake config files
[14.595s] Level 1:colcon.colcon_core.shell:create_environment_hook('dingo_msgs', 'cmake_prefix_path')
[14.599s] INFO:colcon.colcon_core.shell:Creating environment hook '/home/robogames/Desktop/Dog/dingo_ws/install/dingo_msgs/share/dingo_msgs/hook/cmake_prefix_path.ps1'
[14.611s] INFO:colcon.colcon_core.shell:Creating environment descriptor '/home/robogames/Desktop/Dog/dingo_ws/install/dingo_msgs/share/dingo_msgs/hook/cmake_prefix_path.dsv'
[14.616s] INFO:colcon.colcon_core.shell:Creating environment hook '/home/robogames/Desktop/Dog/dingo_ws/install/dingo_msgs/share/dingo_msgs/hook/cmake_prefix_path.sh'
[14.626s] DEBUG:colcon.colcon_core.event_handler.log_command:Invoked command in '/home/robogames/Desktop/Dog/dingo_ws/build/dingo_msgs' returned '0': CMAKE_PREFIX_PATH=/home/robogames/Desktop/Dog/dingo_ws/install/dingo_msgs:/home/robogames/Dog/dingo_ws/install/dingo_msgs:/home/robogames/vt-cro/robogames_pi/car_robot_ws/install/yolov8_msgs:/home/robogames/vt-cro/robogames_pi/car_robot_ws/install/yolobot_recognition:/home/robogames/Desktop/Dog/dingo_ws/install/dingo_utilities:/home/robogames/Desktop/Dog/dingo_ws/install/dingo_servo_interfacing:/home/robogames/Desktop/Dog/dingo_ws/install/dingo_peripheral_interfacing:/home/robogames/Desktop/Dog/dingo_ws/install/dingo_input_interfacing:/home/robogames/Desktop/Dog/dingo_ws/install/dingo_gazebo:/home/robogames/Desktop/Dog/dingo_ws/install/dingo_description:/home/robogames/Desktop/Dog/dingo_ws/install/dingo_control:/home/robogames/Desktop/Dog/dingo_ws/install/dingo:/home/robogames/Dog/dingo_ws/install/dingo_utilities:/home/robogames/Dog/dingo_ws/install/dingo_servo_interfacing:/home/robogames/Dog/dingo_ws/install/dingo_peripheral_interfacing:/home/robogames/Dog/dingo_ws/install/dingo_input_interfacing:/home/robogames/Dog/dingo_ws/install/dingo_gazebo:/home/robogames/Dog/dingo_ws/install/dingo_description:/home/robogames/Dog/dingo_ws/install/dingo_control:/home/robogames/Dog/dingo_ws/install/dingo:/opt/ros/jazzy:/home/robogames/vt-cro/robogames_pi/car_robot_ws/install/serial:/home/robogames/vt-cro/robogames_pi/car_robot_ws/install/diffdrive_arduino:/home/robogames/vt-cro/robogames_pi/car_robot_ws/install/articubot_one:/opt/ros/jazzy/opt/gz_sim_vendor:/opt/ros/jazzy/opt/gz_sensors_vendor:/opt/ros/jazzy/opt/gz_physics_vendor:/opt/ros/jazzy/opt/sdformat_vendor:/opt/ros/jazzy/opt/gz_gui_vendor:/opt/ros/jazzy/opt/gz_transport_vendor:/opt/ros/jazzy/opt/gz_rendering_vendor:/opt/ros/jazzy/opt/gz_plugin_vendor:/opt/ros/jazzy/opt/gz_fuel_tools_vendor:/opt/ros/jazzy/opt/gz_msgs_vendor:/opt/ros/jazzy/opt/gz_common_vendor:/opt/ros/jazzy/opt/gz_math_vendor:/opt/ros/jazzy/opt/gz_utils_vendor:/opt/ros/jazzy/opt/gz_tools_vendor:/opt/ros/jazzy/opt/gz_ogre_next_vendor:/opt/ros/jazzy/opt/gz_dartsim_vendor:/opt/ros/jazzy/opt/gz_cmake_vendor DEBUGINFOD_URLS=https://debuginfod.ubuntu.com PS1=(ros2_python_venv) \[\e]0;\u@\h: \w\a\]${debian_chroot:+($debian_chroot)}\[\033[01;32m\]\u@\h\[\033[00m\]:\[\033[01;34m\]\w\[\033[00m\]\$ VIRTUAL_ENV_PROMPT=(ros2_python_venv) /usr/bin/cmake --install /home/robogames/Desktop/Dog/dingo_ws/build/dingo_msgs
[14.629s] Level 1:colcon.colcon_core.environment:checking '/home/robogames/Desktop/Dog/dingo_ws/install/dingo_msgs/lib'
[14.632s] Level 1:colcon.colcon_core.shell:create_environment_hook('dingo_msgs', 'ld_library_path_lib')
[14.638s] INFO:colcon.colcon_core.shell:Creating environment hook '/home/robogames/Desktop/Dog/dingo_ws/install/dingo_msgs/share/dingo_msgs/hook/ld_library_path_lib.ps1'
[14.641s] INFO:colcon.colcon_core.shell:Creating environment descriptor '/home/robogames/Desktop/Dog/dingo_ws/install/dingo_msgs/share/dingo_msgs/hook/ld_library_path_lib.dsv'
[14.644s] INFO:colcon.colcon_core.shell:Creating environment hook '/home/robogames/Desktop/Dog/dingo_ws/install/dingo_msgs/share/dingo_msgs/hook/ld_library_path_lib.sh'
[14.651s] Level 1:colcon.colcon_core.environment:checking '/home/robogames/Desktop/Dog/dingo_ws/install/dingo_msgs/bin'
[14.652s] Level 1:colcon.colcon_core.environment:checking '/home/robogames/Desktop/Dog/dingo_ws/install/dingo_msgs/lib/pkgconfig/dingo_msgs.pc'
[14.653s] Level 1:colcon.colcon_core.environment:checking '/home/robogames/Desktop/Dog/dingo_ws/install/dingo_msgs/lib/python3.12/site-packages'
[14.653s] Level 1:colcon.colcon_core.shell:create_environment_hook('dingo_msgs', 'pythonpath')
[14.664s] INFO:colcon.colcon_core.shell:Creating environment hook '/home/robogames/Desktop/Dog/dingo_ws/install/dingo_msgs/share/dingo_msgs/hook/pythonpath.ps1'
[14.665s] INFO:colcon.colcon_core.shell:Creating environment descriptor '/home/robogames/Desktop/Dog/dingo_ws/install/dingo_msgs/share/dingo_msgs/hook/pythonpath.dsv'
[14.674s] INFO:colcon.colcon_core.shell:Creating environment hook '/home/robogames/Desktop/Dog/dingo_ws/install/dingo_msgs/share/dingo_msgs/hook/pythonpath.sh'
[14.691s] Level 1:colcon.colcon_core.environment:checking '/home/robogames/Desktop/Dog/dingo_ws/install/dingo_msgs/bin'
[14.703s] INFO:colcon.colcon_core.shell:Creating package script '/home/robogames/Desktop/Dog/dingo_ws/install/dingo_msgs/share/dingo_msgs/package.ps1'
[14.721s] INFO:colcon.colcon_core.shell:Creating package descriptor '/home/robogames/Desktop/Dog/dingo_ws/install/dingo_msgs/share/dingo_msgs/package.dsv'
[14.723s] INFO:colcon.colcon_core.shell:Creating package script '/home/robogames/Desktop/Dog/dingo_ws/install/dingo_msgs/share/dingo_msgs/package.sh'
[14.734s] INFO:colcon.colcon_core.shell:Creating package script '/home/robogames/Desktop/Dog/dingo_ws/install/dingo_msgs/share/dingo_msgs/package.bash'
[14.739s] INFO:colcon.colcon_core.shell:Creating package script '/home/robogames/Desktop/Dog/dingo_ws/install/dingo_msgs/share/dingo_msgs/package.zsh'
[14.740s] Level 1:colcon.colcon_core.environment:create_file_with_runtime_dependencies(/home/robogames/Desktop/Dog/dingo_ws/install/dingo_msgs/share/colcon-core/packages/dingo_msgs)
[14.746s] Level 1:colcon.colcon_core.environment:create_environment_scripts_only(dingo_msgs)
[14.748s] Level 1:colcon.colcon_core.environment:checking '/home/robogames/Desktop/Dog/dingo_ws/install/dingo_msgs' for CMake module files
[14.756s] Level 1:colcon.colcon_core.environment:checking '/home/robogames/Desktop/Dog/dingo_ws/install/dingo_msgs' for CMake config files
[14.757s] Level 1:colcon.colcon_core.shell:create_environment_hook('dingo_msgs', 'cmake_prefix_path')
[14.758s] INFO:colcon.colcon_core.shell:Creating environment hook '/home/robogames/Desktop/Dog/dingo_ws/install/dingo_msgs/share/dingo_msgs/hook/cmake_prefix_path.ps1'
[14.764s] INFO:colcon.colcon_core.shell:Creating environment descriptor '/home/robogames/Desktop/Dog/dingo_ws/install/dingo_msgs/share/dingo_msgs/hook/cmake_prefix_path.dsv'
[14.765s] INFO:colcon.colcon_core.shell:Creating environment hook '/home/robogames/Desktop/Dog/dingo_ws/install/dingo_msgs/share/dingo_msgs/hook/cmake_prefix_path.sh'
[14.770s] Level 1:colcon.colcon_core.environment:checking '/home/robogames/Desktop/Dog/dingo_ws/install/dingo_msgs/lib'
[14.774s] Level 1:colcon.colcon_core.shell:create_environment_hook('dingo_msgs', 'ld_library_path_lib')
[14.774s] INFO:colcon.colcon_core.shell:Creating environment hook '/home/robogames/Desktop/Dog/dingo_ws/install/dingo_msgs/share/dingo_msgs/hook/ld_library_path_lib.ps1'
[14.779s] INFO:colcon.colcon_core.shell:Creating environment descriptor '/home/robogames/Desktop/Dog/dingo_ws/install/dingo_msgs/share/dingo_msgs/hook/ld_library_path_lib.dsv'
[14.789s] INFO:colcon.colcon_core.shell:Creating environment hook '/home/robogames/Desktop/Dog/dingo_ws/install/dingo_msgs/share/dingo_msgs/hook/ld_library_path_lib.sh'
[14.796s] Level 1:colcon.colcon_core.environment:checking '/home/robogames/Desktop/Dog/dingo_ws/install/dingo_msgs/bin'
[14.796s] Level 1:colcon.colcon_core.environment:checking '/home/robogames/Desktop/Dog/dingo_ws/install/dingo_msgs/lib/pkgconfig/dingo_msgs.pc'
[14.797s] Level 1:colcon.colcon_core.environment:checking '/home/robogames/Desktop/Dog/dingo_ws/install/dingo_msgs/lib/python3.12/site-packages'
[14.797s] Level 1:colcon.colcon_core.shell:create_environment_hook('dingo_msgs', 'pythonpath')
[14.802s] INFO:colcon.colcon_core.shell:Creating environment hook '/home/robogames/Desktop/Dog/dingo_ws/install/dingo_msgs/share/dingo_msgs/hook/pythonpath.ps1'
[14.804s] INFO:colcon.colcon_core.shell:Creating environment descriptor '/home/robogames/Desktop/Dog/dingo_ws/install/dingo_msgs/share/dingo_msgs/hook/pythonpath.dsv'
[14.810s] INFO:colcon.colcon_core.shell:Creating environment hook '/home/robogames/Desktop/Dog/dingo_ws/install/dingo_msgs/share/dingo_msgs/hook/pythonpath.sh'
[14.816s] Level 1:colcon.colcon_core.environment:checking '/home/robogames/Desktop/Dog/dingo_ws/install/dingo_msgs/bin'
[14.817s] INFO:colcon.colcon_core.shell:Creating package script '/home/robogames/Desktop/Dog/dingo_ws/install/dingo_msgs/share/dingo_msgs/package.ps1'
[14.824s] INFO:colcon.colcon_core.shell:Creating package descriptor '/home/robogames/Desktop/Dog/dingo_ws/install/dingo_msgs/share/dingo_msgs/package.dsv'
[14.826s] INFO:colcon.colcon_core.shell:Creating package script '/home/robogames/Desktop/Dog/dingo_ws/install/dingo_msgs/share/dingo_msgs/package.sh'
[14.835s] INFO:colcon.colcon_core.shell:Creating package script '/home/robogames/Desktop/Dog/dingo_ws/install/dingo_msgs/share/dingo_msgs/package.bash'
[14.837s] INFO:colcon.colcon_core.shell:Creating package script '/home/robogames/Desktop/Dog/dingo_ws/install/dingo_msgs/share/dingo_msgs/package.zsh'
[14.844s] Level 1:colcon.colcon_core.environment:create_file_with_runtime_dependencies(/home/robogames/Desktop/Dog/dingo_ws/install/dingo_msgs/share/colcon-core/packages/dingo_msgs)
[14.849s] INFO:colcon.colcon_ros.task.ament_python.build:Building ROS package in '/home/robogames/Desktop/Dog/dingo_ws/src/dingo_utilities' with build type 'ament_python'
[14.851s] Level 1:colcon.colcon_core.shell:create_environment_hook('dingo_utilities', 'ament_prefix_path')
[14.853s] INFO:colcon.colcon_core.shell:Creating environment hook '/home/robogames/Desktop/Dog/dingo_ws/install/dingo_utilities/share/dingo_utilities/hook/ament_prefix_path.ps1'
[14.858s] INFO:colcon.colcon_core.shell:Creating environment descriptor '/home/robogames/Desktop/Dog/dingo_ws/install/dingo_utilities/share/dingo_utilities/hook/ament_prefix_path.dsv'
[14.863s] INFO:colcon.colcon_core.shell:Creating environment hook '/home/robogames/Desktop/Dog/dingo_ws/install/dingo_utilities/share/dingo_utilities/hook/ament_prefix_path.sh'
[14.869s] INFO:colcon.colcon_core.shell:Skip shell extension 'powershell' for command environment: Not usable outside of PowerShell
[14.870s] DEBUG:colcon.colcon_core.shell:Skip shell extension 'dsv' for command environment
[15.876s] WARNING:colcon.colcon_ros.task.ament_python.build:Package 'dingo_utilities' doesn't explicitly install a marker in the package index (colcon-ros currently does it implicitly but that fallback will be removed in the future)
[15.877s] WARNING:colcon.colcon_ros.task.ament_python.build:Package 'dingo_utilities' doesn't explicitly install the 'package.xml' file (colcon-ros currently does it implicitly but that fallback will be removed in the future)
[15.939s] INFO:colcon.colcon_core.task.python.build:Building Python package in '/home/robogames/Desktop/Dog/dingo_ws/src/dingo_utilities'
[15.941s] INFO:colcon.colcon_core.shell:Skip shell extension 'powershell' for command environment: Not usable outside of PowerShell
[15.941s] DEBUG:colcon.colcon_core.shell:Skip shell extension 'dsv' for command environment
[15.978s] DEBUG:colcon.colcon_core.event_handler.log_command:Invoking command in '/home/robogames/Desktop/Dog/dingo_ws/src/dingo_input_interfacing': DEBUGINFOD_URLS=https://debuginfod.ubuntu.com PS1=(ros2_python_venv) \[\e]0;\u@\h: \w\a\]${debian_chroot:+($debian_chroot)}\[\033[01;32m\]\u@\h\[\033[00m\]:\[\033[01;34m\]\w\[\033[00m\]\$ PYTHONPATH=/home/robogames/Desktop/Dog/dingo_ws/build/dingo_input_interfacing/prefix_override:/usr/lib/python3/dist-packages/colcon_core/task/python/colcon_distutils_commands:/home/robogames/Desktop/Dog/dingo_ws/install/dingo_input_interfacing/lib/python3.12/site-packages:${PYTHONPATH} VIRTUAL_ENV_PROMPT=(ros2_python_venv) /usr/bin/python3 -W ignore:setup.py install is deprecated -W ignore:easy_install command is deprecated setup.py egg_info --egg-base ../../build/dingo_input_interfacing build --build-base /home/robogames/Desktop/Dog/dingo_ws/build/dingo_input_interfacing/build install --record /home/robogames/Desktop/Dog/dingo_ws/build/dingo_input_interfacing/install.log --single-version-externally-managed
[16.000s] DEBUG:colcon.colcon_core.event_handler.log_command:Invoking command in '/home/robogames/Desktop/Dog/dingo_ws/src/dingo_peripheral_interfacing': DEBUGINFOD_URLS=https://debuginfod.ubuntu.com PS1=(ros2_python_venv) \[\e]0;\u@\h: \w\a\]${debian_chroot:+($debian_chroot)}\[\033[01;32m\]\u@\h\[\033[00m\]:\[\033[01;34m\]\w\[\033[00m\]\$ PYTHONPATH=/home/robogames/Desktop/Dog/dingo_ws/build/dingo_peripheral_interfacing/prefix_override:/usr/lib/python3/dist-packages/colcon_core/task/python/colcon_distutils_commands:/home/robogames/Desktop/Dog/dingo_ws/install/dingo_peripheral_interfacing/lib/python3.12/site-packages:${PYTHONPATH} VIRTUAL_ENV_PROMPT=(ros2_python_venv) /usr/bin/python3 -W ignore:setup.py install is deprecated -W ignore:easy_install command is deprecated setup.py egg_info --egg-base ../../build/dingo_peripheral_interfacing build --build-base /home/robogames/Desktop/Dog/dingo_ws/build/dingo_peripheral_interfacing/build install --record /home/robogames/Desktop/Dog/dingo_ws/build/dingo_peripheral_interfacing/install.log --single-version-externally-managed install_data
[17.377s] DEBUG:colcon.colcon_core.event_handler.log_command:Invoking command in '/home/robogames/Desktop/Dog/dingo_ws/src/dingo_servo_interfacing': DEBUGINFOD_URLS=https://debuginfod.ubuntu.com PS1=(ros2_python_venv) \[\e]0;\u@\h: \w\a\]${debian_chroot:+($debian_chroot)}\[\033[01;32m\]\u@\h\[\033[00m\]:\[\033[01;34m\]\w\[\033[00m\]\$ PYTHONPATH=/home/robogames/Desktop/Dog/dingo_ws/build/dingo_servo_interfacing/prefix_override:/usr/lib/python3/dist-packages/colcon_core/task/python/colcon_distutils_commands:/home/robogames/Desktop/Dog/dingo_ws/install/dingo_servo_interfacing/lib/python3.12/site-packages:${PYTHONPATH} VIRTUAL_ENV_PROMPT=(ros2_python_venv) /usr/bin/python3 -W ignore:setup.py install is deprecated -W ignore:easy_install command is deprecated setup.py egg_info --egg-base ../../build/dingo_servo_interfacing build --build-base /home/robogames/Desktop/Dog/dingo_ws/build/dingo_servo_interfacing/build install --record /home/robogames/Desktop/Dog/dingo_ws/build/dingo_servo_interfacing/install.log --single-version-externally-managed
[18.748s] Level 1:colcon.colcon_core.environment:checking '/home/robogames/Desktop/Dog/dingo_ws/install/dingo_input_interfacing' for CMake module files
[18.754s] DEBUG:colcon.colcon_core.event_handler.log_command:Invoked command in '/home/robogames/Desktop/Dog/dingo_ws/src/dingo_input_interfacing' returned '0': DEBUGINFOD_URLS=https://debuginfod.ubuntu.com PS1=(ros2_python_venv) \[\e]0;\u@\h: \w\a\]${debian_chroot:+($debian_chroot)}\[\033[01;32m\]\u@\h\[\033[00m\]:\[\033[01;34m\]\w\[\033[00m\]\$ PYTHONPATH=/home/robogames/Desktop/Dog/dingo_ws/build/dingo_input_interfacing/prefix_override:/usr/lib/python3/dist-packages/colcon_core/task/python/colcon_distutils_commands:/home/robogames/Desktop/Dog/dingo_ws/install/dingo_input_interfacing/lib/python3.12/site-packages:${PYTHONPATH} VIRTUAL_ENV_PROMPT=(ros2_python_venv) /usr/bin/python3 -W ignore:setup.py install is deprecated -W ignore:easy_install command is deprecated setup.py egg_info --egg-base ../../build/dingo_input_interfacing build --build-base /home/robogames/Desktop/Dog/dingo_ws/build/dingo_input_interfacing/build install --record /home/robogames/Desktop/Dog/dingo_ws/build/dingo_input_interfacing/install.log --single-version-externally-managed
[18.759s] Level 1:colcon.colcon_core.environment:checking '/home/robogames/Desktop/Dog/dingo_ws/install/dingo_input_interfacing' for CMake config files
[18.767s] Level 1:colcon.colcon_core.environment:checking '/home/robogames/Desktop/Dog/dingo_ws/install/dingo_input_interfacing/lib'
[18.768s] Level 1:colcon.colcon_core.environment:checking '/home/robogames/Desktop/Dog/dingo_ws/install/dingo_input_interfacing/bin'
[18.768s] Level 1:colcon.colcon_core.environment:checking '/home/robogames/Desktop/Dog/dingo_ws/install/dingo_input_interfacing/lib/pkgconfig/dingo_input_interfacing.pc'
[18.769s] Level 1:colcon.colcon_core.environment:checking '/home/robogames/Desktop/Dog/dingo_ws/install/dingo_input_interfacing/lib/python3.12/site-packages'
[18.770s] Level 1:colcon.colcon_core.shell:create_environment_hook('dingo_input_interfacing', 'pythonpath')
[18.773s] INFO:colcon.colcon_core.shell:Creating environment hook '/home/robogames/Desktop/Dog/dingo_ws/install/dingo_input_interfacing/share/dingo_input_interfacing/hook/pythonpath.ps1'
[18.775s] INFO:colcon.colcon_core.shell:Creating environment descriptor '/home/robogames/Desktop/Dog/dingo_ws/install/dingo_input_interfacing/share/dingo_input_interfacing/hook/pythonpath.dsv'
[18.783s] INFO:colcon.colcon_core.shell:Creating environment hook '/home/robogames/Desktop/Dog/dingo_ws/install/dingo_input_interfacing/share/dingo_input_interfacing/hook/pythonpath.sh'
[18.790s] Level 1:colcon.colcon_core.environment:checking '/home/robogames/Desktop/Dog/dingo_ws/install/dingo_input_interfacing/bin'
[18.794s] Level 1:colcon.colcon_core.environment:create_environment_scripts_only(dingo_input_interfacing)
[18.797s] INFO:colcon.colcon_core.shell:Creating package script '/home/robogames/Desktop/Dog/dingo_ws/install/dingo_input_interfacing/share/dingo_input_interfacing/package.ps1'
[18.799s] INFO:colcon.colcon_core.shell:Creating package descriptor '/home/robogames/Desktop/Dog/dingo_ws/install/dingo_input_interfacing/share/dingo_input_interfacing/package.dsv'
[18.803s] INFO:colcon.colcon_core.shell:Creating package script '/home/robogames/Desktop/Dog/dingo_ws/install/dingo_input_interfacing/share/dingo_input_interfacing/package.sh'
[18.806s] INFO:colcon.colcon_core.shell:Creating package script '/home/robogames/Desktop/Dog/dingo_ws/install/dingo_input_interfacing/share/dingo_input_interfacing/package.bash'
[18.809s] INFO:colcon.colcon_core.shell:Creating package script '/home/robogames/Desktop/Dog/dingo_ws/install/dingo_input_interfacing/share/dingo_input_interfacing/package.zsh'
[18.812s] Level 1:colcon.colcon_core.environment:create_file_with_runtime_dependencies(/home/robogames/Desktop/Dog/dingo_ws/install/dingo_input_interfacing/share/colcon-core/packages/dingo_input_interfacing)
[18.938s] DEBUG:colcon.colcon_core.event_handler.log_command:Invoking command in '/home/robogames/Desktop/Dog/dingo_ws/src/dingo_utilities': DEBUGINFOD_URLS=https://debuginfod.ubuntu.com PS1=(ros2_python_venv) \[\e]0;\u@\h: \w\a\]${debian_chroot:+($debian_chroot)}\[\033[01;32m\]\u@\h\[\033[00m\]:\[\033[01;34m\]\w\[\033[00m\]\$ PYTHONPATH=/home/robogames/Desktop/Dog/dingo_ws/build/dingo_utilities/prefix_override:/usr/lib/python3/dist-packages/colcon_core/task/python/colcon_distutils_commands:/home/robogames/Desktop/Dog/dingo_ws/install/dingo_utilities/lib/python3.12/site-packages:${PYTHONPATH} VIRTUAL_ENV_PROMPT=(ros2_python_venv) /usr/bin/python3 -W ignore:setup.py install is deprecated -W ignore:easy_install command is deprecated setup.py egg_info --egg-base ../../build/dingo_utilities build --build-base /home/robogames/Desktop/Dog/dingo_ws/build/dingo_utilities/build install --record /home/robogames/Desktop/Dog/dingo_ws/build/dingo_utilities/install.log --single-version-externally-managed
[19.527s] Level 1:colcon.colcon_core.environment:checking '/home/robogames/Desktop/Dog/dingo_ws/install/dingo_peripheral_interfacing' for CMake module files
[19.528s] DEBUG:colcon.colcon_core.event_handler.log_command:Invoked command in '/home/robogames/Desktop/Dog/dingo_ws/src/dingo_peripheral_interfacing' returned '0': DEBUGINFOD_URLS=https://debuginfod.ubuntu.com PS1=(ros2_python_venv) \[\e]0;\u@\h: \w\a\]${debian_chroot:+($debian_chroot)}\[\033[01;32m\]\u@\h\[\033[00m\]:\[\033[01;34m\]\w\[\033[00m\]\$ PYTHONPATH=/home/robogames/Desktop/Dog/dingo_ws/build/dingo_peripheral_interfacing/prefix_override:/usr/lib/python3/dist-packages/colcon_core/task/python/colcon_distutils_commands:/home/robogames/Desktop/Dog/dingo_ws/install/dingo_peripheral_interfacing/lib/python3.12/site-packages:${PYTHONPATH} VIRTUAL_ENV_PROMPT=(ros2_python_venv) /usr/bin/python3 -W ignore:setup.py install is deprecated -W ignore:easy_install command is deprecated setup.py egg_info --egg-base ../../build/dingo_peripheral_interfacing build --build-base /home/robogames/Desktop/Dog/dingo_ws/build/dingo_peripheral_interfacing/build install --record /home/robogames/Desktop/Dog/dingo_ws/build/dingo_peripheral_interfacing/install.log --single-version-externally-managed install_data
[19.531s] Level 1:colcon.colcon_core.environment:checking '/home/robogames/Desktop/Dog/dingo_ws/install/dingo_peripheral_interfacing' for CMake config files
[19.535s] Level 1:colcon.colcon_core.environment:checking '/home/robogames/Desktop/Dog/dingo_ws/install/dingo_peripheral_interfacing/lib'
[19.535s] Level 1:colcon.colcon_core.environment:checking '/home/robogames/Desktop/Dog/dingo_ws/install/dingo_peripheral_interfacing/bin'
[19.536s] Level 1:colcon.colcon_core.environment:checking '/home/robogames/Desktop/Dog/dingo_ws/install/dingo_peripheral_interfacing/lib/pkgconfig/dingo_peripheral_interfacing.pc'
[19.538s] Level 1:colcon.colcon_core.environment:checking '/home/robogames/Desktop/Dog/dingo_ws/install/dingo_peripheral_interfacing/lib/python3.12/site-packages'
[19.540s] Level 1:colcon.colcon_core.shell:create_environment_hook('dingo_peripheral_interfacing', 'pythonpath')
[19.541s] INFO:colcon.colcon_core.shell:Creating environment hook '/home/robogames/Desktop/Dog/dingo_ws/install/dingo_peripheral_interfacing/share/dingo_peripheral_interfacing/hook/pythonpath.ps1'
[19.543s] INFO:colcon.colcon_core.shell:Creating environment descriptor '/home/robogames/Desktop/Dog/dingo_ws/install/dingo_peripheral_interfacing/share/dingo_peripheral_interfacing/hook/pythonpath.dsv'
[19.544s] INFO:colcon.colcon_core.shell:Creating environment hook '/home/robogames/Desktop/Dog/dingo_ws/install/dingo_peripheral_interfacing/share/dingo_peripheral_interfacing/hook/pythonpath.sh'
[19.546s] Level 1:colcon.colcon_core.environment:checking '/home/robogames/Desktop/Dog/dingo_ws/install/dingo_peripheral_interfacing/bin'
[19.547s] Level 1:colcon.colcon_core.environment:create_environment_scripts_only(dingo_peripheral_interfacing)
[19.547s] INFO:colcon.colcon_core.shell:Creating package script '/home/robogames/Desktop/Dog/dingo_ws/install/dingo_peripheral_interfacing/share/dingo_peripheral_interfacing/package.ps1'
[19.550s] INFO:colcon.colcon_core.shell:Creating package descriptor '/home/robogames/Desktop/Dog/dingo_ws/install/dingo_peripheral_interfacing/share/dingo_peripheral_interfacing/package.dsv'
[19.551s] INFO:colcon.colcon_core.shell:Creating package script '/home/robogames/Desktop/Dog/dingo_ws/install/dingo_peripheral_interfacing/share/dingo_peripheral_interfacing/package.sh'
[19.552s] INFO:colcon.colcon_core.shell:Creating package script '/home/robogames/Desktop/Dog/dingo_ws/install/dingo_peripheral_interfacing/share/dingo_peripheral_interfacing/package.bash'
[19.553s] INFO:colcon.colcon_core.shell:Creating package script '/home/robogames/Desktop/Dog/dingo_ws/install/dingo_peripheral_interfacing/share/dingo_peripheral_interfacing/package.zsh'
[19.554s] Level 1:colcon.colcon_core.environment:create_file_with_runtime_dependencies(/home/robogames/Desktop/Dog/dingo_ws/install/dingo_peripheral_interfacing/share/colcon-core/packages/dingo_peripheral_interfacing)
[19.835s] Level 1:colcon.colcon_core.environment:checking '/home/robogames/Desktop/Dog/dingo_ws/install/dingo_servo_interfacing' for CMake module files
[19.838s] DEBUG:colcon.colcon_core.event_handler.log_command:Invoked command in '/home/robogames/Desktop/Dog/dingo_ws/src/dingo_servo_interfacing' returned '0': DEBUGINFOD_URLS=https://debuginfod.ubuntu.com PS1=(ros2_python_venv) \[\e]0;\u@\h: \w\a\]${debian_chroot:+($debian_chroot)}\[\033[01;32m\]\u@\h\[\033[00m\]:\[\033[01;34m\]\w\[\033[00m\]\$ PYTHONPATH=/home/robogames/Desktop/Dog/dingo_ws/build/dingo_servo_interfacing/prefix_override:/usr/lib/python3/dist-packages/colcon_core/task/python/colcon_distutils_commands:/home/robogames/Desktop/Dog/dingo_ws/install/dingo_servo_interfacing/lib/python3.12/site-packages:${PYTHONPATH} VIRTUAL_ENV_PROMPT=(ros2_python_venv) /usr/bin/python3 -W ignore:setup.py install is deprecated -W ignore:easy_install command is deprecated setup.py egg_info --egg-base ../../build/dingo_servo_interfacing build --build-base /home/robogames/Desktop/Dog/dingo_ws/build/dingo_servo_interfacing/build install --record /home/robogames/Desktop/Dog/dingo_ws/build/dingo_servo_interfacing/install.log --single-version-externally-managed
[19.839s] Level 1:colcon.colcon_core.environment:checking '/home/robogames/Desktop/Dog/dingo_ws/install/dingo_servo_interfacing' for CMake config files
[19.840s] Level 1:colcon.colcon_core.environment:checking '/home/robogames/Desktop/Dog/dingo_ws/install/dingo_servo_interfacing/lib'
[19.840s] Level 1:colcon.colcon_core.environment:checking '/home/robogames/Desktop/Dog/dingo_ws/install/dingo_servo_interfacing/bin'
[19.840s] Level 1:colcon.colcon_core.environment:checking '/home/robogames/Desktop/Dog/dingo_ws/install/dingo_servo_interfacing/lib/pkgconfig/dingo_servo_interfacing.pc'
[19.840s] Level 1:colcon.colcon_core.environment:checking '/home/robogames/Desktop/Dog/dingo_ws/install/dingo_servo_interfacing/lib/python3.12/site-packages'
[19.841s] Level 1:colcon.colcon_core.shell:create_environment_hook('dingo_servo_interfacing', 'pythonpath')
[19.841s] INFO:colcon.colcon_core.shell:Creating environment hook '/home/robogames/Desktop/Dog/dingo_ws/install/dingo_servo_interfacing/share/dingo_servo_interfacing/hook/pythonpath.ps1'
[19.843s] INFO:colcon.colcon_core.shell:Creating environment descriptor '/home/robogames/Desktop/Dog/dingo_ws/install/dingo_servo_interfacing/share/dingo_servo_interfacing/hook/pythonpath.dsv'
[19.845s] INFO:colcon.colcon_core.shell:Creating environment hook '/home/robogames/Desktop/Dog/dingo_ws/install/dingo_servo_interfacing/share/dingo_servo_interfacing/hook/pythonpath.sh'
[19.846s] Level 1:colcon.colcon_core.environment:checking '/home/robogames/Desktop/Dog/dingo_ws/install/dingo_servo_interfacing/bin'
[19.847s] Level 1:colcon.colcon_core.environment:create_environment_scripts_only(dingo_servo_interfacing)
[19.847s] INFO:colcon.colcon_core.shell:Creating package script '/home/robogames/Desktop/Dog/dingo_ws/install/dingo_servo_interfacing/share/dingo_servo_interfacing/package.ps1'
[19.849s] INFO:colcon.colcon_core.shell:Creating package descriptor '/home/robogames/Desktop/Dog/dingo_ws/install/dingo_servo_interfacing/share/dingo_servo_interfacing/package.dsv'
[19.851s] INFO:colcon.colcon_core.shell:Creating package script '/home/robogames/Desktop/Dog/dingo_ws/install/dingo_servo_interfacing/share/dingo_servo_interfacing/package.sh'
[19.854s] INFO:colcon.colcon_core.shell:Creating package script '/home/robogames/Desktop/Dog/dingo_ws/install/dingo_servo_interfacing/share/dingo_servo_interfacing/package.bash'
[19.856s] INFO:colcon.colcon_core.shell:Creating package script '/home/robogames/Desktop/Dog/dingo_ws/install/dingo_servo_interfacing/share/dingo_servo_interfacing/package.zsh'
[19.857s] Level 1:colcon.colcon_core.environment:create_file_with_runtime_dependencies(/home/robogames/Desktop/Dog/dingo_ws/install/dingo_servo_interfacing/share/colcon-core/packages/dingo_servo_interfacing)
[20.963s] Level 1:colcon.colcon_core.environment:checking '/home/robogames/Desktop/Dog/dingo_ws/install/dingo_utilities' for CMake module files
[20.964s] DEBUG:colcon.colcon_core.event_handler.log_command:Invoked command in '/home/robogames/Desktop/Dog/dingo_ws/src/dingo_utilities' returned '0': DEBUGINFOD_URLS=https://debuginfod.ubuntu.com PS1=(ros2_python_venv) \[\e]0;\u@\h: \w\a\]${debian_chroot:+($debian_chroot)}\[\033[01;32m\]\u@\h\[\033[00m\]:\[\033[01;34m\]\w\[\033[00m\]\$ PYTHONPATH=/home/robogames/Desktop/Dog/dingo_ws/build/dingo_utilities/prefix_override:/usr/lib/python3/dist-packages/colcon_core/task/python/colcon_distutils_commands:/home/robogames/Desktop/Dog/dingo_ws/install/dingo_utilities/lib/python3.12/site-packages:${PYTHONPATH} VIRTUAL_ENV_PROMPT=(ros2_python_venv) /usr/bin/python3 -W ignore:setup.py install is deprecated -W ignore:easy_install command is deprecated setup.py egg_info --egg-base ../../build/dingo_utilities build --build-base /home/robogames/Desktop/Dog/dingo_ws/build/dingo_utilities/build install --record /home/robogames/Desktop/Dog/dingo_ws/build/dingo_utilities/install.log --single-version-externally-managed
[20.965s] Level 1:colcon.colcon_core.environment:checking '/home/robogames/Desktop/Dog/dingo_ws/install/dingo_utilities' for CMake config files
[20.966s] Level 1:colcon.colcon_core.environment:checking '/home/robogames/Desktop/Dog/dingo_ws/install/dingo_utilities/lib'
[20.966s] Level 1:colcon.colcon_core.environment:checking '/home/robogames/Desktop/Dog/dingo_ws/install/dingo_utilities/bin'
[20.966s] Level 1:colcon.colcon_core.environment:checking '/home/robogames/Desktop/Dog/dingo_ws/install/dingo_utilities/lib/pkgconfig/dingo_utilities.pc'
[20.966s] Level 1:colcon.colcon_core.environment:checking '/home/robogames/Desktop/Dog/dingo_ws/install/dingo_utilities/lib/python3.12/site-packages'
[20.967s] Level 1:colcon.colcon_core.shell:create_environment_hook('dingo_utilities', 'pythonpath')
[20.967s] INFO:colcon.colcon_core.shell:Creating environment hook '/home/robogames/Desktop/Dog/dingo_ws/install/dingo_utilities/share/dingo_utilities/hook/pythonpath.ps1'
[20.968s] INFO:colcon.colcon_core.shell:Creating environment descriptor '/home/robogames/Desktop/Dog/dingo_ws/install/dingo_utilities/share/dingo_utilities/hook/pythonpath.dsv'
[20.970s] INFO:colcon.colcon_core.shell:Creating environment hook '/home/robogames/Desktop/Dog/dingo_ws/install/dingo_utilities/share/dingo_utilities/hook/pythonpath.sh'
[20.972s] Level 1:colcon.colcon_core.environment:checking '/home/robogames/Desktop/Dog/dingo_ws/install/dingo_utilities/bin'
[20.972s] Level 1:colcon.colcon_core.environment:create_environment_scripts_only(dingo_utilities)
[20.973s] INFO:colcon.colcon_core.shell:Creating package script '/home/robogames/Desktop/Dog/dingo_ws/install/dingo_utilities/share/dingo_utilities/package.ps1'
[20.974s] INFO:colcon.colcon_core.shell:Creating package descriptor '/home/robogames/Desktop/Dog/dingo_ws/install/dingo_utilities/share/dingo_utilities/package.dsv'
[20.975s] INFO:colcon.colcon_core.shell:Creating package script '/home/robogames/Desktop/Dog/dingo_ws/install/dingo_utilities/share/dingo_utilities/package.sh'
[20.976s] INFO:colcon.colcon_core.shell:Creating package script '/home/robogames/Desktop/Dog/dingo_ws/install/dingo_utilities/share/dingo_utilities/package.bash'
[20.976s] INFO:colcon.colcon_core.shell:Creating package script '/home/robogames/Desktop/Dog/dingo_ws/install/dingo_utilities/share/dingo_utilities/package.zsh'
[20.977s] Level 1:colcon.colcon_core.environment:create_file_with_runtime_dependencies(/home/robogames/Desktop/Dog/dingo_ws/install/dingo_utilities/share/colcon-core/packages/dingo_utilities)
[20.978s] DEBUG:colcon.colcon_parallel_executor.executor.parallel:closing loop
[20.979s] DEBUG:colcon.colcon_parallel_executor.executor.parallel:loop closed
[20.979s] DEBUG:colcon.colcon_parallel_executor.executor.parallel:run_until_complete finished with '0'
[20.980s] DEBUG:colcon.colcon_core.event_reactor:joining thread
[21.008s] INFO:colcon.colcon_core.plugin_system:Skipping extension 'colcon_notification.desktop_notification.terminal_notifier': Not used on non-Darwin systems
[21.009s] INFO:colcon.colcon_core.plugin_system:Skipping extension 'colcon_notification.desktop_notification.win32': Not used on non-Windows systems
[21.009s] INFO:colcon.colcon_notification.desktop_notification:Sending desktop notification using 'notify2'
[21.081s] DEBUG:colcon.colcon_core.event_reactor:joined thread
[21.102s] INFO:colcon.colcon_core.shell:Creating prefix script '/home/robogames/Desktop/Dog/dingo_ws/install/local_setup.ps1'
[21.119s] INFO:colcon.colcon_core.shell:Creating prefix util module '/home/robogames/Desktop/Dog/dingo_ws/install/_local_setup_util_ps1.py'
[21.121s] INFO:colcon.colcon_core.shell:Creating prefix chain script '/home/robogames/Desktop/Dog/dingo_ws/install/setup.ps1'
[21.124s] INFO:colcon.colcon_core.shell:Creating prefix script '/home/robogames/Desktop/Dog/dingo_ws/install/local_setup.sh'
[21.125s] INFO:colcon.colcon_core.shell:Creating prefix util module '/home/robogames/Desktop/Dog/dingo_ws/install/_local_setup_util_sh.py'
[21.126s] INFO:colcon.colcon_core.shell:Creating prefix chain script '/home/robogames/Desktop/Dog/dingo_ws/install/setup.sh'
[21.131s] INFO:colcon.colcon_core.shell:Creating prefix script '/home/robogames/Desktop/Dog/dingo_ws/install/local_setup.bash'
[21.132s] INFO:colcon.colcon_core.shell:Creating prefix chain script '/home/robogames/Desktop/Dog/dingo_ws/install/setup.bash'
[21.137s] INFO:colcon.colcon_core.shell:Creating prefix script '/home/robogames/Desktop/Dog/dingo_ws/install/local_setup.zsh'
[21.138s] INFO:colcon.colcon_core.shell:Creating prefix chain script '/home/robogames/Desktop/Dog/dingo_ws/install/setup.zsh'
