[0.177s] DEBUG:colcon:Command line arguments: ['/usr/bin/colcon', 'build']
[0.178s] DEBUG:colcon:Parsed command line arguments: Namespace(log_base=None, log_level=None, verb_name='build', build_base='build', install_base='install', merge_install=False, symlink_install=False, test_result_base=None, continue_on_error=False, executor='parallel', parallel_workers=4, event_handlers=None, ignore_user_meta=False, metas=['./colcon.meta'], base_paths=['.'], packages_ignore=None, packages_ignore_regex=None, paths=None, packages_up_to=None, packages_up_to_regex=None, packages_above=None, packages_above_and_dependencies=None, packages_above_depth=None, packages_select_by_dep=None, packages_skip_by_dep=None, packages_skip_up_to=None, packages_select_build_failed=False, packages_skip_build_finished=False, packages_select_test_failures=False, packages_skip_test_passed=False, packages_select=None, packages_skip=None, packages_select_regex=None, packages_skip_regex=None, packages_start=None, packages_end=None, allow_overriding=[], cmake_args=None, cmake_target=None, cmake_target_skip_unavailable=False, cmake_clean_cache=False, cmake_clean_first=False, cmake_force_configure=False, ament_cmake_args=None, catkin_cmake_args=None, catkin_skip_building_tests=False, mixin_files=None, mixin=None, verb_parser=<colcon_mixin.mixin.mixin_argument.MixinArgumentDecorator object at 0xffffae7bc080>, verb_extension=<colcon_core.verb.build.BuildVerb object at 0xffffae78fef0>, main=<bound method BuildVerb.main of <colcon_core.verb.build.BuildVerb object at 0xffffae78fef0>>, mixin_verb=('build',))
[0.235s] Level 1:colcon.colcon_core.package_discovery:discover_packages(colcon_meta) check parameters
[0.235s] Level 1:colcon.colcon_core.package_discovery:discover_packages(recursive) check parameters
[0.235s] Level 1:colcon.colcon_core.package_discovery:discover_packages(ignore) check parameters
[0.235s] Level 1:colcon.colcon_core.package_discovery:discover_packages(path) check parameters
[0.235s] Level 1:colcon.colcon_core.package_discovery:discover_packages(colcon_meta) discover
[0.235s] Level 1:colcon.colcon_core.package_discovery:discover_packages(recursive) discover
[0.235s] INFO:colcon.colcon_core.package_discovery:Crawling recursively for packages in '/home/robogames/Desktop/Dog/dingo_ws'
[0.236s] Level 1:colcon.colcon_core.package_identification:_identify(.) by extensions ['ignore', 'ignore_ament_install']
[0.236s] Level 1:colcon.colcon_core.package_identification:_identify(.) by extension 'ignore'
[0.236s] Level 1:colcon.colcon_core.package_identification:_identify(.) by extension 'ignore_ament_install'
[0.236s] Level 1:colcon.colcon_core.package_identification:_identify(.) by extensions ['colcon_pkg']
[0.236s] Level 1:colcon.colcon_core.package_identification:_identify(.) by extension 'colcon_pkg'
[0.236s] Level 1:colcon.colcon_core.package_identification:_identify(.) by extensions ['colcon_meta']
[0.236s] Level 1:colcon.colcon_core.package_identification:_identify(.) by extension 'colcon_meta'
[0.236s] Level 1:colcon.colcon_core.package_identification:_identify(.) by extensions ['ros']
[0.236s] Level 1:colcon.colcon_core.package_identification:_identify(.) by extension 'ros'
[0.274s] Level 1:colcon.colcon_core.package_identification:_identify(.) by extensions ['cmake', 'python']
[0.274s] Level 1:colcon.colcon_core.package_identification:_identify(.) by extension 'cmake'
[0.274s] Level 1:colcon.colcon_core.package_identification:_identify(.) by extension 'python'
[0.274s] Level 1:colcon.colcon_core.package_identification:_identify(.) by extensions ['python_setup_py']
[0.274s] Level 1:colcon.colcon_core.package_identification:_identify(.) by extension 'python_setup_py'
[0.274s] Level 1:colcon.colcon_core.package_identification:_identify(build) by extensions ['ignore', 'ignore_ament_install']
[0.274s] Level 1:colcon.colcon_core.package_identification:_identify(build) by extension 'ignore'
[0.274s] Level 1:colcon.colcon_core.package_identification:_identify(build) ignored
[0.274s] Level 1:colcon.colcon_core.package_identification:_identify(install) by extensions ['ignore', 'ignore_ament_install']
[0.275s] Level 1:colcon.colcon_core.package_identification:_identify(install) by extension 'ignore'
[0.275s] Level 1:colcon.colcon_core.package_identification:_identify(install) ignored
[0.275s] Level 1:colcon.colcon_core.package_identification:_identify(log) by extensions ['ignore', 'ignore_ament_install']
[0.275s] Level 1:colcon.colcon_core.package_identification:_identify(log) by extension 'ignore'
[0.275s] Level 1:colcon.colcon_core.package_identification:_identify(log) ignored
[0.275s] Level 1:colcon.colcon_core.package_identification:_identify(src) by extensions ['ignore', 'ignore_ament_install']
[0.275s] Level 1:colcon.colcon_core.package_identification:_identify(src) by extension 'ignore'
[0.275s] Level 1:colcon.colcon_core.package_identification:_identify(src) by extension 'ignore_ament_install'
[0.275s] Level 1:colcon.colcon_core.package_identification:_identify(src) by extensions ['colcon_pkg']
[0.275s] Level 1:colcon.colcon_core.package_identification:_identify(src) by extension 'colcon_pkg'
[0.275s] Level 1:colcon.colcon_core.package_identification:_identify(src) by extensions ['colcon_meta']
[0.275s] Level 1:colcon.colcon_core.package_identification:_identify(src) by extension 'colcon_meta'
[0.275s] Level 1:colcon.colcon_core.package_identification:_identify(src) by extensions ['ros']
[0.275s] Level 1:colcon.colcon_core.package_identification:_identify(src) by extension 'ros'
[0.275s] Level 1:colcon.colcon_core.package_identification:_identify(src) by extensions ['cmake', 'python']
[0.275s] Level 1:colcon.colcon_core.package_identification:_identify(src) by extension 'cmake'
[0.276s] Level 1:colcon.colcon_core.package_identification:_identify(src) by extension 'python'
[0.276s] Level 1:colcon.colcon_core.package_identification:_identify(src) by extensions ['python_setup_py']
[0.276s] Level 1:colcon.colcon_core.package_identification:_identify(src) by extension 'python_setup_py'
[0.276s] Level 1:colcon.colcon_core.package_identification:_identify(src/dingo) by extensions ['ignore', 'ignore_ament_install']
[0.276s] Level 1:colcon.colcon_core.package_identification:_identify(src/dingo) by extension 'ignore'
[0.276s] Level 1:colcon.colcon_core.package_identification:_identify(src/dingo) by extension 'ignore_ament_install'
[0.276s] Level 1:colcon.colcon_core.package_identification:_identify(src/dingo) by extensions ['colcon_pkg']
[0.276s] Level 1:colcon.colcon_core.package_identification:_identify(src/dingo) by extension 'colcon_pkg'
[0.276s] Level 1:colcon.colcon_core.package_identification:_identify(src/dingo) by extensions ['colcon_meta']
[0.276s] Level 1:colcon.colcon_core.package_identification:_identify(src/dingo) by extension 'colcon_meta'
[0.276s] Level 1:colcon.colcon_core.package_identification:_identify(src/dingo) by extensions ['ros']
[0.276s] Level 1:colcon.colcon_core.package_identification:_identify(src/dingo) by extension 'ros'
[0.279s] DEBUG:colcon.colcon_core.package_identification:Package 'src/dingo' with type 'ros.ament_python' and name 'dingo'
[0.279s] Level 1:colcon.colcon_core.package_identification:_identify(src/dingo_control) by extensions ['ignore', 'ignore_ament_install']
[0.279s] Level 1:colcon.colcon_core.package_identification:_identify(src/dingo_control) by extension 'ignore'
[0.280s] Level 1:colcon.colcon_core.package_identification:_identify(src/dingo_control) by extension 'ignore_ament_install'
[0.280s] Level 1:colcon.colcon_core.package_identification:_identify(src/dingo_control) by extensions ['colcon_pkg']
[0.280s] Level 1:colcon.colcon_core.package_identification:_identify(src/dingo_control) by extension 'colcon_pkg'
[0.280s] Level 1:colcon.colcon_core.package_identification:_identify(src/dingo_control) by extensions ['colcon_meta']
[0.280s] Level 1:colcon.colcon_core.package_identification:_identify(src/dingo_control) by extension 'colcon_meta'
[0.280s] Level 1:colcon.colcon_core.package_identification:_identify(src/dingo_control) by extensions ['ros']
[0.280s] Level 1:colcon.colcon_core.package_identification:_identify(src/dingo_control) by extension 'ros'
[0.281s] DEBUG:colcon.colcon_core.package_identification:Package 'src/dingo_control' with type 'ros.ament_python' and name 'dingo_control'
[0.281s] Level 1:colcon.colcon_core.package_identification:_identify(src/dingo_description) by extensions ['ignore', 'ignore_ament_install']
[0.281s] Level 1:colcon.colcon_core.package_identification:_identify(src/dingo_description) by extension 'ignore'
[0.281s] Level 1:colcon.colcon_core.package_identification:_identify(src/dingo_description) by extension 'ignore_ament_install'
[0.281s] Level 1:colcon.colcon_core.package_identification:_identify(src/dingo_description) by extensions ['colcon_pkg']
[0.281s] Level 1:colcon.colcon_core.package_identification:_identify(src/dingo_description) by extension 'colcon_pkg'
[0.281s] Level 1:colcon.colcon_core.package_identification:_identify(src/dingo_description) by extensions ['colcon_meta']
[0.281s] Level 1:colcon.colcon_core.package_identification:_identify(src/dingo_description) by extension 'colcon_meta'
[0.281s] Level 1:colcon.colcon_core.package_identification:_identify(src/dingo_description) by extensions ['ros']
[0.281s] Level 1:colcon.colcon_core.package_identification:_identify(src/dingo_description) by extension 'ros'
[0.282s] DEBUG:colcon.colcon_core.package_identification:Package 'src/dingo_description' with type 'ros.ament_python' and name 'dingo_description'
[0.282s] Level 1:colcon.colcon_core.package_identification:_identify(src/dingo_gazebo) by extensions ['ignore', 'ignore_ament_install']
[0.282s] Level 1:colcon.colcon_core.package_identification:_identify(src/dingo_gazebo) by extension 'ignore'
[0.282s] Level 1:colcon.colcon_core.package_identification:_identify(src/dingo_gazebo) by extension 'ignore_ament_install'
[0.282s] Level 1:colcon.colcon_core.package_identification:_identify(src/dingo_gazebo) by extensions ['colcon_pkg']
[0.282s] Level 1:colcon.colcon_core.package_identification:_identify(src/dingo_gazebo) by extension 'colcon_pkg'
[0.282s] Level 1:colcon.colcon_core.package_identification:_identify(src/dingo_gazebo) by extensions ['colcon_meta']
[0.282s] Level 1:colcon.colcon_core.package_identification:_identify(src/dingo_gazebo) by extension 'colcon_meta'
[0.282s] Level 1:colcon.colcon_core.package_identification:_identify(src/dingo_gazebo) by extensions ['ros']
[0.282s] Level 1:colcon.colcon_core.package_identification:_identify(src/dingo_gazebo) by extension 'ros'
[0.283s] DEBUG:colcon.colcon_core.package_identification:Package 'src/dingo_gazebo' with type 'ros.ament_python' and name 'dingo_gazebo'
[0.283s] Level 1:colcon.colcon_core.package_identification:_identify(src/dingo_input_interfacing) by extensions ['ignore', 'ignore_ament_install']
[0.283s] Level 1:colcon.colcon_core.package_identification:_identify(src/dingo_input_interfacing) by extension 'ignore'
[0.283s] Level 1:colcon.colcon_core.package_identification:_identify(src/dingo_input_interfacing) by extension 'ignore_ament_install'
[0.283s] Level 1:colcon.colcon_core.package_identification:_identify(src/dingo_input_interfacing) by extensions ['colcon_pkg']
[0.283s] Level 1:colcon.colcon_core.package_identification:_identify(src/dingo_input_interfacing) by extension 'colcon_pkg'
[0.283s] Level 1:colcon.colcon_core.package_identification:_identify(src/dingo_input_interfacing) by extensions ['colcon_meta']
[0.283s] Level 1:colcon.colcon_core.package_identification:_identify(src/dingo_input_interfacing) by extension 'colcon_meta'
[0.283s] Level 1:colcon.colcon_core.package_identification:_identify(src/dingo_input_interfacing) by extensions ['ros']
[0.283s] Level 1:colcon.colcon_core.package_identification:_identify(src/dingo_input_interfacing) by extension 'ros'
[0.284s] DEBUG:colcon.colcon_core.package_identification:Package 'src/dingo_input_interfacing' with type 'ros.ament_python' and name 'dingo_input_interfacing'
[0.284s] Level 1:colcon.colcon_core.package_identification:_identify(src/dingo_msgs) by extensions ['ignore', 'ignore_ament_install']
[0.284s] Level 1:colcon.colcon_core.package_identification:_identify(src/dingo_msgs) by extension 'ignore'
[0.284s] Level 1:colcon.colcon_core.package_identification:_identify(src/dingo_msgs) by extension 'ignore_ament_install'
[0.284s] Level 1:colcon.colcon_core.package_identification:_identify(src/dingo_msgs) by extensions ['colcon_pkg']
[0.284s] Level 1:colcon.colcon_core.package_identification:_identify(src/dingo_msgs) by extension 'colcon_pkg'
[0.284s] Level 1:colcon.colcon_core.package_identification:_identify(src/dingo_msgs) by extensions ['colcon_meta']
[0.284s] Level 1:colcon.colcon_core.package_identification:_identify(src/dingo_msgs) by extension 'colcon_meta'
[0.285s] Level 1:colcon.colcon_core.package_identification:_identify(src/dingo_msgs) by extensions ['ros']
[0.285s] Level 1:colcon.colcon_core.package_identification:_identify(src/dingo_msgs) by extension 'ros'
[0.285s] DEBUG:colcon.colcon_core.package_identification:Package 'src/dingo_msgs' with type 'ros.ament_cmake' and name 'dingo_msgs'
[0.285s] Level 1:colcon.colcon_core.package_identification:_identify(src/dingo_peripheral_interfacing) by extensions ['ignore', 'ignore_ament_install']
[0.285s] Level 1:colcon.colcon_core.package_identification:_identify(src/dingo_peripheral_interfacing) by extension 'ignore'
[0.285s] Level 1:colcon.colcon_core.package_identification:_identify(src/dingo_peripheral_interfacing) by extension 'ignore_ament_install'
[0.285s] Level 1:colcon.colcon_core.package_identification:_identify(src/dingo_peripheral_interfacing) by extensions ['colcon_pkg']
[0.285s] Level 1:colcon.colcon_core.package_identification:_identify(src/dingo_peripheral_interfacing) by extension 'colcon_pkg'
[0.285s] Level 1:colcon.colcon_core.package_identification:_identify(src/dingo_peripheral_interfacing) by extensions ['colcon_meta']
[0.285s] Level 1:colcon.colcon_core.package_identification:_identify(src/dingo_peripheral_interfacing) by extension 'colcon_meta'
[0.286s] Level 1:colcon.colcon_core.package_identification:_identify(src/dingo_peripheral_interfacing) by extensions ['ros']
[0.286s] Level 1:colcon.colcon_core.package_identification:_identify(src/dingo_peripheral_interfacing) by extension 'ros'
[0.286s] DEBUG:colcon.colcon_core.package_identification:Package 'src/dingo_peripheral_interfacing' with type 'ros.ament_python' and name 'dingo_peripheral_interfacing'
[0.286s] Level 1:colcon.colcon_core.package_identification:_identify(src/dingo_servo_interfacing) by extensions ['ignore', 'ignore_ament_install']
[0.286s] Level 1:colcon.colcon_core.package_identification:_identify(src/dingo_servo_interfacing) by extension 'ignore'
[0.286s] Level 1:colcon.colcon_core.package_identification:_identify(src/dingo_servo_interfacing) by extension 'ignore_ament_install'
[0.286s] Level 1:colcon.colcon_core.package_identification:_identify(src/dingo_servo_interfacing) by extensions ['colcon_pkg']
[0.286s] Level 1:colcon.colcon_core.package_identification:_identify(src/dingo_servo_interfacing) by extension 'colcon_pkg'
[0.287s] Level 1:colcon.colcon_core.package_identification:_identify(src/dingo_servo_interfacing) by extensions ['colcon_meta']
[0.287s] Level 1:colcon.colcon_core.package_identification:_identify(src/dingo_servo_interfacing) by extension 'colcon_meta'
[0.287s] Level 1:colcon.colcon_core.package_identification:_identify(src/dingo_servo_interfacing) by extensions ['ros']
[0.287s] Level 1:colcon.colcon_core.package_identification:_identify(src/dingo_servo_interfacing) by extension 'ros'
[0.287s] DEBUG:colcon.colcon_core.package_identification:Package 'src/dingo_servo_interfacing' with type 'ros.ament_python' and name 'dingo_servo_interfacing'
[0.287s] Level 1:colcon.colcon_core.package_identification:_identify(src/dingo_utilities) by extensions ['ignore', 'ignore_ament_install']
[0.287s] Level 1:colcon.colcon_core.package_identification:_identify(src/dingo_utilities) by extension 'ignore'
[0.287s] Level 1:colcon.colcon_core.package_identification:_identify(src/dingo_utilities) by extension 'ignore_ament_install'
[0.287s] Level 1:colcon.colcon_core.package_identification:_identify(src/dingo_utilities) by extensions ['colcon_pkg']
[0.288s] Level 1:colcon.colcon_core.package_identification:_identify(src/dingo_utilities) by extension 'colcon_pkg'
[0.288s] Level 1:colcon.colcon_core.package_identification:_identify(src/dingo_utilities) by extensions ['colcon_meta']
[0.288s] Level 1:colcon.colcon_core.package_identification:_identify(src/dingo_utilities) by extension 'colcon_meta'
[0.288s] Level 1:colcon.colcon_core.package_identification:_identify(src/dingo_utilities) by extensions ['ros']
[0.288s] Level 1:colcon.colcon_core.package_identification:_identify(src/dingo_utilities) by extension 'ros'
[0.288s] DEBUG:colcon.colcon_core.package_identification:Package 'src/dingo_utilities' with type 'ros.ament_python' and name 'dingo_utilities'
[0.288s] Level 1:colcon.colcon_core.package_discovery:discover_packages(recursive) using defaults
[0.288s] Level 1:colcon.colcon_core.package_discovery:discover_packages(ignore) discover
[0.288s] Level 1:colcon.colcon_core.package_discovery:discover_packages(ignore) using defaults
[0.288s] Level 1:colcon.colcon_core.package_discovery:discover_packages(path) discover
[0.288s] Level 1:colcon.colcon_core.package_discovery:discover_packages(path) using defaults
[0.316s] Level 1:colcon.colcon_core.package_discovery:discover_packages(prefix_path) check parameters
[0.317s] Level 1:colcon.colcon_core.package_discovery:discover_packages(prefix_path) discover
[0.320s] DEBUG:colcon.colcon_installed_package_information.package_discovery:Found 9 installed packages in /home/robogames/Desktop/Dog/dingo_ws/install
[0.320s] DEBUG:colcon.colcon_installed_package_information.package_discovery:Found 5 installed packages in /home/robogames/vt-cro/robogames_pi/car_robot_ws/install
[0.323s] DEBUG:colcon.colcon_installed_package_information.package_discovery:Found 492 installed packages in /opt/ros/jazzy
[0.325s] Level 1:colcon.colcon_core.package_discovery:discover_packages(prefix_path) using defaults
[0.450s] Level 5:colcon.colcon_core.verb:set package 'dingo' build argument 'cmake_args' from command line to 'None'
[0.450s] Level 5:colcon.colcon_core.verb:set package 'dingo' build argument 'cmake_target' from command line to 'None'
[0.450s] Level 5:colcon.colcon_core.verb:set package 'dingo' build argument 'cmake_target_skip_unavailable' from command line to 'False'
[0.450s] Level 5:colcon.colcon_core.verb:set package 'dingo' build argument 'cmake_clean_cache' from command line to 'False'
[0.450s] Level 5:colcon.colcon_core.verb:set package 'dingo' build argument 'cmake_clean_first' from command line to 'False'
[0.450s] Level 5:colcon.colcon_core.verb:set package 'dingo' build argument 'cmake_force_configure' from command line to 'False'
[0.450s] Level 5:colcon.colcon_core.verb:set package 'dingo' build argument 'ament_cmake_args' from command line to 'None'
[0.450s] Level 5:colcon.colcon_core.verb:set package 'dingo' build argument 'catkin_cmake_args' from command line to 'None'
[0.450s] Level 5:colcon.colcon_core.verb:set package 'dingo' build argument 'catkin_skip_building_tests' from command line to 'False'
[0.450s] DEBUG:colcon.colcon_core.verb:Building package 'dingo' with the following arguments: {'ament_cmake_args': None, 'build_base': '/home/robogames/Desktop/Dog/dingo_ws/build/dingo', 'catkin_cmake_args': None, 'catkin_skip_building_tests': False, 'cmake_args': None, 'cmake_clean_cache': False, 'cmake_clean_first': False, 'cmake_force_configure': False, 'cmake_target': None, 'cmake_target_skip_unavailable': False, 'install_base': '/home/robogames/Desktop/Dog/dingo_ws/install/dingo', 'merge_install': False, 'path': '/home/robogames/Desktop/Dog/dingo_ws/src/dingo', 'symlink_install': False, 'test_result_base': None}
[0.451s] Level 5:colcon.colcon_core.verb:set package 'dingo_control' build argument 'cmake_args' from command line to 'None'
[0.451s] Level 5:colcon.colcon_core.verb:set package 'dingo_control' build argument 'cmake_target' from command line to 'None'
[0.451s] Level 5:colcon.colcon_core.verb:set package 'dingo_control' build argument 'cmake_target_skip_unavailable' from command line to 'False'
[0.451s] Level 5:colcon.colcon_core.verb:set package 'dingo_control' build argument 'cmake_clean_cache' from command line to 'False'
[0.451s] Level 5:colcon.colcon_core.verb:set package 'dingo_control' build argument 'cmake_clean_first' from command line to 'False'
[0.451s] Level 5:colcon.colcon_core.verb:set package 'dingo_control' build argument 'cmake_force_configure' from command line to 'False'
[0.451s] Level 5:colcon.colcon_core.verb:set package 'dingo_control' build argument 'ament_cmake_args' from command line to 'None'
[0.451s] Level 5:colcon.colcon_core.verb:set package 'dingo_control' build argument 'catkin_cmake_args' from command line to 'None'
[0.451s] Level 5:colcon.colcon_core.verb:set package 'dingo_control' build argument 'catkin_skip_building_tests' from command line to 'False'
[0.451s] DEBUG:colcon.colcon_core.verb:Building package 'dingo_control' with the following arguments: {'ament_cmake_args': None, 'build_base': '/home/robogames/Desktop/Dog/dingo_ws/build/dingo_control', 'catkin_cmake_args': None, 'catkin_skip_building_tests': False, 'cmake_args': None, 'cmake_clean_cache': False, 'cmake_clean_first': False, 'cmake_force_configure': False, 'cmake_target': None, 'cmake_target_skip_unavailable': False, 'install_base': '/home/robogames/Desktop/Dog/dingo_ws/install/dingo_control', 'merge_install': False, 'path': '/home/robogames/Desktop/Dog/dingo_ws/src/dingo_control', 'symlink_install': False, 'test_result_base': None}
[0.451s] Level 5:colcon.colcon_core.verb:set package 'dingo_description' build argument 'cmake_args' from command line to 'None'
[0.451s] Level 5:colcon.colcon_core.verb:set package 'dingo_description' build argument 'cmake_target' from command line to 'None'
[0.451s] Level 5:colcon.colcon_core.verb:set package 'dingo_description' build argument 'cmake_target_skip_unavailable' from command line to 'False'
[0.451s] Level 5:colcon.colcon_core.verb:set package 'dingo_description' build argument 'cmake_clean_cache' from command line to 'False'
[0.451s] Level 5:colcon.colcon_core.verb:set package 'dingo_description' build argument 'cmake_clean_first' from command line to 'False'
[0.451s] Level 5:colcon.colcon_core.verb:set package 'dingo_description' build argument 'cmake_force_configure' from command line to 'False'
[0.451s] Level 5:colcon.colcon_core.verb:set package 'dingo_description' build argument 'ament_cmake_args' from command line to 'None'
[0.451s] Level 5:colcon.colcon_core.verb:set package 'dingo_description' build argument 'catkin_cmake_args' from command line to 'None'
[0.451s] Level 5:colcon.colcon_core.verb:set package 'dingo_description' build argument 'catkin_skip_building_tests' from command line to 'False'
[0.451s] DEBUG:colcon.colcon_core.verb:Building package 'dingo_description' with the following arguments: {'ament_cmake_args': None, 'build_base': '/home/robogames/Desktop/Dog/dingo_ws/build/dingo_description', 'catkin_cmake_args': None, 'catkin_skip_building_tests': False, 'cmake_args': None, 'cmake_clean_cache': False, 'cmake_clean_first': False, 'cmake_force_configure': False, 'cmake_target': None, 'cmake_target_skip_unavailable': False, 'install_base': '/home/robogames/Desktop/Dog/dingo_ws/install/dingo_description', 'merge_install': False, 'path': '/home/robogames/Desktop/Dog/dingo_ws/src/dingo_description', 'symlink_install': False, 'test_result_base': None}
[0.452s] Level 5:colcon.colcon_core.verb:set package 'dingo_gazebo' build argument 'cmake_args' from command line to 'None'
[0.452s] Level 5:colcon.colcon_core.verb:set package 'dingo_gazebo' build argument 'cmake_target' from command line to 'None'
[0.452s] Level 5:colcon.colcon_core.verb:set package 'dingo_gazebo' build argument 'cmake_target_skip_unavailable' from command line to 'False'
[0.452s] Level 5:colcon.colcon_core.verb:set package 'dingo_gazebo' build argument 'cmake_clean_cache' from command line to 'False'
[0.452s] Level 5:colcon.colcon_core.verb:set package 'dingo_gazebo' build argument 'cmake_clean_first' from command line to 'False'
[0.452s] Level 5:colcon.colcon_core.verb:set package 'dingo_gazebo' build argument 'cmake_force_configure' from command line to 'False'
[0.452s] Level 5:colcon.colcon_core.verb:set package 'dingo_gazebo' build argument 'ament_cmake_args' from command line to 'None'
[0.452s] Level 5:colcon.colcon_core.verb:set package 'dingo_gazebo' build argument 'catkin_cmake_args' from command line to 'None'
[0.452s] Level 5:colcon.colcon_core.verb:set package 'dingo_gazebo' build argument 'catkin_skip_building_tests' from command line to 'False'
[0.452s] DEBUG:colcon.colcon_core.verb:Building package 'dingo_gazebo' with the following arguments: {'ament_cmake_args': None, 'build_base': '/home/robogames/Desktop/Dog/dingo_ws/build/dingo_gazebo', 'catkin_cmake_args': None, 'catkin_skip_building_tests': False, 'cmake_args': None, 'cmake_clean_cache': False, 'cmake_clean_first': False, 'cmake_force_configure': False, 'cmake_target': None, 'cmake_target_skip_unavailable': False, 'install_base': '/home/robogames/Desktop/Dog/dingo_ws/install/dingo_gazebo', 'merge_install': False, 'path': '/home/robogames/Desktop/Dog/dingo_ws/src/dingo_gazebo', 'symlink_install': False, 'test_result_base': None}
[0.452s] Level 5:colcon.colcon_core.verb:set package 'dingo_input_interfacing' build argument 'cmake_args' from command line to 'None'
[0.452s] Level 5:colcon.colcon_core.verb:set package 'dingo_input_interfacing' build argument 'cmake_target' from command line to 'None'
[0.452s] Level 5:colcon.colcon_core.verb:set package 'dingo_input_interfacing' build argument 'cmake_target_skip_unavailable' from command line to 'False'
[0.452s] Level 5:colcon.colcon_core.verb:set package 'dingo_input_interfacing' build argument 'cmake_clean_cache' from command line to 'False'
[0.452s] Level 5:colcon.colcon_core.verb:set package 'dingo_input_interfacing' build argument 'cmake_clean_first' from command line to 'False'
[0.452s] Level 5:colcon.colcon_core.verb:set package 'dingo_input_interfacing' build argument 'cmake_force_configure' from command line to 'False'
[0.452s] Level 5:colcon.colcon_core.verb:set package 'dingo_input_interfacing' build argument 'ament_cmake_args' from command line to 'None'
[0.452s] Level 5:colcon.colcon_core.verb:set package 'dingo_input_interfacing' build argument 'catkin_cmake_args' from command line to 'None'
[0.452s] Level 5:colcon.colcon_core.verb:set package 'dingo_input_interfacing' build argument 'catkin_skip_building_tests' from command line to 'False'
[0.452s] DEBUG:colcon.colcon_core.verb:Building package 'dingo_input_interfacing' with the following arguments: {'ament_cmake_args': None, 'build_base': '/home/robogames/Desktop/Dog/dingo_ws/build/dingo_input_interfacing', 'catkin_cmake_args': None, 'catkin_skip_building_tests': False, 'cmake_args': None, 'cmake_clean_cache': False, 'cmake_clean_first': False, 'cmake_force_configure': False, 'cmake_target': None, 'cmake_target_skip_unavailable': False, 'install_base': '/home/robogames/Desktop/Dog/dingo_ws/install/dingo_input_interfacing', 'merge_install': False, 'path': '/home/robogames/Desktop/Dog/dingo_ws/src/dingo_input_interfacing', 'symlink_install': False, 'test_result_base': None}
[0.453s] Level 5:colcon.colcon_core.verb:set package 'dingo_msgs' build argument 'cmake_args' from command line to 'None'
[0.453s] Level 5:colcon.colcon_core.verb:set package 'dingo_msgs' build argument 'cmake_target' from command line to 'None'
[0.453s] Level 5:colcon.colcon_core.verb:set package 'dingo_msgs' build argument 'cmake_target_skip_unavailable' from command line to 'False'
[0.453s] Level 5:colcon.colcon_core.verb:set package 'dingo_msgs' build argument 'cmake_clean_cache' from command line to 'False'
[0.453s] Level 5:colcon.colcon_core.verb:set package 'dingo_msgs' build argument 'cmake_clean_first' from command line to 'False'
[0.453s] Level 5:colcon.colcon_core.verb:set package 'dingo_msgs' build argument 'cmake_force_configure' from command line to 'False'
[0.453s] Level 5:colcon.colcon_core.verb:set package 'dingo_msgs' build argument 'ament_cmake_args' from command line to 'None'
[0.453s] Level 5:colcon.colcon_core.verb:set package 'dingo_msgs' build argument 'catkin_cmake_args' from command line to 'None'
[0.453s] Level 5:colcon.colcon_core.verb:set package 'dingo_msgs' build argument 'catkin_skip_building_tests' from command line to 'False'
[0.453s] DEBUG:colcon.colcon_core.verb:Building package 'dingo_msgs' with the following arguments: {'ament_cmake_args': None, 'build_base': '/home/robogames/Desktop/Dog/dingo_ws/build/dingo_msgs', 'catkin_cmake_args': None, 'catkin_skip_building_tests': False, 'cmake_args': None, 'cmake_clean_cache': False, 'cmake_clean_first': False, 'cmake_force_configure': False, 'cmake_target': None, 'cmake_target_skip_unavailable': False, 'install_base': '/home/robogames/Desktop/Dog/dingo_ws/install/dingo_msgs', 'merge_install': False, 'path': '/home/robogames/Desktop/Dog/dingo_ws/src/dingo_msgs', 'symlink_install': False, 'test_result_base': None}
[0.453s] Level 5:colcon.colcon_core.verb:set package 'dingo_peripheral_interfacing' build argument 'cmake_args' from command line to 'None'
[0.453s] Level 5:colcon.colcon_core.verb:set package 'dingo_peripheral_interfacing' build argument 'cmake_target' from command line to 'None'
[0.453s] Level 5:colcon.colcon_core.verb:set package 'dingo_peripheral_interfacing' build argument 'cmake_target_skip_unavailable' from command line to 'False'
[0.453s] Level 5:colcon.colcon_core.verb:set package 'dingo_peripheral_interfacing' build argument 'cmake_clean_cache' from command line to 'False'
[0.453s] Level 5:colcon.colcon_core.verb:set package 'dingo_peripheral_interfacing' build argument 'cmake_clean_first' from command line to 'False'
[0.453s] Level 5:colcon.colcon_core.verb:set package 'dingo_peripheral_interfacing' build argument 'cmake_force_configure' from command line to 'False'
[0.453s] Level 5:colcon.colcon_core.verb:set package 'dingo_peripheral_interfacing' build argument 'ament_cmake_args' from command line to 'None'
[0.453s] Level 5:colcon.colcon_core.verb:set package 'dingo_peripheral_interfacing' build argument 'catkin_cmake_args' from command line to 'None'
[0.453s] Level 5:colcon.colcon_core.verb:set package 'dingo_peripheral_interfacing' build argument 'catkin_skip_building_tests' from command line to 'False'
[0.453s] DEBUG:colcon.colcon_core.verb:Building package 'dingo_peripheral_interfacing' with the following arguments: {'ament_cmake_args': None, 'build_base': '/home/robogames/Desktop/Dog/dingo_ws/build/dingo_peripheral_interfacing', 'catkin_cmake_args': None, 'catkin_skip_building_tests': False, 'cmake_args': None, 'cmake_clean_cache': False, 'cmake_clean_first': False, 'cmake_force_configure': False, 'cmake_target': None, 'cmake_target_skip_unavailable': False, 'install_base': '/home/robogames/Desktop/Dog/dingo_ws/install/dingo_peripheral_interfacing', 'merge_install': False, 'path': '/home/robogames/Desktop/Dog/dingo_ws/src/dingo_peripheral_interfacing', 'symlink_install': False, 'test_result_base': None}
[0.454s] Level 5:colcon.colcon_core.verb:set package 'dingo_servo_interfacing' build argument 'cmake_args' from command line to 'None'
[0.454s] Level 5:colcon.colcon_core.verb:set package 'dingo_servo_interfacing' build argument 'cmake_target' from command line to 'None'
[0.454s] Level 5:colcon.colcon_core.verb:set package 'dingo_servo_interfacing' build argument 'cmake_target_skip_unavailable' from command line to 'False'
[0.454s] Level 5:colcon.colcon_core.verb:set package 'dingo_servo_interfacing' build argument 'cmake_clean_cache' from command line to 'False'
[0.454s] Level 5:colcon.colcon_core.verb:set package 'dingo_servo_interfacing' build argument 'cmake_clean_first' from command line to 'False'
[0.454s] Level 5:colcon.colcon_core.verb:set package 'dingo_servo_interfacing' build argument 'cmake_force_configure' from command line to 'False'
[0.454s] Level 5:colcon.colcon_core.verb:set package 'dingo_servo_interfacing' build argument 'ament_cmake_args' from command line to 'None'
[0.454s] Level 5:colcon.colcon_core.verb:set package 'dingo_servo_interfacing' build argument 'catkin_cmake_args' from command line to 'None'
[0.454s] Level 5:colcon.colcon_core.verb:set package 'dingo_servo_interfacing' build argument 'catkin_skip_building_tests' from command line to 'False'
[0.454s] DEBUG:colcon.colcon_core.verb:Building package 'dingo_servo_interfacing' with the following arguments: {'ament_cmake_args': None, 'build_base': '/home/robogames/Desktop/Dog/dingo_ws/build/dingo_servo_interfacing', 'catkin_cmake_args': None, 'catkin_skip_building_tests': False, 'cmake_args': None, 'cmake_clean_cache': False, 'cmake_clean_first': False, 'cmake_force_configure': False, 'cmake_target': None, 'cmake_target_skip_unavailable': False, 'install_base': '/home/robogames/Desktop/Dog/dingo_ws/install/dingo_servo_interfacing', 'merge_install': False, 'path': '/home/robogames/Desktop/Dog/dingo_ws/src/dingo_servo_interfacing', 'symlink_install': False, 'test_result_base': None}
[0.454s] Level 5:colcon.colcon_core.verb:set package 'dingo_utilities' build argument 'cmake_args' from command line to 'None'
[0.454s] Level 5:colcon.colcon_core.verb:set package 'dingo_utilities' build argument 'cmake_target' from command line to 'None'
[0.454s] Level 5:colcon.colcon_core.verb:set package 'dingo_utilities' build argument 'cmake_target_skip_unavailable' from command line to 'False'
[0.454s] Level 5:colcon.colcon_core.verb:set package 'dingo_utilities' build argument 'cmake_clean_cache' from command line to 'False'
[0.454s] Level 5:colcon.colcon_core.verb:set package 'dingo_utilities' build argument 'cmake_clean_first' from command line to 'False'
[0.454s] Level 5:colcon.colcon_core.verb:set package 'dingo_utilities' build argument 'cmake_force_configure' from command line to 'False'
[0.454s] Level 5:colcon.colcon_core.verb:set package 'dingo_utilities' build argument 'ament_cmake_args' from command line to 'None'
[0.454s] Level 5:colcon.colcon_core.verb:set package 'dingo_utilities' build argument 'catkin_cmake_args' from command line to 'None'
[0.454s] Level 5:colcon.colcon_core.verb:set package 'dingo_utilities' build argument 'catkin_skip_building_tests' from command line to 'False'
[0.454s] DEBUG:colcon.colcon_core.verb:Building package 'dingo_utilities' with the following arguments: {'ament_cmake_args': None, 'build_base': '/home/robogames/Desktop/Dog/dingo_ws/build/dingo_utilities', 'catkin_cmake_args': None, 'catkin_skip_building_tests': False, 'cmake_args': None, 'cmake_clean_cache': False, 'cmake_clean_first': False, 'cmake_force_configure': False, 'cmake_target': None, 'cmake_target_skip_unavailable': False, 'install_base': '/home/robogames/Desktop/Dog/dingo_ws/install/dingo_utilities', 'merge_install': False, 'path': '/home/robogames/Desktop/Dog/dingo_ws/src/dingo_utilities', 'symlink_install': False, 'test_result_base': None}
[0.455s] INFO:colcon.colcon_core.executor:Executing jobs using 'parallel' executor
[0.456s] DEBUG:colcon.colcon_parallel_executor.executor.parallel:run_until_complete
[0.456s] INFO:colcon.colcon_ros.task.ament_python.build:Building ROS package in '/home/robogames/Desktop/Dog/dingo_ws/src/dingo' with build type 'ament_python'
[0.457s] Level 1:colcon.colcon_core.shell:create_environment_hook('dingo', 'ament_prefix_path')
[0.459s] INFO:colcon.colcon_core.plugin_system:Skipping extension 'colcon_core.shell.bat': Not used on non-Windows systems
[0.459s] INFO:colcon.colcon_core.shell:Creating environment hook '/home/robogames/Desktop/Dog/dingo_ws/install/dingo/share/dingo/hook/ament_prefix_path.ps1'
[0.460s] INFO:colcon.colcon_core.shell:Creating environment descriptor '/home/robogames/Desktop/Dog/dingo_ws/install/dingo/share/dingo/hook/ament_prefix_path.dsv'
[0.461s] INFO:colcon.colcon_core.shell:Creating environment hook '/home/robogames/Desktop/Dog/dingo_ws/install/dingo/share/dingo/hook/ament_prefix_path.sh'
[0.463s] INFO:colcon.colcon_core.shell:Skip shell extension 'powershell' for command environment: Not usable outside of PowerShell
[0.463s] DEBUG:colcon.colcon_core.shell:Skip shell extension 'dsv' for command environment
[0.470s] INFO:colcon.colcon_ros.task.ament_python.build:Building ROS package in '/home/robogames/Desktop/Dog/dingo_ws/src/dingo_control' with build type 'ament_python'
[0.470s] Level 1:colcon.colcon_core.shell:create_environment_hook('dingo_control', 'ament_prefix_path')
[0.471s] INFO:colcon.colcon_core.shell:Creating environment hook '/home/robogames/Desktop/Dog/dingo_ws/install/dingo_control/share/dingo_control/hook/ament_prefix_path.ps1'
[0.472s] INFO:colcon.colcon_core.shell:Creating environment descriptor '/home/robogames/Desktop/Dog/dingo_ws/install/dingo_control/share/dingo_control/hook/ament_prefix_path.dsv'
[0.473s] INFO:colcon.colcon_core.shell:Creating environment hook '/home/robogames/Desktop/Dog/dingo_ws/install/dingo_control/share/dingo_control/hook/ament_prefix_path.sh'
[0.475s] INFO:colcon.colcon_core.shell:Skip shell extension 'powershell' for command environment: Not usable outside of PowerShell
[0.475s] DEBUG:colcon.colcon_core.shell:Skip shell extension 'dsv' for command environment
[0.482s] INFO:colcon.colcon_ros.task.ament_python.build:Building ROS package in '/home/robogames/Desktop/Dog/dingo_ws/src/dingo_description' with build type 'ament_python'
[0.483s] Level 1:colcon.colcon_core.shell:create_environment_hook('dingo_description', 'ament_prefix_path')
[0.483s] INFO:colcon.colcon_core.shell:Creating environment hook '/home/robogames/Desktop/Dog/dingo_ws/install/dingo_description/share/dingo_description/hook/ament_prefix_path.ps1'
[0.484s] INFO:colcon.colcon_core.shell:Creating environment descriptor '/home/robogames/Desktop/Dog/dingo_ws/install/dingo_description/share/dingo_description/hook/ament_prefix_path.dsv'
[0.485s] INFO:colcon.colcon_core.shell:Creating environment hook '/home/robogames/Desktop/Dog/dingo_ws/install/dingo_description/share/dingo_description/hook/ament_prefix_path.sh'
[0.487s] INFO:colcon.colcon_core.shell:Skip shell extension 'powershell' for command environment: Not usable outside of PowerShell
[0.487s] DEBUG:colcon.colcon_core.shell:Skip shell extension 'dsv' for command environment
[0.495s] INFO:colcon.colcon_ros.task.ament_python.build:Building ROS package in '/home/robogames/Desktop/Dog/dingo_ws/src/dingo_gazebo' with build type 'ament_python'
[0.495s] Level 1:colcon.colcon_core.shell:create_environment_hook('dingo_gazebo', 'ament_prefix_path')
[0.495s] INFO:colcon.colcon_core.shell:Creating environment hook '/home/robogames/Desktop/Dog/dingo_ws/install/dingo_gazebo/share/dingo_gazebo/hook/ament_prefix_path.ps1'
[0.547s] INFO:colcon.colcon_core.shell:Creating environment descriptor '/home/robogames/Desktop/Dog/dingo_ws/install/dingo_gazebo/share/dingo_gazebo/hook/ament_prefix_path.dsv'
[0.548s] INFO:colcon.colcon_core.shell:Creating environment hook '/home/robogames/Desktop/Dog/dingo_ws/install/dingo_gazebo/share/dingo_gazebo/hook/ament_prefix_path.sh'
[0.549s] INFO:colcon.colcon_core.shell:Skip shell extension 'powershell' for command environment: Not usable outside of PowerShell
[0.549s] DEBUG:colcon.colcon_core.shell:Skip shell extension 'dsv' for command environment
[0.948s] INFO:colcon.colcon_core.task.python.build:Building Python package in '/home/robogames/Desktop/Dog/dingo_ws/src/dingo'
[0.948s] INFO:colcon.colcon_core.shell:Skip shell extension 'powershell' for command environment: Not usable outside of PowerShell
[0.948s] DEBUG:colcon.colcon_core.shell:Skip shell extension 'dsv' for command environment
[1.339s] INFO:colcon.colcon_core.task.python.build:Building Python package in '/home/robogames/Desktop/Dog/dingo_ws/src/dingo_control'
[1.339s] INFO:colcon.colcon_core.shell:Skip shell extension 'powershell' for command environment: Not usable outside of PowerShell
[1.339s] DEBUG:colcon.colcon_core.shell:Skip shell extension 'dsv' for command environment
[1.735s] INFO:colcon.colcon_core.task.python.build:Building Python package in '/home/robogames/Desktop/Dog/dingo_ws/src/dingo_description'
[1.736s] INFO:colcon.colcon_core.shell:Skip shell extension 'powershell' for command environment: Not usable outside of PowerShell
[1.736s] DEBUG:colcon.colcon_core.shell:Skip shell extension 'dsv' for command environment
[2.126s] INFO:colcon.colcon_core.task.python.build:Building Python package in '/home/robogames/Desktop/Dog/dingo_ws/src/dingo_gazebo'
[2.126s] INFO:colcon.colcon_core.shell:Skip shell extension 'powershell' for command environment: Not usable outside of PowerShell
[2.126s] DEBUG:colcon.colcon_core.shell:Skip shell extension 'dsv' for command environment
[3.523s] DEBUG:colcon.colcon_core.event_handler.log_command:Invoking command in '/home/robogames/Desktop/Dog/dingo_ws/src/dingo_gazebo': DEBUGINFOD_URLS=https://debuginfod.ubuntu.com PS1=(ros2_python_venv) \[\e]0;\u@\h: \w\a\]${debian_chroot:+($debian_chroot)}\[\033[01;32m\]\u@\h\[\033[00m\]:\[\033[01;34m\]\w\[\033[00m\]\$ PYTHONPATH=/home/robogames/Desktop/Dog/dingo_ws/build/dingo_gazebo/prefix_override:/usr/lib/python3/dist-packages/colcon_core/task/python/colcon_distutils_commands:/home/robogames/Desktop/Dog/dingo_ws/install/dingo_gazebo/lib/python3.12/site-packages:${PYTHONPATH} VIRTUAL_ENV_PROMPT=(ros2_python_venv) /usr/bin/python3 -W ignore:setup.py install is deprecated -W ignore:easy_install command is deprecated setup.py egg_info --egg-base ../../build/dingo_gazebo build --build-base /home/robogames/Desktop/Dog/dingo_ws/build/dingo_gazebo/build install --record /home/robogames/Desktop/Dog/dingo_ws/build/dingo_gazebo/install.log --single-version-externally-managed install_data
[3.538s] DEBUG:colcon.colcon_core.event_handler.log_command:Invoking command in '/home/robogames/Desktop/Dog/dingo_ws/src/dingo': DEBUGINFOD_URLS=https://debuginfod.ubuntu.com PS1=(ros2_python_venv) \[\e]0;\u@\h: \w\a\]${debian_chroot:+($debian_chroot)}\[\033[01;32m\]\u@\h\[\033[00m\]:\[\033[01;34m\]\w\[\033[00m\]\$ PYTHONPATH=/home/robogames/Desktop/Dog/dingo_ws/build/dingo/prefix_override:/usr/lib/python3/dist-packages/colcon_core/task/python/colcon_distutils_commands:/home/robogames/Desktop/Dog/dingo_ws/install/dingo/lib/python3.12/site-packages:${PYTHONPATH} VIRTUAL_ENV_PROMPT=(ros2_python_venv) /usr/bin/python3 -W ignore:setup.py install is deprecated -W ignore:easy_install command is deprecated setup.py egg_info --egg-base ../../build/dingo build --build-base /home/robogames/Desktop/Dog/dingo_ws/build/dingo/build install --record /home/robogames/Desktop/Dog/dingo_ws/build/dingo/install.log --single-version-externally-managed install_data
[3.543s] DEBUG:colcon.colcon_core.event_handler.log_command:Invoking command in '/home/robogames/Desktop/Dog/dingo_ws/src/dingo_control': DEBUGINFOD_URLS=https://debuginfod.ubuntu.com PS1=(ros2_python_venv) \[\e]0;\u@\h: \w\a\]${debian_chroot:+($debian_chroot)}\[\033[01;32m\]\u@\h\[\033[00m\]:\[\033[01;34m\]\w\[\033[00m\]\$ PYTHONPATH=/home/robogames/Desktop/Dog/dingo_ws/build/dingo_control/prefix_override:/usr/lib/python3/dist-packages/colcon_core/task/python/colcon_distutils_commands:/home/robogames/Desktop/Dog/dingo_ws/install/dingo_control/lib/python3.12/site-packages:${PYTHONPATH} VIRTUAL_ENV_PROMPT=(ros2_python_venv) /usr/bin/python3 -W ignore:setup.py install is deprecated -W ignore:easy_install command is deprecated setup.py egg_info --egg-base ../../build/dingo_control build --build-base /home/robogames/Desktop/Dog/dingo_ws/build/dingo_control/build install --record /home/robogames/Desktop/Dog/dingo_ws/build/dingo_control/install.log --single-version-externally-managed install_data
[3.561s] DEBUG:colcon.colcon_core.event_handler.log_command:Invoking command in '/home/robogames/Desktop/Dog/dingo_ws/src/dingo_description': DEBUGINFOD_URLS=https://debuginfod.ubuntu.com PS1=(ros2_python_venv) \[\e]0;\u@\h: \w\a\]${debian_chroot:+($debian_chroot)}\[\033[01;32m\]\u@\h\[\033[00m\]:\[\033[01;34m\]\w\[\033[00m\]\$ PYTHONPATH=/home/robogames/Desktop/Dog/dingo_ws/build/dingo_description/prefix_override:/usr/lib/python3/dist-packages/colcon_core/task/python/colcon_distutils_commands:/home/robogames/Desktop/Dog/dingo_ws/install/dingo_description/lib/python3.12/site-packages:${PYTHONPATH} VIRTUAL_ENV_PROMPT=(ros2_python_venv) /usr/bin/python3 -W ignore:setup.py install is deprecated -W ignore:easy_install command is deprecated setup.py egg_info --egg-base ../../build/dingo_description build --build-base /home/robogames/Desktop/Dog/dingo_ws/build/dingo_description/build install --record /home/robogames/Desktop/Dog/dingo_ws/build/dingo_description/install.log --single-version-externally-managed install_data
[4.794s] DEBUG:colcon.colcon_core.event_handler.log_command:Invoked command in '/home/robogames/Desktop/Dog/dingo_ws/src/dingo' returned '0': DEBUGINFOD_URLS=https://debuginfod.ubuntu.com PS1=(ros2_python_venv) \[\e]0;\u@\h: \w\a\]${debian_chroot:+($debian_chroot)}\[\033[01;32m\]\u@\h\[\033[00m\]:\[\033[01;34m\]\w\[\033[00m\]\$ PYTHONPATH=/home/robogames/Desktop/Dog/dingo_ws/build/dingo/prefix_override:/usr/lib/python3/dist-packages/colcon_core/task/python/colcon_distutils_commands:/home/robogames/Desktop/Dog/dingo_ws/install/dingo/lib/python3.12/site-packages:${PYTHONPATH} VIRTUAL_ENV_PROMPT=(ros2_python_venv) /usr/bin/python3 -W ignore:setup.py install is deprecated -W ignore:easy_install command is deprecated setup.py egg_info --egg-base ../../build/dingo build --build-base /home/robogames/Desktop/Dog/dingo_ws/build/dingo/build install --record /home/robogames/Desktop/Dog/dingo_ws/build/dingo/install.log --single-version-externally-managed install_data
[4.802s] Level 1:colcon.colcon_core.environment:checking '/home/robogames/Desktop/Dog/dingo_ws/install/dingo' for CMake module files
[4.804s] Level 1:colcon.colcon_core.environment:checking '/home/robogames/Desktop/Dog/dingo_ws/install/dingo' for CMake config files
[4.805s] Level 1:colcon.colcon_core.environment:checking '/home/robogames/Desktop/Dog/dingo_ws/install/dingo/lib'
[4.806s] Level 1:colcon.colcon_core.environment:checking '/home/robogames/Desktop/Dog/dingo_ws/install/dingo/bin'
[4.806s] Level 1:colcon.colcon_core.environment:checking '/home/robogames/Desktop/Dog/dingo_ws/install/dingo/lib/pkgconfig/dingo.pc'
[4.806s] Level 1:colcon.colcon_core.environment:checking '/home/robogames/Desktop/Dog/dingo_ws/install/dingo/lib/python3.12/site-packages'
[4.807s] Level 1:colcon.colcon_core.shell:create_environment_hook('dingo', 'pythonpath')
[4.807s] INFO:colcon.colcon_core.shell:Creating environment hook '/home/robogames/Desktop/Dog/dingo_ws/install/dingo/share/dingo/hook/pythonpath.ps1'
[4.808s] INFO:colcon.colcon_core.shell:Creating environment descriptor '/home/robogames/Desktop/Dog/dingo_ws/install/dingo/share/dingo/hook/pythonpath.dsv'
[4.809s] INFO:colcon.colcon_core.shell:Creating environment hook '/home/robogames/Desktop/Dog/dingo_ws/install/dingo/share/dingo/hook/pythonpath.sh'
[4.811s] Level 1:colcon.colcon_core.environment:checking '/home/robogames/Desktop/Dog/dingo_ws/install/dingo/bin'
[4.811s] Level 1:colcon.colcon_core.environment:create_environment_scripts_only(dingo)
[4.812s] INFO:colcon.colcon_core.shell:Creating package script '/home/robogames/Desktop/Dog/dingo_ws/install/dingo/share/dingo/package.ps1'
[4.814s] INFO:colcon.colcon_core.shell:Creating package descriptor '/home/robogames/Desktop/Dog/dingo_ws/install/dingo/share/dingo/package.dsv'
[4.815s] INFO:colcon.colcon_core.shell:Creating package script '/home/robogames/Desktop/Dog/dingo_ws/install/dingo/share/dingo/package.sh'
[4.816s] INFO:colcon.colcon_core.shell:Creating package script '/home/robogames/Desktop/Dog/dingo_ws/install/dingo/share/dingo/package.bash'
[4.817s] INFO:colcon.colcon_core.shell:Creating package script '/home/robogames/Desktop/Dog/dingo_ws/install/dingo/share/dingo/package.zsh'
[4.818s] Level 1:colcon.colcon_core.environment:create_file_with_runtime_dependencies(/home/robogames/Desktop/Dog/dingo_ws/install/dingo/share/colcon-core/packages/dingo)
[4.820s] INFO:colcon.colcon_ros.task.ament_python.build:Building ROS package in '/home/robogames/Desktop/Dog/dingo_ws/src/dingo_input_interfacing' with build type 'ament_python'
[4.821s] Level 1:colcon.colcon_core.shell:create_environment_hook('dingo_input_interfacing', 'ament_prefix_path')
[4.821s] INFO:colcon.colcon_core.shell:Creating environment hook '/home/robogames/Desktop/Dog/dingo_ws/install/dingo_input_interfacing/share/dingo_input_interfacing/hook/ament_prefix_path.ps1'
[4.823s] INFO:colcon.colcon_core.shell:Creating environment descriptor '/home/robogames/Desktop/Dog/dingo_ws/install/dingo_input_interfacing/share/dingo_input_interfacing/hook/ament_prefix_path.dsv'
[4.824s] INFO:colcon.colcon_core.shell:Creating environment hook '/home/robogames/Desktop/Dog/dingo_ws/install/dingo_input_interfacing/share/dingo_input_interfacing/hook/ament_prefix_path.sh'
[4.826s] INFO:colcon.colcon_core.shell:Skip shell extension 'powershell' for command environment: Not usable outside of PowerShell
[4.826s] DEBUG:colcon.colcon_core.shell:Skip shell extension 'dsv' for command environment
[4.836s] Level 1:colcon.colcon_core.environment:checking '/home/robogames/Desktop/Dog/dingo_ws/install/dingo_description' for CMake module files
[4.837s] DEBUG:colcon.colcon_core.event_handler.log_command:Invoked command in '/home/robogames/Desktop/Dog/dingo_ws/src/dingo_description' returned '0': DEBUGINFOD_URLS=https://debuginfod.ubuntu.com PS1=(ros2_python_venv) \[\e]0;\u@\h: \w\a\]${debian_chroot:+($debian_chroot)}\[\033[01;32m\]\u@\h\[\033[00m\]:\[\033[01;34m\]\w\[\033[00m\]\$ PYTHONPATH=/home/robogames/Desktop/Dog/dingo_ws/build/dingo_description/prefix_override:/usr/lib/python3/dist-packages/colcon_core/task/python/colcon_distutils_commands:/home/robogames/Desktop/Dog/dingo_ws/install/dingo_description/lib/python3.12/site-packages:${PYTHONPATH} VIRTUAL_ENV_PROMPT=(ros2_python_venv) /usr/bin/python3 -W ignore:setup.py install is deprecated -W ignore:easy_install command is deprecated setup.py egg_info --egg-base ../../build/dingo_description build --build-base /home/robogames/Desktop/Dog/dingo_ws/build/dingo_description/build install --record /home/robogames/Desktop/Dog/dingo_ws/build/dingo_description/install.log --single-version-externally-managed install_data
[4.837s] Level 1:colcon.colcon_core.environment:checking '/home/robogames/Desktop/Dog/dingo_ws/install/dingo_description' for CMake config files
[4.838s] Level 1:colcon.colcon_core.environment:checking '/home/robogames/Desktop/Dog/dingo_ws/install/dingo_description/lib'
[4.839s] Level 1:colcon.colcon_core.environment:checking '/home/robogames/Desktop/Dog/dingo_ws/install/dingo_description/bin'
[4.839s] Level 1:colcon.colcon_core.environment:checking '/home/robogames/Desktop/Dog/dingo_ws/install/dingo_description/lib/pkgconfig/dingo_description.pc'
[4.839s] Level 1:colcon.colcon_core.environment:checking '/home/robogames/Desktop/Dog/dingo_ws/install/dingo_description/lib/python3.12/site-packages'
[4.839s] Level 1:colcon.colcon_core.shell:create_environment_hook('dingo_description', 'pythonpath')
[4.840s] INFO:colcon.colcon_core.shell:Creating environment hook '/home/robogames/Desktop/Dog/dingo_ws/install/dingo_description/share/dingo_description/hook/pythonpath.ps1'
[4.840s] INFO:colcon.colcon_core.shell:Creating environment descriptor '/home/robogames/Desktop/Dog/dingo_ws/install/dingo_description/share/dingo_description/hook/pythonpath.dsv'
[4.842s] INFO:colcon.colcon_core.shell:Creating environment hook '/home/robogames/Desktop/Dog/dingo_ws/install/dingo_description/share/dingo_description/hook/pythonpath.sh'
[4.844s] Level 1:colcon.colcon_core.environment:checking '/home/robogames/Desktop/Dog/dingo_ws/install/dingo_description/bin'
[4.844s] Level 1:colcon.colcon_core.environment:create_environment_scripts_only(dingo_description)
[4.844s] INFO:colcon.colcon_core.shell:Creating package script '/home/robogames/Desktop/Dog/dingo_ws/install/dingo_description/share/dingo_description/package.ps1'
[4.845s] INFO:colcon.colcon_core.shell:Creating package descriptor '/home/robogames/Desktop/Dog/dingo_ws/install/dingo_description/share/dingo_description/package.dsv'
[4.847s] INFO:colcon.colcon_core.shell:Creating package script '/home/robogames/Desktop/Dog/dingo_ws/install/dingo_description/share/dingo_description/package.sh'
[4.851s] INFO:colcon.colcon_core.shell:Creating package script '/home/robogames/Desktop/Dog/dingo_ws/install/dingo_description/share/dingo_description/package.bash'
[4.852s] INFO:colcon.colcon_core.shell:Creating package script '/home/robogames/Desktop/Dog/dingo_ws/install/dingo_description/share/dingo_description/package.zsh'
[4.852s] Level 1:colcon.colcon_core.environment:create_file_with_runtime_dependencies(/home/robogames/Desktop/Dog/dingo_ws/install/dingo_description/share/colcon-core/packages/dingo_description)
[4.854s] Level 1:colcon.colcon_core.environment:checking '/home/robogames/Desktop/Dog/dingo_ws/install/dingo_gazebo' for CMake module files
[4.855s] Level 1:colcon.colcon_core.environment:checking '/home/robogames/Desktop/Dog/dingo_ws/install/dingo_gazebo' for CMake config files
[4.855s] DEBUG:colcon.colcon_core.event_handler.log_command:Invoked command in '/home/robogames/Desktop/Dog/dingo_ws/src/dingo_gazebo' returned '0': DEBUGINFOD_URLS=https://debuginfod.ubuntu.com PS1=(ros2_python_venv) \[\e]0;\u@\h: \w\a\]${debian_chroot:+($debian_chroot)}\[\033[01;32m\]\u@\h\[\033[00m\]:\[\033[01;34m\]\w\[\033[00m\]\$ PYTHONPATH=/home/robogames/Desktop/Dog/dingo_ws/build/dingo_gazebo/prefix_override:/usr/lib/python3/dist-packages/colcon_core/task/python/colcon_distutils_commands:/home/robogames/Desktop/Dog/dingo_ws/install/dingo_gazebo/lib/python3.12/site-packages:${PYTHONPATH} VIRTUAL_ENV_PROMPT=(ros2_python_venv) /usr/bin/python3 -W ignore:setup.py install is deprecated -W ignore:easy_install command is deprecated setup.py egg_info --egg-base ../../build/dingo_gazebo build --build-base /home/robogames/Desktop/Dog/dingo_ws/build/dingo_gazebo/build install --record /home/robogames/Desktop/Dog/dingo_ws/build/dingo_gazebo/install.log --single-version-externally-managed install_data
[4.856s] Level 1:colcon.colcon_core.environment:checking '/home/robogames/Desktop/Dog/dingo_ws/install/dingo_gazebo/lib'
[4.857s] Level 1:colcon.colcon_core.environment:checking '/home/robogames/Desktop/Dog/dingo_ws/install/dingo_gazebo/bin'
[4.857s] Level 1:colcon.colcon_core.environment:checking '/home/robogames/Desktop/Dog/dingo_ws/install/dingo_gazebo/lib/pkgconfig/dingo_gazebo.pc'
[4.857s] Level 1:colcon.colcon_core.environment:checking '/home/robogames/Desktop/Dog/dingo_ws/install/dingo_gazebo/lib/python3.12/site-packages'
[4.857s] Level 1:colcon.colcon_core.shell:create_environment_hook('dingo_gazebo', 'pythonpath')
[4.858s] INFO:colcon.colcon_core.shell:Creating environment hook '/home/robogames/Desktop/Dog/dingo_ws/install/dingo_gazebo/share/dingo_gazebo/hook/pythonpath.ps1'
[4.858s] INFO:colcon.colcon_core.shell:Creating environment descriptor '/home/robogames/Desktop/Dog/dingo_ws/install/dingo_gazebo/share/dingo_gazebo/hook/pythonpath.dsv'
[4.859s] INFO:colcon.colcon_core.shell:Creating environment hook '/home/robogames/Desktop/Dog/dingo_ws/install/dingo_gazebo/share/dingo_gazebo/hook/pythonpath.sh'
[4.860s] Level 1:colcon.colcon_core.environment:checking '/home/robogames/Desktop/Dog/dingo_ws/install/dingo_gazebo/bin'
[4.860s] Level 1:colcon.colcon_core.environment:create_environment_scripts_only(dingo_gazebo)
[4.861s] INFO:colcon.colcon_core.shell:Creating package script '/home/robogames/Desktop/Dog/dingo_ws/install/dingo_gazebo/share/dingo_gazebo/package.ps1'
[4.862s] INFO:colcon.colcon_core.shell:Creating package descriptor '/home/robogames/Desktop/Dog/dingo_ws/install/dingo_gazebo/share/dingo_gazebo/package.dsv'
[4.863s] INFO:colcon.colcon_core.shell:Creating package script '/home/robogames/Desktop/Dog/dingo_ws/install/dingo_gazebo/share/dingo_gazebo/package.sh'
[4.864s] INFO:colcon.colcon_core.shell:Creating package script '/home/robogames/Desktop/Dog/dingo_ws/install/dingo_gazebo/share/dingo_gazebo/package.bash'
[4.866s] INFO:colcon.colcon_core.shell:Creating package script '/home/robogames/Desktop/Dog/dingo_ws/install/dingo_gazebo/share/dingo_gazebo/package.zsh'
[4.867s] Level 1:colcon.colcon_core.environment:create_file_with_runtime_dependencies(/home/robogames/Desktop/Dog/dingo_ws/install/dingo_gazebo/share/colcon-core/packages/dingo_gazebo)
[4.869s] INFO:colcon.colcon_ros.task.ament_cmake.build:Building ROS package in '/home/robogames/Desktop/Dog/dingo_ws/src/dingo_msgs' with build type 'ament_cmake'
[4.869s] INFO:colcon.colcon_cmake.task.cmake.build:Building CMake package in '/home/robogames/Desktop/Dog/dingo_ws/src/dingo_msgs'
[4.869s] INFO:colcon.colcon_core.shell:Skip shell extension 'powershell' for command environment: Not usable outside of PowerShell
[4.869s] DEBUG:colcon.colcon_core.shell:Skip shell extension 'dsv' for command environment
[4.877s] INFO:colcon.colcon_ros.task.ament_python.build:Building ROS package in '/home/robogames/Desktop/Dog/dingo_ws/src/dingo_peripheral_interfacing' with build type 'ament_python'
[4.877s] Level 1:colcon.colcon_core.shell:create_environment_hook('dingo_peripheral_interfacing', 'ament_prefix_path')
[4.878s] INFO:colcon.colcon_core.shell:Creating environment hook '/home/robogames/Desktop/Dog/dingo_ws/install/dingo_peripheral_interfacing/share/dingo_peripheral_interfacing/hook/ament_prefix_path.ps1'
[4.878s] INFO:colcon.colcon_core.shell:Creating environment descriptor '/home/robogames/Desktop/Dog/dingo_ws/install/dingo_peripheral_interfacing/share/dingo_peripheral_interfacing/hook/ament_prefix_path.dsv'
[4.880s] INFO:colcon.colcon_core.shell:Creating environment hook '/home/robogames/Desktop/Dog/dingo_ws/install/dingo_peripheral_interfacing/share/dingo_peripheral_interfacing/hook/ament_prefix_path.sh'
[4.882s] INFO:colcon.colcon_core.shell:Skip shell extension 'powershell' for command environment: Not usable outside of PowerShell
[4.882s] DEBUG:colcon.colcon_core.shell:Skip shell extension 'dsv' for command environment
[5.277s] WARNING:colcon.colcon_ros.task.ament_python.build:Package 'dingo_input_interfacing' doesn't explicitly install a marker in the package index (colcon-ros currently does it implicitly but that fallback will be removed in the future)
[5.277s] WARNING:colcon.colcon_ros.task.ament_python.build:Package 'dingo_input_interfacing' doesn't explicitly install the 'package.xml' file (colcon-ros currently does it implicitly but that fallback will be removed in the future)
[5.277s] INFO:colcon.colcon_core.task.python.build:Building Python package in '/home/robogames/Desktop/Dog/dingo_ws/src/dingo_input_interfacing'
[5.278s] INFO:colcon.colcon_core.shell:Skip shell extension 'powershell' for command environment: Not usable outside of PowerShell
[5.278s] DEBUG:colcon.colcon_core.shell:Skip shell extension 'dsv' for command environment
[5.285s] Level 1:colcon.colcon_core.environment:checking '/home/robogames/Desktop/Dog/dingo_ws/install/dingo_control' for CMake module files
[5.286s] DEBUG:colcon.colcon_core.event_handler.log_command:Invoked command in '/home/robogames/Desktop/Dog/dingo_ws/src/dingo_control' returned '0': DEBUGINFOD_URLS=https://debuginfod.ubuntu.com PS1=(ros2_python_venv) \[\e]0;\u@\h: \w\a\]${debian_chroot:+($debian_chroot)}\[\033[01;32m\]\u@\h\[\033[00m\]:\[\033[01;34m\]\w\[\033[00m\]\$ PYTHONPATH=/home/robogames/Desktop/Dog/dingo_ws/build/dingo_control/prefix_override:/usr/lib/python3/dist-packages/colcon_core/task/python/colcon_distutils_commands:/home/robogames/Desktop/Dog/dingo_ws/install/dingo_control/lib/python3.12/site-packages:${PYTHONPATH} VIRTUAL_ENV_PROMPT=(ros2_python_venv) /usr/bin/python3 -W ignore:setup.py install is deprecated -W ignore:easy_install command is deprecated setup.py egg_info --egg-base ../../build/dingo_control build --build-base /home/robogames/Desktop/Dog/dingo_ws/build/dingo_control/build install --record /home/robogames/Desktop/Dog/dingo_ws/build/dingo_control/install.log --single-version-externally-managed install_data
[5.287s] Level 1:colcon.colcon_core.environment:checking '/home/robogames/Desktop/Dog/dingo_ws/install/dingo_control' for CMake config files
[5.288s] Level 1:colcon.colcon_core.environment:checking '/home/robogames/Desktop/Dog/dingo_ws/install/dingo_control/lib'
[5.288s] Level 1:colcon.colcon_core.environment:checking '/home/robogames/Desktop/Dog/dingo_ws/install/dingo_control/bin'
[5.288s] Level 1:colcon.colcon_core.environment:checking '/home/robogames/Desktop/Dog/dingo_ws/install/dingo_control/lib/pkgconfig/dingo_control.pc'
[5.288s] Level 1:colcon.colcon_core.environment:checking '/home/robogames/Desktop/Dog/dingo_ws/install/dingo_control/lib/python3.12/site-packages'
[5.288s] Level 1:colcon.colcon_core.shell:create_environment_hook('dingo_control', 'pythonpath')
[5.289s] INFO:colcon.colcon_core.shell:Creating environment hook '/home/robogames/Desktop/Dog/dingo_ws/install/dingo_control/share/dingo_control/hook/pythonpath.ps1'
[5.289s] INFO:colcon.colcon_core.shell:Creating environment descriptor '/home/robogames/Desktop/Dog/dingo_ws/install/dingo_control/share/dingo_control/hook/pythonpath.dsv'
[5.290s] INFO:colcon.colcon_core.shell:Creating environment hook '/home/robogames/Desktop/Dog/dingo_ws/install/dingo_control/share/dingo_control/hook/pythonpath.sh'
[5.291s] Level 1:colcon.colcon_core.environment:checking '/home/robogames/Desktop/Dog/dingo_ws/install/dingo_control/bin'
[5.291s] Level 1:colcon.colcon_core.environment:create_environment_scripts_only(dingo_control)
[5.292s] INFO:colcon.colcon_core.shell:Creating package script '/home/robogames/Desktop/Dog/dingo_ws/install/dingo_control/share/dingo_control/package.ps1'
[5.292s] INFO:colcon.colcon_core.shell:Creating package descriptor '/home/robogames/Desktop/Dog/dingo_ws/install/dingo_control/share/dingo_control/package.dsv'
[5.293s] INFO:colcon.colcon_core.shell:Creating package script '/home/robogames/Desktop/Dog/dingo_ws/install/dingo_control/share/dingo_control/package.sh'
[5.294s] INFO:colcon.colcon_core.shell:Creating package script '/home/robogames/Desktop/Dog/dingo_ws/install/dingo_control/share/dingo_control/package.bash'
[5.294s] INFO:colcon.colcon_core.shell:Creating package script '/home/robogames/Desktop/Dog/dingo_ws/install/dingo_control/share/dingo_control/package.zsh'
[5.295s] Level 1:colcon.colcon_core.environment:create_file_with_runtime_dependencies(/home/robogames/Desktop/Dog/dingo_ws/install/dingo_control/share/colcon-core/packages/dingo_control)
[5.297s] INFO:colcon.colcon_ros.task.ament_python.build:Building ROS package in '/home/robogames/Desktop/Dog/dingo_ws/src/dingo_servo_interfacing' with build type 'ament_python'
[5.297s] Level 1:colcon.colcon_core.shell:create_environment_hook('dingo_servo_interfacing', 'ament_prefix_path')
[5.297s] INFO:colcon.colcon_core.shell:Creating environment hook '/home/robogames/Desktop/Dog/dingo_ws/install/dingo_servo_interfacing/share/dingo_servo_interfacing/hook/ament_prefix_path.ps1'
[5.298s] INFO:colcon.colcon_core.shell:Creating environment descriptor '/home/robogames/Desktop/Dog/dingo_ws/install/dingo_servo_interfacing/share/dingo_servo_interfacing/hook/ament_prefix_path.dsv'
[5.299s] INFO:colcon.colcon_core.shell:Creating environment hook '/home/robogames/Desktop/Dog/dingo_ws/install/dingo_servo_interfacing/share/dingo_servo_interfacing/hook/ament_prefix_path.sh'
[5.301s] INFO:colcon.colcon_core.shell:Skip shell extension 'powershell' for command environment: Not usable outside of PowerShell
[5.301s] DEBUG:colcon.colcon_core.shell:Skip shell extension 'dsv' for command environment
[5.314s] DEBUG:colcon.colcon_core.event_handler.log_command:Invoking command in '/home/robogames/Desktop/Dog/dingo_ws/build/dingo_msgs': CMAKE_PREFIX_PATH=/home/robogames/Desktop/Dog/dingo_ws/install/dingo_msgs:/home/robogames/vt-cro/robogames_pi/car_robot_ws/install/yolov8_msgs:/home/robogames/vt-cro/robogames_pi/car_robot_ws/install/yolobot_recognition:/home/robogames/Desktop/Dog/dingo_ws/install/dingo_utilities:/home/robogames/Desktop/Dog/dingo_ws/install/dingo_servo_interfacing:/home/robogames/Desktop/Dog/dingo_ws/install/dingo_peripheral_interfacing:/home/robogames/Desktop/Dog/dingo_ws/install/dingo_input_interfacing:/home/robogames/Desktop/Dog/dingo_ws/install/dingo_gazebo:/home/robogames/Desktop/Dog/dingo_ws/install/dingo_description:/home/robogames/Desktop/Dog/dingo_ws/install/dingo_control:/home/robogames/Desktop/Dog/dingo_ws/install/dingo:/opt/ros/jazzy:/home/robogames/vt-cro/robogames_pi/car_robot_ws/install/serial:/home/robogames/vt-cro/robogames_pi/car_robot_ws/install/diffdrive_arduino:/home/robogames/vt-cro/robogames_pi/car_robot_ws/install/articubot_one:/opt/ros/jazzy/opt/gz_sim_vendor:/opt/ros/jazzy/opt/gz_sensors_vendor:/opt/ros/jazzy/opt/gz_physics_vendor:/opt/ros/jazzy/opt/sdformat_vendor:/opt/ros/jazzy/opt/gz_gui_vendor:/opt/ros/jazzy/opt/gz_transport_vendor:/opt/ros/jazzy/opt/gz_rendering_vendor:/opt/ros/jazzy/opt/gz_plugin_vendor:/opt/ros/jazzy/opt/gz_fuel_tools_vendor:/opt/ros/jazzy/opt/gz_msgs_vendor:/opt/ros/jazzy/opt/gz_common_vendor:/opt/ros/jazzy/opt/gz_math_vendor:/opt/ros/jazzy/opt/gz_utils_vendor:/opt/ros/jazzy/opt/gz_tools_vendor:/opt/ros/jazzy/opt/gz_ogre_next_vendor:/opt/ros/jazzy/opt/gz_dartsim_vendor:/opt/ros/jazzy/opt/gz_cmake_vendor DEBUGINFOD_URLS=https://debuginfod.ubuntu.com PS1=(ros2_python_venv) \[\e]0;\u@\h: \w\a\]${debian_chroot:+($debian_chroot)}\[\033[01;32m\]\u@\h\[\033[00m\]:\[\033[01;34m\]\w\[\033[00m\]\$ VIRTUAL_ENV_PROMPT=(ros2_python_venv) /usr/bin/cmake --build /home/robogames/Desktop/Dog/dingo_ws/build/dingo_msgs -- -j4 -l4
[5.822s] INFO:colcon.colcon_core.task.python.build:Building Python package in '/home/robogames/Desktop/Dog/dingo_ws/src/dingo_peripheral_interfacing'
[5.823s] INFO:colcon.colcon_core.shell:Skip shell extension 'powershell' for command environment: Not usable outside of PowerShell
[5.823s] DEBUG:colcon.colcon_core.shell:Skip shell extension 'dsv' for command environment
[6.287s] WARNING:colcon.colcon_ros.task.ament_python.build:Package 'dingo_servo_interfacing' doesn't explicitly install a marker in the package index (colcon-ros currently does it implicitly but that fallback will be removed in the future)
[6.287s] WARNING:colcon.colcon_ros.task.ament_python.build:Package 'dingo_servo_interfacing' doesn't explicitly install the 'package.xml' file (colcon-ros currently does it implicitly but that fallback will be removed in the future)
[6.287s] INFO:colcon.colcon_core.task.python.build:Building Python package in '/home/robogames/Desktop/Dog/dingo_ws/src/dingo_servo_interfacing'
[6.288s] INFO:colcon.colcon_core.shell:Skip shell extension 'powershell' for command environment: Not usable outside of PowerShell
[6.288s] DEBUG:colcon.colcon_core.shell:Skip shell extension 'dsv' for command environment
[6.308s] DEBUG:colcon.colcon_core.event_handler.log_command:Invoked command in '/home/robogames/Desktop/Dog/dingo_ws/build/dingo_msgs' returned '0': CMAKE_PREFIX_PATH=/home/robogames/Desktop/Dog/dingo_ws/install/dingo_msgs:/home/robogames/vt-cro/robogames_pi/car_robot_ws/install/yolov8_msgs:/home/robogames/vt-cro/robogames_pi/car_robot_ws/install/yolobot_recognition:/home/robogames/Desktop/Dog/dingo_ws/install/dingo_utilities:/home/robogames/Desktop/Dog/dingo_ws/install/dingo_servo_interfacing:/home/robogames/Desktop/Dog/dingo_ws/install/dingo_peripheral_interfacing:/home/robogames/Desktop/Dog/dingo_ws/install/dingo_input_interfacing:/home/robogames/Desktop/Dog/dingo_ws/install/dingo_gazebo:/home/robogames/Desktop/Dog/dingo_ws/install/dingo_description:/home/robogames/Desktop/Dog/dingo_ws/install/dingo_control:/home/robogames/Desktop/Dog/dingo_ws/install/dingo:/opt/ros/jazzy:/home/robogames/vt-cro/robogames_pi/car_robot_ws/install/serial:/home/robogames/vt-cro/robogames_pi/car_robot_ws/install/diffdrive_arduino:/home/robogames/vt-cro/robogames_pi/car_robot_ws/install/articubot_one:/opt/ros/jazzy/opt/gz_sim_vendor:/opt/ros/jazzy/opt/gz_sensors_vendor:/opt/ros/jazzy/opt/gz_physics_vendor:/opt/ros/jazzy/opt/sdformat_vendor:/opt/ros/jazzy/opt/gz_gui_vendor:/opt/ros/jazzy/opt/gz_transport_vendor:/opt/ros/jazzy/opt/gz_rendering_vendor:/opt/ros/jazzy/opt/gz_plugin_vendor:/opt/ros/jazzy/opt/gz_fuel_tools_vendor:/opt/ros/jazzy/opt/gz_msgs_vendor:/opt/ros/jazzy/opt/gz_common_vendor:/opt/ros/jazzy/opt/gz_math_vendor:/opt/ros/jazzy/opt/gz_utils_vendor:/opt/ros/jazzy/opt/gz_tools_vendor:/opt/ros/jazzy/opt/gz_ogre_next_vendor:/opt/ros/jazzy/opt/gz_dartsim_vendor:/opt/ros/jazzy/opt/gz_cmake_vendor DEBUGINFOD_URLS=https://debuginfod.ubuntu.com PS1=(ros2_python_venv) \[\e]0;\u@\h: \w\a\]${debian_chroot:+($debian_chroot)}\[\033[01;32m\]\u@\h\[\033[00m\]:\[\033[01;34m\]\w\[\033[00m\]\$ VIRTUAL_ENV_PROMPT=(ros2_python_venv) /usr/bin/cmake --build /home/robogames/Desktop/Dog/dingo_ws/build/dingo_msgs -- -j4 -l4
[6.334s] DEBUG:colcon.colcon_core.event_handler.log_command:Invoking command in '/home/robogames/Desktop/Dog/dingo_ws/build/dingo_msgs': CMAKE_PREFIX_PATH=/home/robogames/Desktop/Dog/dingo_ws/install/dingo_msgs:/home/robogames/vt-cro/robogames_pi/car_robot_ws/install/yolov8_msgs:/home/robogames/vt-cro/robogames_pi/car_robot_ws/install/yolobot_recognition:/home/robogames/Desktop/Dog/dingo_ws/install/dingo_utilities:/home/robogames/Desktop/Dog/dingo_ws/install/dingo_servo_interfacing:/home/robogames/Desktop/Dog/dingo_ws/install/dingo_peripheral_interfacing:/home/robogames/Desktop/Dog/dingo_ws/install/dingo_input_interfacing:/home/robogames/Desktop/Dog/dingo_ws/install/dingo_gazebo:/home/robogames/Desktop/Dog/dingo_ws/install/dingo_description:/home/robogames/Desktop/Dog/dingo_ws/install/dingo_control:/home/robogames/Desktop/Dog/dingo_ws/install/dingo:/opt/ros/jazzy:/home/robogames/vt-cro/robogames_pi/car_robot_ws/install/serial:/home/robogames/vt-cro/robogames_pi/car_robot_ws/install/diffdrive_arduino:/home/robogames/vt-cro/robogames_pi/car_robot_ws/install/articubot_one:/opt/ros/jazzy/opt/gz_sim_vendor:/opt/ros/jazzy/opt/gz_sensors_vendor:/opt/ros/jazzy/opt/gz_physics_vendor:/opt/ros/jazzy/opt/sdformat_vendor:/opt/ros/jazzy/opt/gz_gui_vendor:/opt/ros/jazzy/opt/gz_transport_vendor:/opt/ros/jazzy/opt/gz_rendering_vendor:/opt/ros/jazzy/opt/gz_plugin_vendor:/opt/ros/jazzy/opt/gz_fuel_tools_vendor:/opt/ros/jazzy/opt/gz_msgs_vendor:/opt/ros/jazzy/opt/gz_common_vendor:/opt/ros/jazzy/opt/gz_math_vendor:/opt/ros/jazzy/opt/gz_utils_vendor:/opt/ros/jazzy/opt/gz_tools_vendor:/opt/ros/jazzy/opt/gz_ogre_next_vendor:/opt/ros/jazzy/opt/gz_dartsim_vendor:/opt/ros/jazzy/opt/gz_cmake_vendor DEBUGINFOD_URLS=https://debuginfod.ubuntu.com PS1=(ros2_python_venv) \[\e]0;\u@\h: \w\a\]${debian_chroot:+($debian_chroot)}\[\033[01;32m\]\u@\h\[\033[00m\]:\[\033[01;34m\]\w\[\033[00m\]\$ VIRTUAL_ENV_PROMPT=(ros2_python_venv) /usr/bin/cmake --install /home/robogames/Desktop/Dog/dingo_ws/build/dingo_msgs
[6.519s] Level 1:colcon.colcon_core.environment:create_environment_scripts_only(dingo_msgs)
[6.520s] DEBUG:colcon.colcon_core.event_handler.log_command:Invoked command in '/home/robogames/Desktop/Dog/dingo_ws/build/dingo_msgs' returned '0': CMAKE_PREFIX_PATH=/home/robogames/Desktop/Dog/dingo_ws/install/dingo_msgs:/home/robogames/vt-cro/robogames_pi/car_robot_ws/install/yolov8_msgs:/home/robogames/vt-cro/robogames_pi/car_robot_ws/install/yolobot_recognition:/home/robogames/Desktop/Dog/dingo_ws/install/dingo_utilities:/home/robogames/Desktop/Dog/dingo_ws/install/dingo_servo_interfacing:/home/robogames/Desktop/Dog/dingo_ws/install/dingo_peripheral_interfacing:/home/robogames/Desktop/Dog/dingo_ws/install/dingo_input_interfacing:/home/robogames/Desktop/Dog/dingo_ws/install/dingo_gazebo:/home/robogames/Desktop/Dog/dingo_ws/install/dingo_description:/home/robogames/Desktop/Dog/dingo_ws/install/dingo_control:/home/robogames/Desktop/Dog/dingo_ws/install/dingo:/opt/ros/jazzy:/home/robogames/vt-cro/robogames_pi/car_robot_ws/install/serial:/home/robogames/vt-cro/robogames_pi/car_robot_ws/install/diffdrive_arduino:/home/robogames/vt-cro/robogames_pi/car_robot_ws/install/articubot_one:/opt/ros/jazzy/opt/gz_sim_vendor:/opt/ros/jazzy/opt/gz_sensors_vendor:/opt/ros/jazzy/opt/gz_physics_vendor:/opt/ros/jazzy/opt/sdformat_vendor:/opt/ros/jazzy/opt/gz_gui_vendor:/opt/ros/jazzy/opt/gz_transport_vendor:/opt/ros/jazzy/opt/gz_rendering_vendor:/opt/ros/jazzy/opt/gz_plugin_vendor:/opt/ros/jazzy/opt/gz_fuel_tools_vendor:/opt/ros/jazzy/opt/gz_msgs_vendor:/opt/ros/jazzy/opt/gz_common_vendor:/opt/ros/jazzy/opt/gz_math_vendor:/opt/ros/jazzy/opt/gz_utils_vendor:/opt/ros/jazzy/opt/gz_tools_vendor:/opt/ros/jazzy/opt/gz_ogre_next_vendor:/opt/ros/jazzy/opt/gz_dartsim_vendor:/opt/ros/jazzy/opt/gz_cmake_vendor DEBUGINFOD_URLS=https://debuginfod.ubuntu.com PS1=(ros2_python_venv) \[\e]0;\u@\h: \w\a\]${debian_chroot:+($debian_chroot)}\[\033[01;32m\]\u@\h\[\033[00m\]:\[\033[01;34m\]\w\[\033[00m\]\$ VIRTUAL_ENV_PROMPT=(ros2_python_venv) /usr/bin/cmake --install /home/robogames/Desktop/Dog/dingo_ws/build/dingo_msgs
[6.520s] Level 1:colcon.colcon_core.environment:checking '/home/robogames/Desktop/Dog/dingo_ws/install/dingo_msgs' for CMake module files
[6.521s] Level 1:colcon.colcon_core.environment:checking '/home/robogames/Desktop/Dog/dingo_ws/install/dingo_msgs' for CMake config files
[6.522s] Level 1:colcon.colcon_core.shell:create_environment_hook('dingo_msgs', 'cmake_prefix_path')
[6.522s] INFO:colcon.colcon_core.shell:Creating environment hook '/home/robogames/Desktop/Dog/dingo_ws/install/dingo_msgs/share/dingo_msgs/hook/cmake_prefix_path.ps1'
[6.523s] INFO:colcon.colcon_core.shell:Creating environment descriptor '/home/robogames/Desktop/Dog/dingo_ws/install/dingo_msgs/share/dingo_msgs/hook/cmake_prefix_path.dsv'
[6.525s] INFO:colcon.colcon_core.shell:Creating environment hook '/home/robogames/Desktop/Dog/dingo_ws/install/dingo_msgs/share/dingo_msgs/hook/cmake_prefix_path.sh'
[6.526s] Level 1:colcon.colcon_core.environment:checking '/home/robogames/Desktop/Dog/dingo_ws/install/dingo_msgs/lib'
[6.527s] Level 1:colcon.colcon_core.shell:create_environment_hook('dingo_msgs', 'ld_library_path_lib')
[6.527s] INFO:colcon.colcon_core.shell:Creating environment hook '/home/robogames/Desktop/Dog/dingo_ws/install/dingo_msgs/share/dingo_msgs/hook/ld_library_path_lib.ps1'
[6.530s] INFO:colcon.colcon_core.shell:Creating environment descriptor '/home/robogames/Desktop/Dog/dingo_ws/install/dingo_msgs/share/dingo_msgs/hook/ld_library_path_lib.dsv'
[6.531s] INFO:colcon.colcon_core.shell:Creating environment hook '/home/robogames/Desktop/Dog/dingo_ws/install/dingo_msgs/share/dingo_msgs/hook/ld_library_path_lib.sh'
[6.531s] Level 1:colcon.colcon_core.environment:checking '/home/robogames/Desktop/Dog/dingo_ws/install/dingo_msgs/bin'
[6.531s] Level 1:colcon.colcon_core.environment:checking '/home/robogames/Desktop/Dog/dingo_ws/install/dingo_msgs/lib/pkgconfig/dingo_msgs.pc'
[6.532s] Level 1:colcon.colcon_core.environment:checking '/home/robogames/Desktop/Dog/dingo_ws/install/dingo_msgs/lib/python3.12/site-packages'
[6.532s] Level 1:colcon.colcon_core.shell:create_environment_hook('dingo_msgs', 'pythonpath')
[6.532s] INFO:colcon.colcon_core.shell:Creating environment hook '/home/robogames/Desktop/Dog/dingo_ws/install/dingo_msgs/share/dingo_msgs/hook/pythonpath.ps1'
[6.533s] INFO:colcon.colcon_core.shell:Creating environment descriptor '/home/robogames/Desktop/Dog/dingo_ws/install/dingo_msgs/share/dingo_msgs/hook/pythonpath.dsv'
[6.534s] INFO:colcon.colcon_core.shell:Creating environment hook '/home/robogames/Desktop/Dog/dingo_ws/install/dingo_msgs/share/dingo_msgs/hook/pythonpath.sh'
[6.535s] Level 1:colcon.colcon_core.environment:checking '/home/robogames/Desktop/Dog/dingo_ws/install/dingo_msgs/bin'
[6.536s] INFO:colcon.colcon_core.shell:Creating package script '/home/robogames/Desktop/Dog/dingo_ws/install/dingo_msgs/share/dingo_msgs/package.ps1'
[6.537s] INFO:colcon.colcon_core.shell:Creating package descriptor '/home/robogames/Desktop/Dog/dingo_ws/install/dingo_msgs/share/dingo_msgs/package.dsv'
[6.538s] INFO:colcon.colcon_core.shell:Creating package script '/home/robogames/Desktop/Dog/dingo_ws/install/dingo_msgs/share/dingo_msgs/package.sh'
[6.539s] INFO:colcon.colcon_core.shell:Creating package script '/home/robogames/Desktop/Dog/dingo_ws/install/dingo_msgs/share/dingo_msgs/package.bash'
[6.540s] INFO:colcon.colcon_core.shell:Creating package script '/home/robogames/Desktop/Dog/dingo_ws/install/dingo_msgs/share/dingo_msgs/package.zsh'
[6.541s] Level 1:colcon.colcon_core.environment:create_file_with_runtime_dependencies(/home/robogames/Desktop/Dog/dingo_ws/install/dingo_msgs/share/colcon-core/packages/dingo_msgs)
[6.543s] Level 1:colcon.colcon_core.environment:create_environment_scripts_only(dingo_msgs)
[6.543s] Level 1:colcon.colcon_core.environment:checking '/home/robogames/Desktop/Dog/dingo_ws/install/dingo_msgs' for CMake module files
[6.544s] Level 1:colcon.colcon_core.environment:checking '/home/robogames/Desktop/Dog/dingo_ws/install/dingo_msgs' for CMake config files
[6.545s] Level 1:colcon.colcon_core.shell:create_environment_hook('dingo_msgs', 'cmake_prefix_path')
[6.545s] INFO:colcon.colcon_core.shell:Creating environment hook '/home/robogames/Desktop/Dog/dingo_ws/install/dingo_msgs/share/dingo_msgs/hook/cmake_prefix_path.ps1'
[6.546s] INFO:colcon.colcon_core.shell:Creating environment descriptor '/home/robogames/Desktop/Dog/dingo_ws/install/dingo_msgs/share/dingo_msgs/hook/cmake_prefix_path.dsv'
[6.548s] INFO:colcon.colcon_core.shell:Creating environment hook '/home/robogames/Desktop/Dog/dingo_ws/install/dingo_msgs/share/dingo_msgs/hook/cmake_prefix_path.sh'
[6.550s] Level 1:colcon.colcon_core.environment:checking '/home/robogames/Desktop/Dog/dingo_ws/install/dingo_msgs/lib'
[6.550s] Level 1:colcon.colcon_core.shell:create_environment_hook('dingo_msgs', 'ld_library_path_lib')
[6.550s] INFO:colcon.colcon_core.shell:Creating environment hook '/home/robogames/Desktop/Dog/dingo_ws/install/dingo_msgs/share/dingo_msgs/hook/ld_library_path_lib.ps1'
[6.551s] INFO:colcon.colcon_core.shell:Creating environment descriptor '/home/robogames/Desktop/Dog/dingo_ws/install/dingo_msgs/share/dingo_msgs/hook/ld_library_path_lib.dsv'
[6.552s] INFO:colcon.colcon_core.shell:Creating environment hook '/home/robogames/Desktop/Dog/dingo_ws/install/dingo_msgs/share/dingo_msgs/hook/ld_library_path_lib.sh'
[6.554s] Level 1:colcon.colcon_core.environment:checking '/home/robogames/Desktop/Dog/dingo_ws/install/dingo_msgs/bin'
[6.554s] Level 1:colcon.colcon_core.environment:checking '/home/robogames/Desktop/Dog/dingo_ws/install/dingo_msgs/lib/pkgconfig/dingo_msgs.pc'
[6.554s] Level 1:colcon.colcon_core.environment:checking '/home/robogames/Desktop/Dog/dingo_ws/install/dingo_msgs/lib/python3.12/site-packages'
[6.555s] Level 1:colcon.colcon_core.shell:create_environment_hook('dingo_msgs', 'pythonpath')
[6.555s] INFO:colcon.colcon_core.shell:Creating environment hook '/home/robogames/Desktop/Dog/dingo_ws/install/dingo_msgs/share/dingo_msgs/hook/pythonpath.ps1'
[6.556s] INFO:colcon.colcon_core.shell:Creating environment descriptor '/home/robogames/Desktop/Dog/dingo_ws/install/dingo_msgs/share/dingo_msgs/hook/pythonpath.dsv'
[6.557s] INFO:colcon.colcon_core.shell:Creating environment hook '/home/robogames/Desktop/Dog/dingo_ws/install/dingo_msgs/share/dingo_msgs/hook/pythonpath.sh'
[6.559s] Level 1:colcon.colcon_core.environment:checking '/home/robogames/Desktop/Dog/dingo_ws/install/dingo_msgs/bin'
[6.560s] INFO:colcon.colcon_core.shell:Creating package script '/home/robogames/Desktop/Dog/dingo_ws/install/dingo_msgs/share/dingo_msgs/package.ps1'
[6.560s] INFO:colcon.colcon_core.shell:Creating package descriptor '/home/robogames/Desktop/Dog/dingo_ws/install/dingo_msgs/share/dingo_msgs/package.dsv'
[6.562s] INFO:colcon.colcon_core.shell:Creating package script '/home/robogames/Desktop/Dog/dingo_ws/install/dingo_msgs/share/dingo_msgs/package.sh'
[6.564s] INFO:colcon.colcon_core.shell:Creating package script '/home/robogames/Desktop/Dog/dingo_ws/install/dingo_msgs/share/dingo_msgs/package.bash'
[6.567s] INFO:colcon.colcon_core.shell:Creating package script '/home/robogames/Desktop/Dog/dingo_ws/install/dingo_msgs/share/dingo_msgs/package.zsh'
[6.568s] Level 1:colcon.colcon_core.environment:create_file_with_runtime_dependencies(/home/robogames/Desktop/Dog/dingo_ws/install/dingo_msgs/share/colcon-core/packages/dingo_msgs)
[6.570s] INFO:colcon.colcon_ros.task.ament_python.build:Building ROS package in '/home/robogames/Desktop/Dog/dingo_ws/src/dingo_utilities' with build type 'ament_python'
[6.570s] Level 1:colcon.colcon_core.shell:create_environment_hook('dingo_utilities', 'ament_prefix_path')
[6.571s] INFO:colcon.colcon_core.shell:Creating environment hook '/home/robogames/Desktop/Dog/dingo_ws/install/dingo_utilities/share/dingo_utilities/hook/ament_prefix_path.ps1'
[6.572s] INFO:colcon.colcon_core.shell:Creating environment descriptor '/home/robogames/Desktop/Dog/dingo_ws/install/dingo_utilities/share/dingo_utilities/hook/ament_prefix_path.dsv'
[6.573s] INFO:colcon.colcon_core.shell:Creating environment hook '/home/robogames/Desktop/Dog/dingo_ws/install/dingo_utilities/share/dingo_utilities/hook/ament_prefix_path.sh'
[6.574s] INFO:colcon.colcon_core.shell:Skip shell extension 'powershell' for command environment: Not usable outside of PowerShell
[6.574s] DEBUG:colcon.colcon_core.shell:Skip shell extension 'dsv' for command environment
[7.038s] WARNING:colcon.colcon_ros.task.ament_python.build:Package 'dingo_utilities' doesn't explicitly install a marker in the package index (colcon-ros currently does it implicitly but that fallback will be removed in the future)
[7.039s] WARNING:colcon.colcon_ros.task.ament_python.build:Package 'dingo_utilities' doesn't explicitly install the 'package.xml' file (colcon-ros currently does it implicitly but that fallback will be removed in the future)
[7.040s] INFO:colcon.colcon_core.task.python.build:Building Python package in '/home/robogames/Desktop/Dog/dingo_ws/src/dingo_utilities'
[7.040s] INFO:colcon.colcon_core.shell:Skip shell extension 'powershell' for command environment: Not usable outside of PowerShell
[7.040s] DEBUG:colcon.colcon_core.shell:Skip shell extension 'dsv' for command environment
[7.188s] DEBUG:colcon.colcon_core.event_handler.log_command:Invoking command in '/home/robogames/Desktop/Dog/dingo_ws/src/dingo_input_interfacing': DEBUGINFOD_URLS=https://debuginfod.ubuntu.com PS1=(ros2_python_venv) \[\e]0;\u@\h: \w\a\]${debian_chroot:+($debian_chroot)}\[\033[01;32m\]\u@\h\[\033[00m\]:\[\033[01;34m\]\w\[\033[00m\]\$ PYTHONPATH=/home/robogames/Desktop/Dog/dingo_ws/build/dingo_input_interfacing/prefix_override:/usr/lib/python3/dist-packages/colcon_core/task/python/colcon_distutils_commands:/home/robogames/Desktop/Dog/dingo_ws/install/dingo_input_interfacing/lib/python3.12/site-packages:${PYTHONPATH} VIRTUAL_ENV_PROMPT=(ros2_python_venv) /usr/bin/python3 -W ignore:setup.py install is deprecated -W ignore:easy_install command is deprecated setup.py egg_info --egg-base ../../build/dingo_input_interfacing build --build-base /home/robogames/Desktop/Dog/dingo_ws/build/dingo_input_interfacing/build install --record /home/robogames/Desktop/Dog/dingo_ws/build/dingo_input_interfacing/install.log --single-version-externally-managed
[7.711s] DEBUG:colcon.colcon_core.event_handler.log_command:Invoking command in '/home/robogames/Desktop/Dog/dingo_ws/src/dingo_peripheral_interfacing': DEBUGINFOD_URLS=https://debuginfod.ubuntu.com PS1=(ros2_python_venv) \[\e]0;\u@\h: \w\a\]${debian_chroot:+($debian_chroot)}\[\033[01;32m\]\u@\h\[\033[00m\]:\[\033[01;34m\]\w\[\033[00m\]\$ PYTHONPATH=/home/robogames/Desktop/Dog/dingo_ws/build/dingo_peripheral_interfacing/prefix_override:/usr/lib/python3/dist-packages/colcon_core/task/python/colcon_distutils_commands:/home/robogames/Desktop/Dog/dingo_ws/install/dingo_peripheral_interfacing/lib/python3.12/site-packages:${PYTHONPATH} VIRTUAL_ENV_PROMPT=(ros2_python_venv) /usr/bin/python3 -W ignore:setup.py install is deprecated -W ignore:easy_install command is deprecated setup.py egg_info --egg-base ../../build/dingo_peripheral_interfacing build --build-base /home/robogames/Desktop/Dog/dingo_ws/build/dingo_peripheral_interfacing/build install --record /home/robogames/Desktop/Dog/dingo_ws/build/dingo_peripheral_interfacing/install.log --single-version-externally-managed install_data
[7.722s] DEBUG:colcon.colcon_core.event_handler.log_command:Invoking command in '/home/robogames/Desktop/Dog/dingo_ws/src/dingo_servo_interfacing': DEBUGINFOD_URLS=https://debuginfod.ubuntu.com PS1=(ros2_python_venv) \[\e]0;\u@\h: \w\a\]${debian_chroot:+($debian_chroot)}\[\033[01;32m\]\u@\h\[\033[00m\]:\[\033[01;34m\]\w\[\033[00m\]\$ PYTHONPATH=/home/robogames/Desktop/Dog/dingo_ws/build/dingo_servo_interfacing/prefix_override:/usr/lib/python3/dist-packages/colcon_core/task/python/colcon_distutils_commands:/home/robogames/Desktop/Dog/dingo_ws/install/dingo_servo_interfacing/lib/python3.12/site-packages:${PYTHONPATH} VIRTUAL_ENV_PROMPT=(ros2_python_venv) /usr/bin/python3 -W ignore:setup.py install is deprecated -W ignore:easy_install command is deprecated setup.py egg_info --egg-base ../../build/dingo_servo_interfacing build --build-base /home/robogames/Desktop/Dog/dingo_ws/build/dingo_servo_interfacing/build install --record /home/robogames/Desktop/Dog/dingo_ws/build/dingo_servo_interfacing/install.log --single-version-externally-managed
[8.460s] DEBUG:colcon.colcon_core.event_handler.log_command:Invoking command in '/home/robogames/Desktop/Dog/dingo_ws/src/dingo_utilities': DEBUGINFOD_URLS=https://debuginfod.ubuntu.com PS1=(ros2_python_venv) \[\e]0;\u@\h: \w\a\]${debian_chroot:+($debian_chroot)}\[\033[01;32m\]\u@\h\[\033[00m\]:\[\033[01;34m\]\w\[\033[00m\]\$ PYTHONPATH=/home/robogames/Desktop/Dog/dingo_ws/build/dingo_utilities/prefix_override:/usr/lib/python3/dist-packages/colcon_core/task/python/colcon_distutils_commands:/home/robogames/Desktop/Dog/dingo_ws/install/dingo_utilities/lib/python3.12/site-packages:${PYTHONPATH} VIRTUAL_ENV_PROMPT=(ros2_python_venv) /usr/bin/python3 -W ignore:setup.py install is deprecated -W ignore:easy_install command is deprecated setup.py egg_info --egg-base ../../build/dingo_utilities build --build-base /home/robogames/Desktop/Dog/dingo_ws/build/dingo_utilities/build install --record /home/robogames/Desktop/Dog/dingo_ws/build/dingo_utilities/install.log --single-version-externally-managed
[8.469s] Level 1:colcon.colcon_core.environment:checking '/home/robogames/Desktop/Dog/dingo_ws/install/dingo_input_interfacing' for CMake module files
[8.470s] Level 1:colcon.colcon_core.environment:checking '/home/robogames/Desktop/Dog/dingo_ws/install/dingo_input_interfacing' for CMake config files
[8.470s] Level 1:colcon.colcon_core.environment:checking '/home/robogames/Desktop/Dog/dingo_ws/install/dingo_input_interfacing/lib'
[8.471s] Level 1:colcon.colcon_core.environment:checking '/home/robogames/Desktop/Dog/dingo_ws/install/dingo_input_interfacing/bin'
[8.471s] Level 1:colcon.colcon_core.environment:checking '/home/robogames/Desktop/Dog/dingo_ws/install/dingo_input_interfacing/lib/pkgconfig/dingo_input_interfacing.pc'
[8.471s] Level 1:colcon.colcon_core.environment:checking '/home/robogames/Desktop/Dog/dingo_ws/install/dingo_input_interfacing/lib/python3.12/site-packages'
[8.471s] DEBUG:colcon.colcon_core.event_handler.log_command:Invoked command in '/home/robogames/Desktop/Dog/dingo_ws/src/dingo_input_interfacing' returned '0': DEBUGINFOD_URLS=https://debuginfod.ubuntu.com PS1=(ros2_python_venv) \[\e]0;\u@\h: \w\a\]${debian_chroot:+($debian_chroot)}\[\033[01;32m\]\u@\h\[\033[00m\]:\[\033[01;34m\]\w\[\033[00m\]\$ PYTHONPATH=/home/robogames/Desktop/Dog/dingo_ws/build/dingo_input_interfacing/prefix_override:/usr/lib/python3/dist-packages/colcon_core/task/python/colcon_distutils_commands:/home/robogames/Desktop/Dog/dingo_ws/install/dingo_input_interfacing/lib/python3.12/site-packages:${PYTHONPATH} VIRTUAL_ENV_PROMPT=(ros2_python_venv) /usr/bin/python3 -W ignore:setup.py install is deprecated -W ignore:easy_install command is deprecated setup.py egg_info --egg-base ../../build/dingo_input_interfacing build --build-base /home/robogames/Desktop/Dog/dingo_ws/build/dingo_input_interfacing/build install --record /home/robogames/Desktop/Dog/dingo_ws/build/dingo_input_interfacing/install.log --single-version-externally-managed
[8.472s] Level 1:colcon.colcon_core.shell:create_environment_hook('dingo_input_interfacing', 'pythonpath')
[8.472s] INFO:colcon.colcon_core.shell:Creating environment hook '/home/robogames/Desktop/Dog/dingo_ws/install/dingo_input_interfacing/share/dingo_input_interfacing/hook/pythonpath.ps1'
[8.473s] INFO:colcon.colcon_core.shell:Creating environment descriptor '/home/robogames/Desktop/Dog/dingo_ws/install/dingo_input_interfacing/share/dingo_input_interfacing/hook/pythonpath.dsv'
[8.473s] INFO:colcon.colcon_core.shell:Creating environment hook '/home/robogames/Desktop/Dog/dingo_ws/install/dingo_input_interfacing/share/dingo_input_interfacing/hook/pythonpath.sh'
[8.474s] Level 1:colcon.colcon_core.environment:checking '/home/robogames/Desktop/Dog/dingo_ws/install/dingo_input_interfacing/bin'
[8.474s] Level 1:colcon.colcon_core.environment:create_environment_scripts_only(dingo_input_interfacing)
[8.475s] INFO:colcon.colcon_core.shell:Creating package script '/home/robogames/Desktop/Dog/dingo_ws/install/dingo_input_interfacing/share/dingo_input_interfacing/package.ps1'
[8.476s] INFO:colcon.colcon_core.shell:Creating package descriptor '/home/robogames/Desktop/Dog/dingo_ws/install/dingo_input_interfacing/share/dingo_input_interfacing/package.dsv'
[8.476s] INFO:colcon.colcon_core.shell:Creating package script '/home/robogames/Desktop/Dog/dingo_ws/install/dingo_input_interfacing/share/dingo_input_interfacing/package.sh'
[8.477s] INFO:colcon.colcon_core.shell:Creating package script '/home/robogames/Desktop/Dog/dingo_ws/install/dingo_input_interfacing/share/dingo_input_interfacing/package.bash'
[8.477s] INFO:colcon.colcon_core.shell:Creating package script '/home/robogames/Desktop/Dog/dingo_ws/install/dingo_input_interfacing/share/dingo_input_interfacing/package.zsh'
[8.478s] Level 1:colcon.colcon_core.environment:create_file_with_runtime_dependencies(/home/robogames/Desktop/Dog/dingo_ws/install/dingo_input_interfacing/share/colcon-core/packages/dingo_input_interfacing)
[8.945s] Level 1:colcon.colcon_core.environment:checking '/home/robogames/Desktop/Dog/dingo_ws/install/dingo_peripheral_interfacing' for CMake module files
[8.946s] DEBUG:colcon.colcon_core.event_handler.log_command:Invoked command in '/home/robogames/Desktop/Dog/dingo_ws/src/dingo_peripheral_interfacing' returned '0': DEBUGINFOD_URLS=https://debuginfod.ubuntu.com PS1=(ros2_python_venv) \[\e]0;\u@\h: \w\a\]${debian_chroot:+($debian_chroot)}\[\033[01;32m\]\u@\h\[\033[00m\]:\[\033[01;34m\]\w\[\033[00m\]\$ PYTHONPATH=/home/robogames/Desktop/Dog/dingo_ws/build/dingo_peripheral_interfacing/prefix_override:/usr/lib/python3/dist-packages/colcon_core/task/python/colcon_distutils_commands:/home/robogames/Desktop/Dog/dingo_ws/install/dingo_peripheral_interfacing/lib/python3.12/site-packages:${PYTHONPATH} VIRTUAL_ENV_PROMPT=(ros2_python_venv) /usr/bin/python3 -W ignore:setup.py install is deprecated -W ignore:easy_install command is deprecated setup.py egg_info --egg-base ../../build/dingo_peripheral_interfacing build --build-base /home/robogames/Desktop/Dog/dingo_ws/build/dingo_peripheral_interfacing/build install --record /home/robogames/Desktop/Dog/dingo_ws/build/dingo_peripheral_interfacing/install.log --single-version-externally-managed install_data
[8.946s] Level 1:colcon.colcon_core.environment:checking '/home/robogames/Desktop/Dog/dingo_ws/install/dingo_peripheral_interfacing' for CMake config files
[8.947s] Level 1:colcon.colcon_core.environment:checking '/home/robogames/Desktop/Dog/dingo_ws/install/dingo_peripheral_interfacing/lib'
[8.947s] Level 1:colcon.colcon_core.environment:checking '/home/robogames/Desktop/Dog/dingo_ws/install/dingo_peripheral_interfacing/bin'
[8.947s] Level 1:colcon.colcon_core.environment:checking '/home/robogames/Desktop/Dog/dingo_ws/install/dingo_peripheral_interfacing/lib/pkgconfig/dingo_peripheral_interfacing.pc'
[8.948s] Level 1:colcon.colcon_core.environment:checking '/home/robogames/Desktop/Dog/dingo_ws/install/dingo_peripheral_interfacing/lib/python3.12/site-packages'
[8.948s] Level 1:colcon.colcon_core.shell:create_environment_hook('dingo_peripheral_interfacing', 'pythonpath')
[8.948s] INFO:colcon.colcon_core.shell:Creating environment hook '/home/robogames/Desktop/Dog/dingo_ws/install/dingo_peripheral_interfacing/share/dingo_peripheral_interfacing/hook/pythonpath.ps1'
[8.949s] INFO:colcon.colcon_core.shell:Creating environment descriptor '/home/robogames/Desktop/Dog/dingo_ws/install/dingo_peripheral_interfacing/share/dingo_peripheral_interfacing/hook/pythonpath.dsv'
[8.950s] INFO:colcon.colcon_core.shell:Creating environment hook '/home/robogames/Desktop/Dog/dingo_ws/install/dingo_peripheral_interfacing/share/dingo_peripheral_interfacing/hook/pythonpath.sh'
[8.951s] Level 1:colcon.colcon_core.environment:checking '/home/robogames/Desktop/Dog/dingo_ws/install/dingo_peripheral_interfacing/bin'
[8.951s] Level 1:colcon.colcon_core.environment:create_environment_scripts_only(dingo_peripheral_interfacing)
[8.951s] INFO:colcon.colcon_core.shell:Creating package script '/home/robogames/Desktop/Dog/dingo_ws/install/dingo_peripheral_interfacing/share/dingo_peripheral_interfacing/package.ps1'
[8.952s] INFO:colcon.colcon_core.shell:Creating package descriptor '/home/robogames/Desktop/Dog/dingo_ws/install/dingo_peripheral_interfacing/share/dingo_peripheral_interfacing/package.dsv'
[8.952s] INFO:colcon.colcon_core.shell:Creating package script '/home/robogames/Desktop/Dog/dingo_ws/install/dingo_peripheral_interfacing/share/dingo_peripheral_interfacing/package.sh'
[8.953s] INFO:colcon.colcon_core.shell:Creating package script '/home/robogames/Desktop/Dog/dingo_ws/install/dingo_peripheral_interfacing/share/dingo_peripheral_interfacing/package.bash'
[8.954s] INFO:colcon.colcon_core.shell:Creating package script '/home/robogames/Desktop/Dog/dingo_ws/install/dingo_peripheral_interfacing/share/dingo_peripheral_interfacing/package.zsh'
[8.955s] Level 1:colcon.colcon_core.environment:create_file_with_runtime_dependencies(/home/robogames/Desktop/Dog/dingo_ws/install/dingo_peripheral_interfacing/share/colcon-core/packages/dingo_peripheral_interfacing)
[8.958s] Level 1:colcon.colcon_core.environment:checking '/home/robogames/Desktop/Dog/dingo_ws/install/dingo_servo_interfacing' for CMake module files
[8.959s] Level 1:colcon.colcon_core.environment:checking '/home/robogames/Desktop/Dog/dingo_ws/install/dingo_servo_interfacing' for CMake config files
[8.959s] DEBUG:colcon.colcon_core.event_handler.log_command:Invoked command in '/home/robogames/Desktop/Dog/dingo_ws/src/dingo_servo_interfacing' returned '0': DEBUGINFOD_URLS=https://debuginfod.ubuntu.com PS1=(ros2_python_venv) \[\e]0;\u@\h: \w\a\]${debian_chroot:+($debian_chroot)}\[\033[01;32m\]\u@\h\[\033[00m\]:\[\033[01;34m\]\w\[\033[00m\]\$ PYTHONPATH=/home/robogames/Desktop/Dog/dingo_ws/build/dingo_servo_interfacing/prefix_override:/usr/lib/python3/dist-packages/colcon_core/task/python/colcon_distutils_commands:/home/robogames/Desktop/Dog/dingo_ws/install/dingo_servo_interfacing/lib/python3.12/site-packages:${PYTHONPATH} VIRTUAL_ENV_PROMPT=(ros2_python_venv) /usr/bin/python3 -W ignore:setup.py install is deprecated -W ignore:easy_install command is deprecated setup.py egg_info --egg-base ../../build/dingo_servo_interfacing build --build-base /home/robogames/Desktop/Dog/dingo_ws/build/dingo_servo_interfacing/build install --record /home/robogames/Desktop/Dog/dingo_ws/build/dingo_servo_interfacing/install.log --single-version-externally-managed
[8.960s] Level 1:colcon.colcon_core.environment:checking '/home/robogames/Desktop/Dog/dingo_ws/install/dingo_servo_interfacing/lib'
[8.960s] Level 1:colcon.colcon_core.environment:checking '/home/robogames/Desktop/Dog/dingo_ws/install/dingo_servo_interfacing/bin'
[8.960s] Level 1:colcon.colcon_core.environment:checking '/home/robogames/Desktop/Dog/dingo_ws/install/dingo_servo_interfacing/lib/pkgconfig/dingo_servo_interfacing.pc'
[8.960s] Level 1:colcon.colcon_core.environment:checking '/home/robogames/Desktop/Dog/dingo_ws/install/dingo_servo_interfacing/lib/python3.12/site-packages'
[8.960s] Level 1:colcon.colcon_core.shell:create_environment_hook('dingo_servo_interfacing', 'pythonpath')
[8.961s] INFO:colcon.colcon_core.shell:Creating environment hook '/home/robogames/Desktop/Dog/dingo_ws/install/dingo_servo_interfacing/share/dingo_servo_interfacing/hook/pythonpath.ps1'
[8.961s] INFO:colcon.colcon_core.shell:Creating environment descriptor '/home/robogames/Desktop/Dog/dingo_ws/install/dingo_servo_interfacing/share/dingo_servo_interfacing/hook/pythonpath.dsv'
[8.962s] INFO:colcon.colcon_core.shell:Creating environment hook '/home/robogames/Desktop/Dog/dingo_ws/install/dingo_servo_interfacing/share/dingo_servo_interfacing/hook/pythonpath.sh'
[8.964s] Level 1:colcon.colcon_core.environment:checking '/home/robogames/Desktop/Dog/dingo_ws/install/dingo_servo_interfacing/bin'
[8.964s] Level 1:colcon.colcon_core.environment:create_environment_scripts_only(dingo_servo_interfacing)
[8.964s] INFO:colcon.colcon_core.shell:Creating package script '/home/robogames/Desktop/Dog/dingo_ws/install/dingo_servo_interfacing/share/dingo_servo_interfacing/package.ps1'
[8.965s] INFO:colcon.colcon_core.shell:Creating package descriptor '/home/robogames/Desktop/Dog/dingo_ws/install/dingo_servo_interfacing/share/dingo_servo_interfacing/package.dsv'
[8.966s] INFO:colcon.colcon_core.shell:Creating package script '/home/robogames/Desktop/Dog/dingo_ws/install/dingo_servo_interfacing/share/dingo_servo_interfacing/package.sh'
[8.968s] INFO:colcon.colcon_core.shell:Creating package script '/home/robogames/Desktop/Dog/dingo_ws/install/dingo_servo_interfacing/share/dingo_servo_interfacing/package.bash'
[8.969s] INFO:colcon.colcon_core.shell:Creating package script '/home/robogames/Desktop/Dog/dingo_ws/install/dingo_servo_interfacing/share/dingo_servo_interfacing/package.zsh'
[8.971s] Level 1:colcon.colcon_core.environment:create_file_with_runtime_dependencies(/home/robogames/Desktop/Dog/dingo_ws/install/dingo_servo_interfacing/share/colcon-core/packages/dingo_servo_interfacing)
[9.537s] Level 1:colcon.colcon_core.environment:checking '/home/robogames/Desktop/Dog/dingo_ws/install/dingo_utilities' for CMake module files
[9.538s] DEBUG:colcon.colcon_core.event_handler.log_command:Invoked command in '/home/robogames/Desktop/Dog/dingo_ws/src/dingo_utilities' returned '0': DEBUGINFOD_URLS=https://debuginfod.ubuntu.com PS1=(ros2_python_venv) \[\e]0;\u@\h: \w\a\]${debian_chroot:+($debian_chroot)}\[\033[01;32m\]\u@\h\[\033[00m\]:\[\033[01;34m\]\w\[\033[00m\]\$ PYTHONPATH=/home/robogames/Desktop/Dog/dingo_ws/build/dingo_utilities/prefix_override:/usr/lib/python3/dist-packages/colcon_core/task/python/colcon_distutils_commands:/home/robogames/Desktop/Dog/dingo_ws/install/dingo_utilities/lib/python3.12/site-packages:${PYTHONPATH} VIRTUAL_ENV_PROMPT=(ros2_python_venv) /usr/bin/python3 -W ignore:setup.py install is deprecated -W ignore:easy_install command is deprecated setup.py egg_info --egg-base ../../build/dingo_utilities build --build-base /home/robogames/Desktop/Dog/dingo_ws/build/dingo_utilities/build install --record /home/robogames/Desktop/Dog/dingo_ws/build/dingo_utilities/install.log --single-version-externally-managed
[9.538s] Level 1:colcon.colcon_core.environment:checking '/home/robogames/Desktop/Dog/dingo_ws/install/dingo_utilities' for CMake config files
[9.539s] Level 1:colcon.colcon_core.environment:checking '/home/robogames/Desktop/Dog/dingo_ws/install/dingo_utilities/lib'
[9.539s] Level 1:colcon.colcon_core.environment:checking '/home/robogames/Desktop/Dog/dingo_ws/install/dingo_utilities/bin'
[9.539s] Level 1:colcon.colcon_core.environment:checking '/home/robogames/Desktop/Dog/dingo_ws/install/dingo_utilities/lib/pkgconfig/dingo_utilities.pc'
[9.539s] Level 1:colcon.colcon_core.environment:checking '/home/robogames/Desktop/Dog/dingo_ws/install/dingo_utilities/lib/python3.12/site-packages'
[9.539s] Level 1:colcon.colcon_core.shell:create_environment_hook('dingo_utilities', 'pythonpath')
[9.539s] INFO:colcon.colcon_core.shell:Creating environment hook '/home/robogames/Desktop/Dog/dingo_ws/install/dingo_utilities/share/dingo_utilities/hook/pythonpath.ps1'
[9.540s] INFO:colcon.colcon_core.shell:Creating environment descriptor '/home/robogames/Desktop/Dog/dingo_ws/install/dingo_utilities/share/dingo_utilities/hook/pythonpath.dsv'
[9.541s] INFO:colcon.colcon_core.shell:Creating environment hook '/home/robogames/Desktop/Dog/dingo_ws/install/dingo_utilities/share/dingo_utilities/hook/pythonpath.sh'
[9.542s] Level 1:colcon.colcon_core.environment:checking '/home/robogames/Desktop/Dog/dingo_ws/install/dingo_utilities/bin'
[9.542s] Level 1:colcon.colcon_core.environment:create_environment_scripts_only(dingo_utilities)
[9.542s] INFO:colcon.colcon_core.shell:Creating package script '/home/robogames/Desktop/Dog/dingo_ws/install/dingo_utilities/share/dingo_utilities/package.ps1'
[9.543s] INFO:colcon.colcon_core.shell:Creating package descriptor '/home/robogames/Desktop/Dog/dingo_ws/install/dingo_utilities/share/dingo_utilities/package.dsv'
[9.544s] INFO:colcon.colcon_core.shell:Creating package script '/home/robogames/Desktop/Dog/dingo_ws/install/dingo_utilities/share/dingo_utilities/package.sh'
[9.545s] INFO:colcon.colcon_core.shell:Creating package script '/home/robogames/Desktop/Dog/dingo_ws/install/dingo_utilities/share/dingo_utilities/package.bash'
[9.546s] INFO:colcon.colcon_core.shell:Creating package script '/home/robogames/Desktop/Dog/dingo_ws/install/dingo_utilities/share/dingo_utilities/package.zsh'
[9.548s] Level 1:colcon.colcon_core.environment:create_file_with_runtime_dependencies(/home/robogames/Desktop/Dog/dingo_ws/install/dingo_utilities/share/colcon-core/packages/dingo_utilities)
[9.549s] DEBUG:colcon.colcon_parallel_executor.executor.parallel:closing loop
[9.549s] DEBUG:colcon.colcon_parallel_executor.executor.parallel:loop closed
[9.549s] DEBUG:colcon.colcon_parallel_executor.executor.parallel:run_until_complete finished with '0'
[9.550s] DEBUG:colcon.colcon_core.event_reactor:joining thread
[9.559s] INFO:colcon.colcon_core.plugin_system:Skipping extension 'colcon_notification.desktop_notification.terminal_notifier': Not used on non-Darwin systems
[9.560s] INFO:colcon.colcon_core.plugin_system:Skipping extension 'colcon_notification.desktop_notification.win32': Not used on non-Windows systems
[9.560s] INFO:colcon.colcon_notification.desktop_notification:Sending desktop notification using 'notify2'
[9.561s] DEBUG:colcon.colcon_notification.desktop_notification.notify2:Failed to initialize notify2: org.freedesktop.DBus.Error.ServiceUnknown: The name org.freedesktop.Notifications was not provided by any .service files
[9.561s] DEBUG:colcon.colcon_core.event_reactor:joined thread
[9.562s] INFO:colcon.colcon_core.shell:Creating prefix script '/home/robogames/Desktop/Dog/dingo_ws/install/local_setup.ps1'
[9.563s] INFO:colcon.colcon_core.shell:Creating prefix util module '/home/robogames/Desktop/Dog/dingo_ws/install/_local_setup_util_ps1.py'
[9.565s] INFO:colcon.colcon_core.shell:Creating prefix chain script '/home/robogames/Desktop/Dog/dingo_ws/install/setup.ps1'
[9.567s] INFO:colcon.colcon_core.shell:Creating prefix script '/home/robogames/Desktop/Dog/dingo_ws/install/local_setup.sh'
[9.568s] INFO:colcon.colcon_core.shell:Creating prefix util module '/home/robogames/Desktop/Dog/dingo_ws/install/_local_setup_util_sh.py'
[9.570s] INFO:colcon.colcon_core.shell:Creating prefix chain script '/home/robogames/Desktop/Dog/dingo_ws/install/setup.sh'
[9.574s] INFO:colcon.colcon_core.shell:Creating prefix script '/home/robogames/Desktop/Dog/dingo_ws/install/local_setup.bash'
[9.575s] INFO:colcon.colcon_core.shell:Creating prefix chain script '/home/robogames/Desktop/Dog/dingo_ws/install/setup.bash'
[9.577s] INFO:colcon.colcon_core.shell:Creating prefix script '/home/robogames/Desktop/Dog/dingo_ws/install/local_setup.zsh'
[9.577s] INFO:colcon.colcon_core.shell:Creating prefix chain script '/home/robogames/Desktop/Dog/dingo_ws/install/setup.zsh'
