[0.176s] DEBUG:colcon:Command line arguments: ['/usr/bin/colcon', 'build']
[0.176s] DEBUG:colcon:Parsed command line arguments: Namespace(log_base=None, log_level=None, verb_name='build', build_base='build', install_base='install', merge_install=False, symlink_install=False, test_result_base=None, continue_on_error=False, executor='parallel', parallel_workers=4, event_handlers=None, ignore_user_meta=False, metas=['./colcon.meta'], base_paths=['.'], packages_ignore=None, packages_ignore_regex=None, paths=None, packages_up_to=None, packages_up_to_regex=None, packages_above=None, packages_above_and_dependencies=None, packages_above_depth=None, packages_select_by_dep=None, packages_skip_by_dep=None, packages_skip_up_to=None, packages_select_build_failed=False, packages_skip_build_finished=False, packages_select_test_failures=False, packages_skip_test_passed=False, packages_select=None, packages_skip=None, packages_select_regex=None, packages_skip_regex=None, packages_start=None, packages_end=None, allow_overriding=[], cmake_args=None, cmake_target=None, cmake_target_skip_unavailable=False, cmake_clean_cache=False, cmake_clean_first=False, cmake_force_configure=False, ament_cmake_args=None, catkin_cmake_args=None, catkin_skip_building_tests=False, mixin_files=None, mixin=None, verb_parser=<colcon_mixin.mixin.mixin_argument.MixinArgumentDecorator object at 0xffff88a34230>, verb_extension=<colcon_core.verb.build.BuildVerb object at 0xffff88a07e90>, main=<bound method BuildVerb.main of <colcon_core.verb.build.BuildVerb object at 0xffff88a07e90>>, mixin_verb=('build',))
[0.234s] Level 1:colcon.colcon_core.package_discovery:discover_packages(colcon_meta) check parameters
[0.234s] Level 1:colcon.colcon_core.package_discovery:discover_packages(recursive) check parameters
[0.234s] Level 1:colcon.colcon_core.package_discovery:discover_packages(ignore) check parameters
[0.234s] Level 1:colcon.colcon_core.package_discovery:discover_packages(path) check parameters
[0.234s] Level 1:colcon.colcon_core.package_discovery:discover_packages(colcon_meta) discover
[0.234s] Level 1:colcon.colcon_core.package_discovery:discover_packages(recursive) discover
[0.234s] INFO:colcon.colcon_core.package_discovery:Crawling recursively for packages in '/home/robogames/Desktop/Dog/dingo_ws'
[0.234s] Level 1:colcon.colcon_core.package_identification:_identify(.) by extensions ['ignore', 'ignore_ament_install']
[0.234s] Level 1:colcon.colcon_core.package_identification:_identify(.) by extension 'ignore'
[0.234s] Level 1:colcon.colcon_core.package_identification:_identify(.) by extension 'ignore_ament_install'
[0.234s] Level 1:colcon.colcon_core.package_identification:_identify(.) by extensions ['colcon_pkg']
[0.234s] Level 1:colcon.colcon_core.package_identification:_identify(.) by extension 'colcon_pkg'
[0.234s] Level 1:colcon.colcon_core.package_identification:_identify(.) by extensions ['colcon_meta']
[0.235s] Level 1:colcon.colcon_core.package_identification:_identify(.) by extension 'colcon_meta'
[0.235s] Level 1:colcon.colcon_core.package_identification:_identify(.) by extensions ['ros']
[0.235s] Level 1:colcon.colcon_core.package_identification:_identify(.) by extension 'ros'
[0.272s] Level 1:colcon.colcon_core.package_identification:_identify(.) by extensions ['cmake', 'python']
[0.272s] Level 1:colcon.colcon_core.package_identification:_identify(.) by extension 'cmake'
[0.272s] Level 1:colcon.colcon_core.package_identification:_identify(.) by extension 'python'
[0.273s] Level 1:colcon.colcon_core.package_identification:_identify(.) by extensions ['python_setup_py']
[0.273s] Level 1:colcon.colcon_core.package_identification:_identify(.) by extension 'python_setup_py'
[0.273s] Level 1:colcon.colcon_core.package_identification:_identify(build) by extensions ['ignore', 'ignore_ament_install']
[0.273s] Level 1:colcon.colcon_core.package_identification:_identify(build) by extension 'ignore'
[0.273s] Level 1:colcon.colcon_core.package_identification:_identify(build) ignored
[0.273s] Level 1:colcon.colcon_core.package_identification:_identify(install) by extensions ['ignore', 'ignore_ament_install']
[0.273s] Level 1:colcon.colcon_core.package_identification:_identify(install) by extension 'ignore'
[0.273s] Level 1:colcon.colcon_core.package_identification:_identify(install) ignored
[0.273s] Level 1:colcon.colcon_core.package_identification:_identify(log) by extensions ['ignore', 'ignore_ament_install']
[0.273s] Level 1:colcon.colcon_core.package_identification:_identify(log) by extension 'ignore'
[0.274s] Level 1:colcon.colcon_core.package_identification:_identify(log) ignored
[0.274s] Level 1:colcon.colcon_core.package_identification:_identify(src) by extensions ['ignore', 'ignore_ament_install']
[0.274s] Level 1:colcon.colcon_core.package_identification:_identify(src) by extension 'ignore'
[0.274s] Level 1:colcon.colcon_core.package_identification:_identify(src) by extension 'ignore_ament_install'
[0.274s] Level 1:colcon.colcon_core.package_identification:_identify(src) by extensions ['colcon_pkg']
[0.274s] Level 1:colcon.colcon_core.package_identification:_identify(src) by extension 'colcon_pkg'
[0.274s] Level 1:colcon.colcon_core.package_identification:_identify(src) by extensions ['colcon_meta']
[0.274s] Level 1:colcon.colcon_core.package_identification:_identify(src) by extension 'colcon_meta'
[0.274s] Level 1:colcon.colcon_core.package_identification:_identify(src) by extensions ['ros']
[0.274s] Level 1:colcon.colcon_core.package_identification:_identify(src) by extension 'ros'
[0.274s] Level 1:colcon.colcon_core.package_identification:_identify(src) by extensions ['cmake', 'python']
[0.274s] Level 1:colcon.colcon_core.package_identification:_identify(src) by extension 'cmake'
[0.274s] Level 1:colcon.colcon_core.package_identification:_identify(src) by extension 'python'
[0.274s] Level 1:colcon.colcon_core.package_identification:_identify(src) by extensions ['python_setup_py']
[0.274s] Level 1:colcon.colcon_core.package_identification:_identify(src) by extension 'python_setup_py'
[0.274s] Level 1:colcon.colcon_core.package_identification:_identify(src/dingo) by extensions ['ignore', 'ignore_ament_install']
[0.274s] Level 1:colcon.colcon_core.package_identification:_identify(src/dingo) by extension 'ignore'
[0.274s] Level 1:colcon.colcon_core.package_identification:_identify(src/dingo) by extension 'ignore_ament_install'
[0.275s] Level 1:colcon.colcon_core.package_identification:_identify(src/dingo) by extensions ['colcon_pkg']
[0.275s] Level 1:colcon.colcon_core.package_identification:_identify(src/dingo) by extension 'colcon_pkg'
[0.275s] Level 1:colcon.colcon_core.package_identification:_identify(src/dingo) by extensions ['colcon_meta']
[0.275s] Level 1:colcon.colcon_core.package_identification:_identify(src/dingo) by extension 'colcon_meta'
[0.275s] Level 1:colcon.colcon_core.package_identification:_identify(src/dingo) by extensions ['ros']
[0.275s] Level 1:colcon.colcon_core.package_identification:_identify(src/dingo) by extension 'ros'
[0.278s] DEBUG:colcon.colcon_core.package_identification:Package 'src/dingo' with type 'ros.ament_python' and name 'dingo'
[0.278s] Level 1:colcon.colcon_core.package_identification:_identify(src/dingo_control) by extensions ['ignore', 'ignore_ament_install']
[0.278s] Level 1:colcon.colcon_core.package_identification:_identify(src/dingo_control) by extension 'ignore'
[0.278s] Level 1:colcon.colcon_core.package_identification:_identify(src/dingo_control) by extension 'ignore_ament_install'
[0.278s] Level 1:colcon.colcon_core.package_identification:_identify(src/dingo_control) by extensions ['colcon_pkg']
[0.278s] Level 1:colcon.colcon_core.package_identification:_identify(src/dingo_control) by extension 'colcon_pkg'
[0.278s] Level 1:colcon.colcon_core.package_identification:_identify(src/dingo_control) by extensions ['colcon_meta']
[0.278s] Level 1:colcon.colcon_core.package_identification:_identify(src/dingo_control) by extension 'colcon_meta'
[0.278s] Level 1:colcon.colcon_core.package_identification:_identify(src/dingo_control) by extensions ['ros']
[0.278s] Level 1:colcon.colcon_core.package_identification:_identify(src/dingo_control) by extension 'ros'
[0.279s] DEBUG:colcon.colcon_core.package_identification:Package 'src/dingo_control' with type 'ros.ament_python' and name 'dingo_control'
[0.279s] Level 1:colcon.colcon_core.package_identification:_identify(src/dingo_description) by extensions ['ignore', 'ignore_ament_install']
[0.279s] Level 1:colcon.colcon_core.package_identification:_identify(src/dingo_description) by extension 'ignore'
[0.279s] Level 1:colcon.colcon_core.package_identification:_identify(src/dingo_description) by extension 'ignore_ament_install'
[0.279s] Level 1:colcon.colcon_core.package_identification:_identify(src/dingo_description) by extensions ['colcon_pkg']
[0.279s] Level 1:colcon.colcon_core.package_identification:_identify(src/dingo_description) by extension 'colcon_pkg'
[0.280s] Level 1:colcon.colcon_core.package_identification:_identify(src/dingo_description) by extensions ['colcon_meta']
[0.280s] Level 1:colcon.colcon_core.package_identification:_identify(src/dingo_description) by extension 'colcon_meta'
[0.280s] Level 1:colcon.colcon_core.package_identification:_identify(src/dingo_description) by extensions ['ros']
[0.280s] Level 1:colcon.colcon_core.package_identification:_identify(src/dingo_description) by extension 'ros'
[0.280s] DEBUG:colcon.colcon_core.package_identification:Package 'src/dingo_description' with type 'ros.ament_python' and name 'dingo_description'
[0.280s] Level 1:colcon.colcon_core.package_identification:_identify(src/dingo_gazebo) by extensions ['ignore', 'ignore_ament_install']
[0.280s] Level 1:colcon.colcon_core.package_identification:_identify(src/dingo_gazebo) by extension 'ignore'
[0.281s] Level 1:colcon.colcon_core.package_identification:_identify(src/dingo_gazebo) by extension 'ignore_ament_install'
[0.281s] Level 1:colcon.colcon_core.package_identification:_identify(src/dingo_gazebo) by extensions ['colcon_pkg']
[0.281s] Level 1:colcon.colcon_core.package_identification:_identify(src/dingo_gazebo) by extension 'colcon_pkg'
[0.281s] Level 1:colcon.colcon_core.package_identification:_identify(src/dingo_gazebo) by extensions ['colcon_meta']
[0.281s] Level 1:colcon.colcon_core.package_identification:_identify(src/dingo_gazebo) by extension 'colcon_meta'
[0.281s] Level 1:colcon.colcon_core.package_identification:_identify(src/dingo_gazebo) by extensions ['ros']
[0.281s] Level 1:colcon.colcon_core.package_identification:_identify(src/dingo_gazebo) by extension 'ros'
[0.281s] DEBUG:colcon.colcon_core.package_identification:Package 'src/dingo_gazebo' with type 'ros.ament_python' and name 'dingo_gazebo'
[0.281s] Level 1:colcon.colcon_core.package_identification:_identify(src/dingo_input_interfacing) by extensions ['ignore', 'ignore_ament_install']
[0.282s] Level 1:colcon.colcon_core.package_identification:_identify(src/dingo_input_interfacing) by extension 'ignore'
[0.282s] Level 1:colcon.colcon_core.package_identification:_identify(src/dingo_input_interfacing) by extension 'ignore_ament_install'
[0.282s] Level 1:colcon.colcon_core.package_identification:_identify(src/dingo_input_interfacing) by extensions ['colcon_pkg']
[0.282s] Level 1:colcon.colcon_core.package_identification:_identify(src/dingo_input_interfacing) by extension 'colcon_pkg'
[0.282s] Level 1:colcon.colcon_core.package_identification:_identify(src/dingo_input_interfacing) by extensions ['colcon_meta']
[0.282s] Level 1:colcon.colcon_core.package_identification:_identify(src/dingo_input_interfacing) by extension 'colcon_meta'
[0.282s] Level 1:colcon.colcon_core.package_identification:_identify(src/dingo_input_interfacing) by extensions ['ros']
[0.282s] Level 1:colcon.colcon_core.package_identification:_identify(src/dingo_input_interfacing) by extension 'ros'
[0.282s] DEBUG:colcon.colcon_core.package_identification:Package 'src/dingo_input_interfacing' with type 'ros.ament_python' and name 'dingo_input_interfacing'
[0.283s] Level 1:colcon.colcon_core.package_identification:_identify(src/dingo_msgs) by extensions ['ignore', 'ignore_ament_install']
[0.283s] Level 1:colcon.colcon_core.package_identification:_identify(src/dingo_msgs) by extension 'ignore'
[0.283s] Level 1:colcon.colcon_core.package_identification:_identify(src/dingo_msgs) by extension 'ignore_ament_install'
[0.283s] Level 1:colcon.colcon_core.package_identification:_identify(src/dingo_msgs) by extensions ['colcon_pkg']
[0.283s] Level 1:colcon.colcon_core.package_identification:_identify(src/dingo_msgs) by extension 'colcon_pkg'
[0.283s] Level 1:colcon.colcon_core.package_identification:_identify(src/dingo_msgs) by extensions ['colcon_meta']
[0.283s] Level 1:colcon.colcon_core.package_identification:_identify(src/dingo_msgs) by extension 'colcon_meta'
[0.283s] Level 1:colcon.colcon_core.package_identification:_identify(src/dingo_msgs) by extensions ['ros']
[0.283s] Level 1:colcon.colcon_core.package_identification:_identify(src/dingo_msgs) by extension 'ros'
[0.283s] DEBUG:colcon.colcon_core.package_identification:Package 'src/dingo_msgs' with type 'ros.ament_cmake' and name 'dingo_msgs'
[0.284s] Level 1:colcon.colcon_core.package_identification:_identify(src/dingo_peripheral_interfacing) by extensions ['ignore', 'ignore_ament_install']
[0.284s] Level 1:colcon.colcon_core.package_identification:_identify(src/dingo_peripheral_interfacing) by extension 'ignore'
[0.284s] Level 1:colcon.colcon_core.package_identification:_identify(src/dingo_peripheral_interfacing) by extension 'ignore_ament_install'
[0.284s] Level 1:colcon.colcon_core.package_identification:_identify(src/dingo_peripheral_interfacing) by extensions ['colcon_pkg']
[0.284s] Level 1:colcon.colcon_core.package_identification:_identify(src/dingo_peripheral_interfacing) by extension 'colcon_pkg'
[0.284s] Level 1:colcon.colcon_core.package_identification:_identify(src/dingo_peripheral_interfacing) by extensions ['colcon_meta']
[0.284s] Level 1:colcon.colcon_core.package_identification:_identify(src/dingo_peripheral_interfacing) by extension 'colcon_meta'
[0.284s] Level 1:colcon.colcon_core.package_identification:_identify(src/dingo_peripheral_interfacing) by extensions ['ros']
[0.284s] Level 1:colcon.colcon_core.package_identification:_identify(src/dingo_peripheral_interfacing) by extension 'ros'
[0.284s] DEBUG:colcon.colcon_core.package_identification:Package 'src/dingo_peripheral_interfacing' with type 'ros.ament_python' and name 'dingo_peripheral_interfacing'
[0.285s] Level 1:colcon.colcon_core.package_identification:_identify(src/dingo_servo_interfacing) by extensions ['ignore', 'ignore_ament_install']
[0.285s] Level 1:colcon.colcon_core.package_identification:_identify(src/dingo_servo_interfacing) by extension 'ignore'
[0.285s] Level 1:colcon.colcon_core.package_identification:_identify(src/dingo_servo_interfacing) by extension 'ignore_ament_install'
[0.285s] Level 1:colcon.colcon_core.package_identification:_identify(src/dingo_servo_interfacing) by extensions ['colcon_pkg']
[0.285s] Level 1:colcon.colcon_core.package_identification:_identify(src/dingo_servo_interfacing) by extension 'colcon_pkg'
[0.285s] Level 1:colcon.colcon_core.package_identification:_identify(src/dingo_servo_interfacing) by extensions ['colcon_meta']
[0.285s] Level 1:colcon.colcon_core.package_identification:_identify(src/dingo_servo_interfacing) by extension 'colcon_meta'
[0.285s] Level 1:colcon.colcon_core.package_identification:_identify(src/dingo_servo_interfacing) by extensions ['ros']
[0.285s] Level 1:colcon.colcon_core.package_identification:_identify(src/dingo_servo_interfacing) by extension 'ros'
[0.285s] DEBUG:colcon.colcon_core.package_identification:Package 'src/dingo_servo_interfacing' with type 'ros.ament_python' and name 'dingo_servo_interfacing'
[0.286s] Level 1:colcon.colcon_core.package_identification:_identify(src/dingo_utilities) by extensions ['ignore', 'ignore_ament_install']
[0.286s] Level 1:colcon.colcon_core.package_identification:_identify(src/dingo_utilities) by extension 'ignore'
[0.286s] Level 1:colcon.colcon_core.package_identification:_identify(src/dingo_utilities) by extension 'ignore_ament_install'
[0.286s] Level 1:colcon.colcon_core.package_identification:_identify(src/dingo_utilities) by extensions ['colcon_pkg']
[0.286s] Level 1:colcon.colcon_core.package_identification:_identify(src/dingo_utilities) by extension 'colcon_pkg'
[0.286s] Level 1:colcon.colcon_core.package_identification:_identify(src/dingo_utilities) by extensions ['colcon_meta']
[0.286s] Level 1:colcon.colcon_core.package_identification:_identify(src/dingo_utilities) by extension 'colcon_meta'
[0.286s] Level 1:colcon.colcon_core.package_identification:_identify(src/dingo_utilities) by extensions ['ros']
[0.286s] Level 1:colcon.colcon_core.package_identification:_identify(src/dingo_utilities) by extension 'ros'
[0.287s] DEBUG:colcon.colcon_core.package_identification:Package 'src/dingo_utilities' with type 'ros.ament_python' and name 'dingo_utilities'
[0.287s] Level 1:colcon.colcon_core.package_discovery:discover_packages(recursive) using defaults
[0.287s] Level 1:colcon.colcon_core.package_discovery:discover_packages(ignore) discover
[0.287s] Level 1:colcon.colcon_core.package_discovery:discover_packages(ignore) using defaults
[0.287s] Level 1:colcon.colcon_core.package_discovery:discover_packages(path) discover
[0.287s] Level 1:colcon.colcon_core.package_discovery:discover_packages(path) using defaults
[0.315s] Level 1:colcon.colcon_core.package_discovery:discover_packages(prefix_path) check parameters
[0.315s] Level 1:colcon.colcon_core.package_discovery:discover_packages(prefix_path) discover
[0.318s] DEBUG:colcon.colcon_installed_package_information.package_discovery:Found 9 installed packages in /home/robogames/Desktop/Dog/dingo_ws/install
[0.318s] DEBUG:colcon.colcon_installed_package_information.package_discovery:Found 5 installed packages in /home/robogames/vt-cro/robogames_pi/car_robot_ws/install
[0.322s] DEBUG:colcon.colcon_installed_package_information.package_discovery:Found 492 installed packages in /opt/ros/jazzy
[0.323s] Level 1:colcon.colcon_core.package_discovery:discover_packages(prefix_path) using defaults
[0.448s] Level 5:colcon.colcon_core.verb:set package 'dingo' build argument 'cmake_args' from command line to 'None'
[0.448s] Level 5:colcon.colcon_core.verb:set package 'dingo' build argument 'cmake_target' from command line to 'None'
[0.448s] Level 5:colcon.colcon_core.verb:set package 'dingo' build argument 'cmake_target_skip_unavailable' from command line to 'False'
[0.448s] Level 5:colcon.colcon_core.verb:set package 'dingo' build argument 'cmake_clean_cache' from command line to 'False'
[0.448s] Level 5:colcon.colcon_core.verb:set package 'dingo' build argument 'cmake_clean_first' from command line to 'False'
[0.448s] Level 5:colcon.colcon_core.verb:set package 'dingo' build argument 'cmake_force_configure' from command line to 'False'
[0.448s] Level 5:colcon.colcon_core.verb:set package 'dingo' build argument 'ament_cmake_args' from command line to 'None'
[0.448s] Level 5:colcon.colcon_core.verb:set package 'dingo' build argument 'catkin_cmake_args' from command line to 'None'
[0.448s] Level 5:colcon.colcon_core.verb:set package 'dingo' build argument 'catkin_skip_building_tests' from command line to 'False'
[0.448s] DEBUG:colcon.colcon_core.verb:Building package 'dingo' with the following arguments: {'ament_cmake_args': None, 'build_base': '/home/robogames/Desktop/Dog/dingo_ws/build/dingo', 'catkin_cmake_args': None, 'catkin_skip_building_tests': False, 'cmake_args': None, 'cmake_clean_cache': False, 'cmake_clean_first': False, 'cmake_force_configure': False, 'cmake_target': None, 'cmake_target_skip_unavailable': False, 'install_base': '/home/robogames/Desktop/Dog/dingo_ws/install/dingo', 'merge_install': False, 'path': '/home/robogames/Desktop/Dog/dingo_ws/src/dingo', 'symlink_install': False, 'test_result_base': None}
[0.449s] Level 5:colcon.colcon_core.verb:set package 'dingo_control' build argument 'cmake_args' from command line to 'None'
[0.449s] Level 5:colcon.colcon_core.verb:set package 'dingo_control' build argument 'cmake_target' from command line to 'None'
[0.449s] Level 5:colcon.colcon_core.verb:set package 'dingo_control' build argument 'cmake_target_skip_unavailable' from command line to 'False'
[0.449s] Level 5:colcon.colcon_core.verb:set package 'dingo_control' build argument 'cmake_clean_cache' from command line to 'False'
[0.449s] Level 5:colcon.colcon_core.verb:set package 'dingo_control' build argument 'cmake_clean_first' from command line to 'False'
[0.449s] Level 5:colcon.colcon_core.verb:set package 'dingo_control' build argument 'cmake_force_configure' from command line to 'False'
[0.449s] Level 5:colcon.colcon_core.verb:set package 'dingo_control' build argument 'ament_cmake_args' from command line to 'None'
[0.449s] Level 5:colcon.colcon_core.verb:set package 'dingo_control' build argument 'catkin_cmake_args' from command line to 'None'
[0.449s] Level 5:colcon.colcon_core.verb:set package 'dingo_control' build argument 'catkin_skip_building_tests' from command line to 'False'
[0.449s] DEBUG:colcon.colcon_core.verb:Building package 'dingo_control' with the following arguments: {'ament_cmake_args': None, 'build_base': '/home/robogames/Desktop/Dog/dingo_ws/build/dingo_control', 'catkin_cmake_args': None, 'catkin_skip_building_tests': False, 'cmake_args': None, 'cmake_clean_cache': False, 'cmake_clean_first': False, 'cmake_force_configure': False, 'cmake_target': None, 'cmake_target_skip_unavailable': False, 'install_base': '/home/robogames/Desktop/Dog/dingo_ws/install/dingo_control', 'merge_install': False, 'path': '/home/robogames/Desktop/Dog/dingo_ws/src/dingo_control', 'symlink_install': False, 'test_result_base': None}
[0.449s] Level 5:colcon.colcon_core.verb:set package 'dingo_description' build argument 'cmake_args' from command line to 'None'
[0.449s] Level 5:colcon.colcon_core.verb:set package 'dingo_description' build argument 'cmake_target' from command line to 'None'
[0.449s] Level 5:colcon.colcon_core.verb:set package 'dingo_description' build argument 'cmake_target_skip_unavailable' from command line to 'False'
[0.449s] Level 5:colcon.colcon_core.verb:set package 'dingo_description' build argument 'cmake_clean_cache' from command line to 'False'
[0.450s] Level 5:colcon.colcon_core.verb:set package 'dingo_description' build argument 'cmake_clean_first' from command line to 'False'
[0.450s] Level 5:colcon.colcon_core.verb:set package 'dingo_description' build argument 'cmake_force_configure' from command line to 'False'
[0.450s] Level 5:colcon.colcon_core.verb:set package 'dingo_description' build argument 'ament_cmake_args' from command line to 'None'
[0.450s] Level 5:colcon.colcon_core.verb:set package 'dingo_description' build argument 'catkin_cmake_args' from command line to 'None'
[0.450s] Level 5:colcon.colcon_core.verb:set package 'dingo_description' build argument 'catkin_skip_building_tests' from command line to 'False'
[0.450s] DEBUG:colcon.colcon_core.verb:Building package 'dingo_description' with the following arguments: {'ament_cmake_args': None, 'build_base': '/home/robogames/Desktop/Dog/dingo_ws/build/dingo_description', 'catkin_cmake_args': None, 'catkin_skip_building_tests': False, 'cmake_args': None, 'cmake_clean_cache': False, 'cmake_clean_first': False, 'cmake_force_configure': False, 'cmake_target': None, 'cmake_target_skip_unavailable': False, 'install_base': '/home/robogames/Desktop/Dog/dingo_ws/install/dingo_description', 'merge_install': False, 'path': '/home/robogames/Desktop/Dog/dingo_ws/src/dingo_description', 'symlink_install': False, 'test_result_base': None}
[0.450s] Level 5:colcon.colcon_core.verb:set package 'dingo_gazebo' build argument 'cmake_args' from command line to 'None'
[0.450s] Level 5:colcon.colcon_core.verb:set package 'dingo_gazebo' build argument 'cmake_target' from command line to 'None'
[0.450s] Level 5:colcon.colcon_core.verb:set package 'dingo_gazebo' build argument 'cmake_target_skip_unavailable' from command line to 'False'
[0.450s] Level 5:colcon.colcon_core.verb:set package 'dingo_gazebo' build argument 'cmake_clean_cache' from command line to 'False'
[0.450s] Level 5:colcon.colcon_core.verb:set package 'dingo_gazebo' build argument 'cmake_clean_first' from command line to 'False'
[0.450s] Level 5:colcon.colcon_core.verb:set package 'dingo_gazebo' build argument 'cmake_force_configure' from command line to 'False'
[0.450s] Level 5:colcon.colcon_core.verb:set package 'dingo_gazebo' build argument 'ament_cmake_args' from command line to 'None'
[0.450s] Level 5:colcon.colcon_core.verb:set package 'dingo_gazebo' build argument 'catkin_cmake_args' from command line to 'None'
[0.450s] Level 5:colcon.colcon_core.verb:set package 'dingo_gazebo' build argument 'catkin_skip_building_tests' from command line to 'False'
[0.450s] DEBUG:colcon.colcon_core.verb:Building package 'dingo_gazebo' with the following arguments: {'ament_cmake_args': None, 'build_base': '/home/robogames/Desktop/Dog/dingo_ws/build/dingo_gazebo', 'catkin_cmake_args': None, 'catkin_skip_building_tests': False, 'cmake_args': None, 'cmake_clean_cache': False, 'cmake_clean_first': False, 'cmake_force_configure': False, 'cmake_target': None, 'cmake_target_skip_unavailable': False, 'install_base': '/home/robogames/Desktop/Dog/dingo_ws/install/dingo_gazebo', 'merge_install': False, 'path': '/home/robogames/Desktop/Dog/dingo_ws/src/dingo_gazebo', 'symlink_install': False, 'test_result_base': None}
[0.450s] Level 5:colcon.colcon_core.verb:set package 'dingo_input_interfacing' build argument 'cmake_args' from command line to 'None'
[0.450s] Level 5:colcon.colcon_core.verb:set package 'dingo_input_interfacing' build argument 'cmake_target' from command line to 'None'
[0.451s] Level 5:colcon.colcon_core.verb:set package 'dingo_input_interfacing' build argument 'cmake_target_skip_unavailable' from command line to 'False'
[0.451s] Level 5:colcon.colcon_core.verb:set package 'dingo_input_interfacing' build argument 'cmake_clean_cache' from command line to 'False'
[0.451s] Level 5:colcon.colcon_core.verb:set package 'dingo_input_interfacing' build argument 'cmake_clean_first' from command line to 'False'
[0.451s] Level 5:colcon.colcon_core.verb:set package 'dingo_input_interfacing' build argument 'cmake_force_configure' from command line to 'False'
[0.451s] Level 5:colcon.colcon_core.verb:set package 'dingo_input_interfacing' build argument 'ament_cmake_args' from command line to 'None'
[0.451s] Level 5:colcon.colcon_core.verb:set package 'dingo_input_interfacing' build argument 'catkin_cmake_args' from command line to 'None'
[0.451s] Level 5:colcon.colcon_core.verb:set package 'dingo_input_interfacing' build argument 'catkin_skip_building_tests' from command line to 'False'
[0.451s] DEBUG:colcon.colcon_core.verb:Building package 'dingo_input_interfacing' with the following arguments: {'ament_cmake_args': None, 'build_base': '/home/robogames/Desktop/Dog/dingo_ws/build/dingo_input_interfacing', 'catkin_cmake_args': None, 'catkin_skip_building_tests': False, 'cmake_args': None, 'cmake_clean_cache': False, 'cmake_clean_first': False, 'cmake_force_configure': False, 'cmake_target': None, 'cmake_target_skip_unavailable': False, 'install_base': '/home/robogames/Desktop/Dog/dingo_ws/install/dingo_input_interfacing', 'merge_install': False, 'path': '/home/robogames/Desktop/Dog/dingo_ws/src/dingo_input_interfacing', 'symlink_install': False, 'test_result_base': None}
[0.451s] Level 5:colcon.colcon_core.verb:set package 'dingo_msgs' build argument 'cmake_args' from command line to 'None'
[0.451s] Level 5:colcon.colcon_core.verb:set package 'dingo_msgs' build argument 'cmake_target' from command line to 'None'
[0.451s] Level 5:colcon.colcon_core.verb:set package 'dingo_msgs' build argument 'cmake_target_skip_unavailable' from command line to 'False'
[0.451s] Level 5:colcon.colcon_core.verb:set package 'dingo_msgs' build argument 'cmake_clean_cache' from command line to 'False'
[0.451s] Level 5:colcon.colcon_core.verb:set package 'dingo_msgs' build argument 'cmake_clean_first' from command line to 'False'
[0.451s] Level 5:colcon.colcon_core.verb:set package 'dingo_msgs' build argument 'cmake_force_configure' from command line to 'False'
[0.451s] Level 5:colcon.colcon_core.verb:set package 'dingo_msgs' build argument 'ament_cmake_args' from command line to 'None'
[0.451s] Level 5:colcon.colcon_core.verb:set package 'dingo_msgs' build argument 'catkin_cmake_args' from command line to 'None'
[0.451s] Level 5:colcon.colcon_core.verb:set package 'dingo_msgs' build argument 'catkin_skip_building_tests' from command line to 'False'
[0.451s] DEBUG:colcon.colcon_core.verb:Building package 'dingo_msgs' with the following arguments: {'ament_cmake_args': None, 'build_base': '/home/robogames/Desktop/Dog/dingo_ws/build/dingo_msgs', 'catkin_cmake_args': None, 'catkin_skip_building_tests': False, 'cmake_args': None, 'cmake_clean_cache': False, 'cmake_clean_first': False, 'cmake_force_configure': False, 'cmake_target': None, 'cmake_target_skip_unavailable': False, 'install_base': '/home/robogames/Desktop/Dog/dingo_ws/install/dingo_msgs', 'merge_install': False, 'path': '/home/robogames/Desktop/Dog/dingo_ws/src/dingo_msgs', 'symlink_install': False, 'test_result_base': None}
[0.451s] Level 5:colcon.colcon_core.verb:set package 'dingo_peripheral_interfacing' build argument 'cmake_args' from command line to 'None'
[0.452s] Level 5:colcon.colcon_core.verb:set package 'dingo_peripheral_interfacing' build argument 'cmake_target' from command line to 'None'
[0.452s] Level 5:colcon.colcon_core.verb:set package 'dingo_peripheral_interfacing' build argument 'cmake_target_skip_unavailable' from command line to 'False'
[0.452s] Level 5:colcon.colcon_core.verb:set package 'dingo_peripheral_interfacing' build argument 'cmake_clean_cache' from command line to 'False'
[0.452s] Level 5:colcon.colcon_core.verb:set package 'dingo_peripheral_interfacing' build argument 'cmake_clean_first' from command line to 'False'
[0.452s] Level 5:colcon.colcon_core.verb:set package 'dingo_peripheral_interfacing' build argument 'cmake_force_configure' from command line to 'False'
[0.452s] Level 5:colcon.colcon_core.verb:set package 'dingo_peripheral_interfacing' build argument 'ament_cmake_args' from command line to 'None'
[0.452s] Level 5:colcon.colcon_core.verb:set package 'dingo_peripheral_interfacing' build argument 'catkin_cmake_args' from command line to 'None'
[0.452s] Level 5:colcon.colcon_core.verb:set package 'dingo_peripheral_interfacing' build argument 'catkin_skip_building_tests' from command line to 'False'
[0.452s] DEBUG:colcon.colcon_core.verb:Building package 'dingo_peripheral_interfacing' with the following arguments: {'ament_cmake_args': None, 'build_base': '/home/robogames/Desktop/Dog/dingo_ws/build/dingo_peripheral_interfacing', 'catkin_cmake_args': None, 'catkin_skip_building_tests': False, 'cmake_args': None, 'cmake_clean_cache': False, 'cmake_clean_first': False, 'cmake_force_configure': False, 'cmake_target': None, 'cmake_target_skip_unavailable': False, 'install_base': '/home/robogames/Desktop/Dog/dingo_ws/install/dingo_peripheral_interfacing', 'merge_install': False, 'path': '/home/robogames/Desktop/Dog/dingo_ws/src/dingo_peripheral_interfacing', 'symlink_install': False, 'test_result_base': None}
[0.452s] Level 5:colcon.colcon_core.verb:set package 'dingo_servo_interfacing' build argument 'cmake_args' from command line to 'None'
[0.452s] Level 5:colcon.colcon_core.verb:set package 'dingo_servo_interfacing' build argument 'cmake_target' from command line to 'None'
[0.452s] Level 5:colcon.colcon_core.verb:set package 'dingo_servo_interfacing' build argument 'cmake_target_skip_unavailable' from command line to 'False'
[0.452s] Level 5:colcon.colcon_core.verb:set package 'dingo_servo_interfacing' build argument 'cmake_clean_cache' from command line to 'False'
[0.452s] Level 5:colcon.colcon_core.verb:set package 'dingo_servo_interfacing' build argument 'cmake_clean_first' from command line to 'False'
[0.452s] Level 5:colcon.colcon_core.verb:set package 'dingo_servo_interfacing' build argument 'cmake_force_configure' from command line to 'False'
[0.452s] Level 5:colcon.colcon_core.verb:set package 'dingo_servo_interfacing' build argument 'ament_cmake_args' from command line to 'None'
[0.452s] Level 5:colcon.colcon_core.verb:set package 'dingo_servo_interfacing' build argument 'catkin_cmake_args' from command line to 'None'
[0.452s] Level 5:colcon.colcon_core.verb:set package 'dingo_servo_interfacing' build argument 'catkin_skip_building_tests' from command line to 'False'
[0.452s] DEBUG:colcon.colcon_core.verb:Building package 'dingo_servo_interfacing' with the following arguments: {'ament_cmake_args': None, 'build_base': '/home/robogames/Desktop/Dog/dingo_ws/build/dingo_servo_interfacing', 'catkin_cmake_args': None, 'catkin_skip_building_tests': False, 'cmake_args': None, 'cmake_clean_cache': False, 'cmake_clean_first': False, 'cmake_force_configure': False, 'cmake_target': None, 'cmake_target_skip_unavailable': False, 'install_base': '/home/robogames/Desktop/Dog/dingo_ws/install/dingo_servo_interfacing', 'merge_install': False, 'path': '/home/robogames/Desktop/Dog/dingo_ws/src/dingo_servo_interfacing', 'symlink_install': False, 'test_result_base': None}
[0.452s] Level 5:colcon.colcon_core.verb:set package 'dingo_utilities' build argument 'cmake_args' from command line to 'None'
[0.453s] Level 5:colcon.colcon_core.verb:set package 'dingo_utilities' build argument 'cmake_target' from command line to 'None'
[0.453s] Level 5:colcon.colcon_core.verb:set package 'dingo_utilities' build argument 'cmake_target_skip_unavailable' from command line to 'False'
[0.453s] Level 5:colcon.colcon_core.verb:set package 'dingo_utilities' build argument 'cmake_clean_cache' from command line to 'False'
[0.453s] Level 5:colcon.colcon_core.verb:set package 'dingo_utilities' build argument 'cmake_clean_first' from command line to 'False'
[0.453s] Level 5:colcon.colcon_core.verb:set package 'dingo_utilities' build argument 'cmake_force_configure' from command line to 'False'
[0.453s] Level 5:colcon.colcon_core.verb:set package 'dingo_utilities' build argument 'ament_cmake_args' from command line to 'None'
[0.453s] Level 5:colcon.colcon_core.verb:set package 'dingo_utilities' build argument 'catkin_cmake_args' from command line to 'None'
[0.453s] Level 5:colcon.colcon_core.verb:set package 'dingo_utilities' build argument 'catkin_skip_building_tests' from command line to 'False'
[0.453s] DEBUG:colcon.colcon_core.verb:Building package 'dingo_utilities' with the following arguments: {'ament_cmake_args': None, 'build_base': '/home/robogames/Desktop/Dog/dingo_ws/build/dingo_utilities', 'catkin_cmake_args': None, 'catkin_skip_building_tests': False, 'cmake_args': None, 'cmake_clean_cache': False, 'cmake_clean_first': False, 'cmake_force_configure': False, 'cmake_target': None, 'cmake_target_skip_unavailable': False, 'install_base': '/home/robogames/Desktop/Dog/dingo_ws/install/dingo_utilities', 'merge_install': False, 'path': '/home/robogames/Desktop/Dog/dingo_ws/src/dingo_utilities', 'symlink_install': False, 'test_result_base': None}
[0.453s] INFO:colcon.colcon_core.executor:Executing jobs using 'parallel' executor
[0.454s] DEBUG:colcon.colcon_parallel_executor.executor.parallel:run_until_complete
[0.455s] INFO:colcon.colcon_ros.task.ament_python.build:Building ROS package in '/home/robogames/Desktop/Dog/dingo_ws/src/dingo' with build type 'ament_python'
[0.455s] Level 1:colcon.colcon_core.shell:create_environment_hook('dingo', 'ament_prefix_path')
[0.457s] INFO:colcon.colcon_core.plugin_system:Skipping extension 'colcon_core.shell.bat': Not used on non-Windows systems
[0.457s] INFO:colcon.colcon_core.shell:Creating environment hook '/home/robogames/Desktop/Dog/dingo_ws/install/dingo/share/dingo/hook/ament_prefix_path.ps1'
[0.458s] INFO:colcon.colcon_core.shell:Creating environment descriptor '/home/robogames/Desktop/Dog/dingo_ws/install/dingo/share/dingo/hook/ament_prefix_path.dsv'
[0.459s] INFO:colcon.colcon_core.shell:Creating environment hook '/home/robogames/Desktop/Dog/dingo_ws/install/dingo/share/dingo/hook/ament_prefix_path.sh'
[0.460s] INFO:colcon.colcon_core.shell:Skip shell extension 'powershell' for command environment: Not usable outside of PowerShell
[0.460s] DEBUG:colcon.colcon_core.shell:Skip shell extension 'dsv' for command environment
[0.467s] INFO:colcon.colcon_ros.task.ament_python.build:Building ROS package in '/home/robogames/Desktop/Dog/dingo_ws/src/dingo_control' with build type 'ament_python'
[0.467s] Level 1:colcon.colcon_core.shell:create_environment_hook('dingo_control', 'ament_prefix_path')
[0.468s] INFO:colcon.colcon_core.shell:Creating environment hook '/home/robogames/Desktop/Dog/dingo_ws/install/dingo_control/share/dingo_control/hook/ament_prefix_path.ps1'
[0.469s] INFO:colcon.colcon_core.shell:Creating environment descriptor '/home/robogames/Desktop/Dog/dingo_ws/install/dingo_control/share/dingo_control/hook/ament_prefix_path.dsv'
[0.470s] INFO:colcon.colcon_core.shell:Creating environment hook '/home/robogames/Desktop/Dog/dingo_ws/install/dingo_control/share/dingo_control/hook/ament_prefix_path.sh'
[0.470s] INFO:colcon.colcon_core.shell:Skip shell extension 'powershell' for command environment: Not usable outside of PowerShell
[0.471s] DEBUG:colcon.colcon_core.shell:Skip shell extension 'dsv' for command environment
[0.477s] INFO:colcon.colcon_ros.task.ament_python.build:Building ROS package in '/home/robogames/Desktop/Dog/dingo_ws/src/dingo_description' with build type 'ament_python'
[0.478s] Level 1:colcon.colcon_core.shell:create_environment_hook('dingo_description', 'ament_prefix_path')
[0.478s] INFO:colcon.colcon_core.shell:Creating environment hook '/home/robogames/Desktop/Dog/dingo_ws/install/dingo_description/share/dingo_description/hook/ament_prefix_path.ps1'
[0.479s] INFO:colcon.colcon_core.shell:Creating environment descriptor '/home/robogames/Desktop/Dog/dingo_ws/install/dingo_description/share/dingo_description/hook/ament_prefix_path.dsv'
[0.480s] INFO:colcon.colcon_core.shell:Creating environment hook '/home/robogames/Desktop/Dog/dingo_ws/install/dingo_description/share/dingo_description/hook/ament_prefix_path.sh'
[0.482s] INFO:colcon.colcon_core.shell:Skip shell extension 'powershell' for command environment: Not usable outside of PowerShell
[0.482s] DEBUG:colcon.colcon_core.shell:Skip shell extension 'dsv' for command environment
[0.489s] INFO:colcon.colcon_ros.task.ament_python.build:Building ROS package in '/home/robogames/Desktop/Dog/dingo_ws/src/dingo_gazebo' with build type 'ament_python'
[0.489s] Level 1:colcon.colcon_core.shell:create_environment_hook('dingo_gazebo', 'ament_prefix_path')
[0.489s] INFO:colcon.colcon_core.shell:Creating environment hook '/home/robogames/Desktop/Dog/dingo_ws/install/dingo_gazebo/share/dingo_gazebo/hook/ament_prefix_path.ps1'
[0.490s] INFO:colcon.colcon_core.shell:Creating environment descriptor '/home/robogames/Desktop/Dog/dingo_ws/install/dingo_gazebo/share/dingo_gazebo/hook/ament_prefix_path.dsv'
[0.492s] INFO:colcon.colcon_core.shell:Creating environment hook '/home/robogames/Desktop/Dog/dingo_ws/install/dingo_gazebo/share/dingo_gazebo/hook/ament_prefix_path.sh'
[0.493s] INFO:colcon.colcon_core.shell:Skip shell extension 'powershell' for command environment: Not usable outside of PowerShell
[0.494s] DEBUG:colcon.colcon_core.shell:Skip shell extension 'dsv' for command environment
[0.889s] INFO:colcon.colcon_core.task.python.build:Building Python package in '/home/robogames/Desktop/Dog/dingo_ws/src/dingo'
[0.889s] INFO:colcon.colcon_core.shell:Skip shell extension 'powershell' for command environment: Not usable outside of PowerShell
[0.889s] DEBUG:colcon.colcon_core.shell:Skip shell extension 'dsv' for command environment
[1.283s] INFO:colcon.colcon_core.task.python.build:Building Python package in '/home/robogames/Desktop/Dog/dingo_ws/src/dingo_control'
[1.283s] INFO:colcon.colcon_core.shell:Skip shell extension 'powershell' for command environment: Not usable outside of PowerShell
[1.283s] DEBUG:colcon.colcon_core.shell:Skip shell extension 'dsv' for command environment
[1.671s] INFO:colcon.colcon_core.task.python.build:Building Python package in '/home/robogames/Desktop/Dog/dingo_ws/src/dingo_description'
[1.671s] INFO:colcon.colcon_core.shell:Skip shell extension 'powershell' for command environment: Not usable outside of PowerShell
[1.671s] DEBUG:colcon.colcon_core.shell:Skip shell extension 'dsv' for command environment
[2.066s] INFO:colcon.colcon_core.task.python.build:Building Python package in '/home/robogames/Desktop/Dog/dingo_ws/src/dingo_gazebo'
[2.067s] INFO:colcon.colcon_core.shell:Skip shell extension 'powershell' for command environment: Not usable outside of PowerShell
[2.067s] DEBUG:colcon.colcon_core.shell:Skip shell extension 'dsv' for command environment
[3.442s] DEBUG:colcon.colcon_core.event_handler.log_command:Invoking command in '/home/robogames/Desktop/Dog/dingo_ws/src/dingo_control': DEBUGINFOD_URLS=https://debuginfod.ubuntu.com PS1=(ros2_python_venv) \[\e]0;\u@\h: \w\a\]${debian_chroot:+($debian_chroot)}\[\033[01;32m\]\u@\h\[\033[00m\]:\[\033[01;34m\]\w\[\033[00m\]\$ PYTHONPATH=/home/robogames/Desktop/Dog/dingo_ws/build/dingo_control/prefix_override:/usr/lib/python3/dist-packages/colcon_core/task/python/colcon_distutils_commands:/home/robogames/Desktop/Dog/dingo_ws/install/dingo_control/lib/python3.12/site-packages:${PYTHONPATH} VIRTUAL_ENV_PROMPT=(ros2_python_venv) /usr/bin/python3 -W ignore:setup.py install is deprecated -W ignore:easy_install command is deprecated setup.py egg_info --egg-base ../../build/dingo_control build --build-base /home/robogames/Desktop/Dog/dingo_ws/build/dingo_control/build install --record /home/robogames/Desktop/Dog/dingo_ws/build/dingo_control/install.log --single-version-externally-managed install_data
[3.455s] DEBUG:colcon.colcon_core.event_handler.log_command:Invoking command in '/home/robogames/Desktop/Dog/dingo_ws/src/dingo': DEBUGINFOD_URLS=https://debuginfod.ubuntu.com PS1=(ros2_python_venv) \[\e]0;\u@\h: \w\a\]${debian_chroot:+($debian_chroot)}\[\033[01;32m\]\u@\h\[\033[00m\]:\[\033[01;34m\]\w\[\033[00m\]\$ PYTHONPATH=/home/robogames/Desktop/Dog/dingo_ws/build/dingo/prefix_override:/usr/lib/python3/dist-packages/colcon_core/task/python/colcon_distutils_commands:/home/robogames/Desktop/Dog/dingo_ws/install/dingo/lib/python3.12/site-packages:${PYTHONPATH} VIRTUAL_ENV_PROMPT=(ros2_python_venv) /usr/bin/python3 -W ignore:setup.py install is deprecated -W ignore:easy_install command is deprecated setup.py egg_info --egg-base ../../build/dingo build --build-base /home/robogames/Desktop/Dog/dingo_ws/build/dingo/build install --record /home/robogames/Desktop/Dog/dingo_ws/build/dingo/install.log --single-version-externally-managed install_data
[3.463s] DEBUG:colcon.colcon_core.event_handler.log_command:Invoking command in '/home/robogames/Desktop/Dog/dingo_ws/src/dingo_description': DEBUGINFOD_URLS=https://debuginfod.ubuntu.com PS1=(ros2_python_venv) \[\e]0;\u@\h: \w\a\]${debian_chroot:+($debian_chroot)}\[\033[01;32m\]\u@\h\[\033[00m\]:\[\033[01;34m\]\w\[\033[00m\]\$ PYTHONPATH=/home/robogames/Desktop/Dog/dingo_ws/build/dingo_description/prefix_override:/usr/lib/python3/dist-packages/colcon_core/task/python/colcon_distutils_commands:/home/robogames/Desktop/Dog/dingo_ws/install/dingo_description/lib/python3.12/site-packages:${PYTHONPATH} VIRTUAL_ENV_PROMPT=(ros2_python_venv) /usr/bin/python3 -W ignore:setup.py install is deprecated -W ignore:easy_install command is deprecated setup.py egg_info --egg-base ../../build/dingo_description build --build-base /home/robogames/Desktop/Dog/dingo_ws/build/dingo_description/build install --record /home/robogames/Desktop/Dog/dingo_ws/build/dingo_description/install.log --single-version-externally-managed install_data
[3.518s] DEBUG:colcon.colcon_core.event_handler.log_command:Invoking command in '/home/robogames/Desktop/Dog/dingo_ws/src/dingo_gazebo': DEBUGINFOD_URLS=https://debuginfod.ubuntu.com PS1=(ros2_python_venv) \[\e]0;\u@\h: \w\a\]${debian_chroot:+($debian_chroot)}\[\033[01;32m\]\u@\h\[\033[00m\]:\[\033[01;34m\]\w\[\033[00m\]\$ PYTHONPATH=/home/robogames/Desktop/Dog/dingo_ws/build/dingo_gazebo/prefix_override:/usr/lib/python3/dist-packages/colcon_core/task/python/colcon_distutils_commands:/home/robogames/Desktop/Dog/dingo_ws/install/dingo_gazebo/lib/python3.12/site-packages:${PYTHONPATH} VIRTUAL_ENV_PROMPT=(ros2_python_venv) /usr/bin/python3 -W ignore:setup.py install is deprecated -W ignore:easy_install command is deprecated setup.py egg_info --egg-base ../../build/dingo_gazebo build --build-base /home/robogames/Desktop/Dog/dingo_ws/build/dingo_gazebo/build install --record /home/robogames/Desktop/Dog/dingo_ws/build/dingo_gazebo/install.log --single-version-externally-managed install_data
[4.712s] DEBUG:colcon.colcon_core.event_handler.log_command:Invoked command in '/home/robogames/Desktop/Dog/dingo_ws/src/dingo_control' returned '0': DEBUGINFOD_URLS=https://debuginfod.ubuntu.com PS1=(ros2_python_venv) \[\e]0;\u@\h: \w\a\]${debian_chroot:+($debian_chroot)}\[\033[01;32m\]\u@\h\[\033[00m\]:\[\033[01;34m\]\w\[\033[00m\]\$ PYTHONPATH=/home/robogames/Desktop/Dog/dingo_ws/build/dingo_control/prefix_override:/usr/lib/python3/dist-packages/colcon_core/task/python/colcon_distutils_commands:/home/robogames/Desktop/Dog/dingo_ws/install/dingo_control/lib/python3.12/site-packages:${PYTHONPATH} VIRTUAL_ENV_PROMPT=(ros2_python_venv) /usr/bin/python3 -W ignore:setup.py install is deprecated -W ignore:easy_install command is deprecated setup.py egg_info --egg-base ../../build/dingo_control build --build-base /home/robogames/Desktop/Dog/dingo_ws/build/dingo_control/build install --record /home/robogames/Desktop/Dog/dingo_ws/build/dingo_control/install.log --single-version-externally-managed install_data
[4.718s] Level 1:colcon.colcon_core.environment:checking '/home/robogames/Desktop/Dog/dingo_ws/install/dingo_control' for CMake module files
[4.720s] Level 1:colcon.colcon_core.environment:checking '/home/robogames/Desktop/Dog/dingo_ws/install/dingo_control' for CMake config files
[4.721s] Level 1:colcon.colcon_core.environment:checking '/home/robogames/Desktop/Dog/dingo_ws/install/dingo_control/lib'
[4.722s] Level 1:colcon.colcon_core.environment:checking '/home/robogames/Desktop/Dog/dingo_ws/install/dingo_control/bin'
[4.722s] Level 1:colcon.colcon_core.environment:checking '/home/robogames/Desktop/Dog/dingo_ws/install/dingo_control/lib/pkgconfig/dingo_control.pc'
[4.722s] Level 1:colcon.colcon_core.environment:checking '/home/robogames/Desktop/Dog/dingo_ws/install/dingo_control/lib/python3.12/site-packages'
[4.723s] Level 1:colcon.colcon_core.shell:create_environment_hook('dingo_control', 'pythonpath')
[4.723s] INFO:colcon.colcon_core.shell:Creating environment hook '/home/robogames/Desktop/Dog/dingo_ws/install/dingo_control/share/dingo_control/hook/pythonpath.ps1'
[4.724s] INFO:colcon.colcon_core.shell:Creating environment descriptor '/home/robogames/Desktop/Dog/dingo_ws/install/dingo_control/share/dingo_control/hook/pythonpath.dsv'
[4.726s] INFO:colcon.colcon_core.shell:Creating environment hook '/home/robogames/Desktop/Dog/dingo_ws/install/dingo_control/share/dingo_control/hook/pythonpath.sh'
[4.728s] Level 1:colcon.colcon_core.environment:checking '/home/robogames/Desktop/Dog/dingo_ws/install/dingo_control/bin'
[4.728s] Level 1:colcon.colcon_core.environment:create_environment_scripts_only(dingo_control)
[4.729s] INFO:colcon.colcon_core.shell:Creating package script '/home/robogames/Desktop/Dog/dingo_ws/install/dingo_control/share/dingo_control/package.ps1'
[4.732s] INFO:colcon.colcon_core.shell:Creating package descriptor '/home/robogames/Desktop/Dog/dingo_ws/install/dingo_control/share/dingo_control/package.dsv'
[4.733s] INFO:colcon.colcon_core.shell:Creating package script '/home/robogames/Desktop/Dog/dingo_ws/install/dingo_control/share/dingo_control/package.sh'
[4.734s] INFO:colcon.colcon_core.shell:Creating package script '/home/robogames/Desktop/Dog/dingo_ws/install/dingo_control/share/dingo_control/package.bash'
[4.735s] INFO:colcon.colcon_core.shell:Creating package script '/home/robogames/Desktop/Dog/dingo_ws/install/dingo_control/share/dingo_control/package.zsh'
[4.736s] Level 1:colcon.colcon_core.environment:create_file_with_runtime_dependencies(/home/robogames/Desktop/Dog/dingo_ws/install/dingo_control/share/colcon-core/packages/dingo_control)
[4.738s] INFO:colcon.colcon_ros.task.ament_python.build:Building ROS package in '/home/robogames/Desktop/Dog/dingo_ws/src/dingo_input_interfacing' with build type 'ament_python'
[4.738s] Level 1:colcon.colcon_core.shell:create_environment_hook('dingo_input_interfacing', 'ament_prefix_path')
[4.739s] INFO:colcon.colcon_core.shell:Creating environment hook '/home/robogames/Desktop/Dog/dingo_ws/install/dingo_input_interfacing/share/dingo_input_interfacing/hook/ament_prefix_path.ps1'
[4.741s] INFO:colcon.colcon_core.shell:Creating environment descriptor '/home/robogames/Desktop/Dog/dingo_ws/install/dingo_input_interfacing/share/dingo_input_interfacing/hook/ament_prefix_path.dsv'
[4.742s] INFO:colcon.colcon_core.shell:Creating environment hook '/home/robogames/Desktop/Dog/dingo_ws/install/dingo_input_interfacing/share/dingo_input_interfacing/hook/ament_prefix_path.sh'
[4.744s] INFO:colcon.colcon_core.shell:Skip shell extension 'powershell' for command environment: Not usable outside of PowerShell
[4.744s] DEBUG:colcon.colcon_core.shell:Skip shell extension 'dsv' for command environment
[4.758s] Level 1:colcon.colcon_core.environment:checking '/home/robogames/Desktop/Dog/dingo_ws/install/dingo_description' for CMake module files
[4.759s] DEBUG:colcon.colcon_core.event_handler.log_command:Invoked command in '/home/robogames/Desktop/Dog/dingo_ws/src/dingo_description' returned '0': DEBUGINFOD_URLS=https://debuginfod.ubuntu.com PS1=(ros2_python_venv) \[\e]0;\u@\h: \w\a\]${debian_chroot:+($debian_chroot)}\[\033[01;32m\]\u@\h\[\033[00m\]:\[\033[01;34m\]\w\[\033[00m\]\$ PYTHONPATH=/home/robogames/Desktop/Dog/dingo_ws/build/dingo_description/prefix_override:/usr/lib/python3/dist-packages/colcon_core/task/python/colcon_distutils_commands:/home/robogames/Desktop/Dog/dingo_ws/install/dingo_description/lib/python3.12/site-packages:${PYTHONPATH} VIRTUAL_ENV_PROMPT=(ros2_python_venv) /usr/bin/python3 -W ignore:setup.py install is deprecated -W ignore:easy_install command is deprecated setup.py egg_info --egg-base ../../build/dingo_description build --build-base /home/robogames/Desktop/Dog/dingo_ws/build/dingo_description/build install --record /home/robogames/Desktop/Dog/dingo_ws/build/dingo_description/install.log --single-version-externally-managed install_data
[4.759s] Level 1:colcon.colcon_core.environment:checking '/home/robogames/Desktop/Dog/dingo_ws/install/dingo_description' for CMake config files
[4.761s] Level 1:colcon.colcon_core.environment:checking '/home/robogames/Desktop/Dog/dingo_ws/install/dingo_description/lib'
[4.761s] Level 1:colcon.colcon_core.environment:checking '/home/robogames/Desktop/Dog/dingo_ws/install/dingo_description/bin'
[4.761s] Level 1:colcon.colcon_core.environment:checking '/home/robogames/Desktop/Dog/dingo_ws/install/dingo_description/lib/pkgconfig/dingo_description.pc'
[4.761s] Level 1:colcon.colcon_core.environment:checking '/home/robogames/Desktop/Dog/dingo_ws/install/dingo_description/lib/python3.12/site-packages'
[4.761s] Level 1:colcon.colcon_core.shell:create_environment_hook('dingo_description', 'pythonpath')
[4.762s] INFO:colcon.colcon_core.shell:Creating environment hook '/home/robogames/Desktop/Dog/dingo_ws/install/dingo_description/share/dingo_description/hook/pythonpath.ps1'
[4.763s] INFO:colcon.colcon_core.shell:Creating environment descriptor '/home/robogames/Desktop/Dog/dingo_ws/install/dingo_description/share/dingo_description/hook/pythonpath.dsv'
[4.764s] INFO:colcon.colcon_core.shell:Creating environment hook '/home/robogames/Desktop/Dog/dingo_ws/install/dingo_description/share/dingo_description/hook/pythonpath.sh'
[4.766s] Level 1:colcon.colcon_core.environment:checking '/home/robogames/Desktop/Dog/dingo_ws/install/dingo_description/bin'
[4.766s] Level 1:colcon.colcon_core.environment:create_environment_scripts_only(dingo_description)
[4.766s] INFO:colcon.colcon_core.shell:Creating package script '/home/robogames/Desktop/Dog/dingo_ws/install/dingo_description/share/dingo_description/package.ps1'
[4.767s] INFO:colcon.colcon_core.shell:Creating package descriptor '/home/robogames/Desktop/Dog/dingo_ws/install/dingo_description/share/dingo_description/package.dsv'
[4.768s] INFO:colcon.colcon_core.shell:Creating package script '/home/robogames/Desktop/Dog/dingo_ws/install/dingo_description/share/dingo_description/package.sh'
[4.769s] INFO:colcon.colcon_core.shell:Creating package script '/home/robogames/Desktop/Dog/dingo_ws/install/dingo_description/share/dingo_description/package.bash'
[4.771s] INFO:colcon.colcon_core.shell:Creating package script '/home/robogames/Desktop/Dog/dingo_ws/install/dingo_description/share/dingo_description/package.zsh'
[4.772s] Level 1:colcon.colcon_core.environment:create_file_with_runtime_dependencies(/home/robogames/Desktop/Dog/dingo_ws/install/dingo_description/share/colcon-core/packages/dingo_description)
[4.775s] INFO:colcon.colcon_ros.task.ament_cmake.build:Building ROS package in '/home/robogames/Desktop/Dog/dingo_ws/src/dingo_msgs' with build type 'ament_cmake'
[4.776s] INFO:colcon.colcon_cmake.task.cmake.build:Building CMake package in '/home/robogames/Desktop/Dog/dingo_ws/src/dingo_msgs'
[4.776s] INFO:colcon.colcon_core.shell:Skip shell extension 'powershell' for command environment: Not usable outside of PowerShell
[4.776s] DEBUG:colcon.colcon_core.shell:Skip shell extension 'dsv' for command environment
[4.786s] Level 1:colcon.colcon_core.environment:checking '/home/robogames/Desktop/Dog/dingo_ws/install/dingo' for CMake module files
[4.787s] DEBUG:colcon.colcon_core.event_handler.log_command:Invoked command in '/home/robogames/Desktop/Dog/dingo_ws/src/dingo' returned '0': DEBUGINFOD_URLS=https://debuginfod.ubuntu.com PS1=(ros2_python_venv) \[\e]0;\u@\h: \w\a\]${debian_chroot:+($debian_chroot)}\[\033[01;32m\]\u@\h\[\033[00m\]:\[\033[01;34m\]\w\[\033[00m\]\$ PYTHONPATH=/home/robogames/Desktop/Dog/dingo_ws/build/dingo/prefix_override:/usr/lib/python3/dist-packages/colcon_core/task/python/colcon_distutils_commands:/home/robogames/Desktop/Dog/dingo_ws/install/dingo/lib/python3.12/site-packages:${PYTHONPATH} VIRTUAL_ENV_PROMPT=(ros2_python_venv) /usr/bin/python3 -W ignore:setup.py install is deprecated -W ignore:easy_install command is deprecated setup.py egg_info --egg-base ../../build/dingo build --build-base /home/robogames/Desktop/Dog/dingo_ws/build/dingo/build install --record /home/robogames/Desktop/Dog/dingo_ws/build/dingo/install.log --single-version-externally-managed install_data
[4.787s] Level 1:colcon.colcon_core.environment:checking '/home/robogames/Desktop/Dog/dingo_ws/install/dingo' for CMake config files
[4.788s] Level 1:colcon.colcon_core.environment:checking '/home/robogames/Desktop/Dog/dingo_ws/install/dingo/lib'
[4.789s] Level 1:colcon.colcon_core.environment:checking '/home/robogames/Desktop/Dog/dingo_ws/install/dingo/bin'
[4.789s] Level 1:colcon.colcon_core.environment:checking '/home/robogames/Desktop/Dog/dingo_ws/install/dingo/lib/pkgconfig/dingo.pc'
[4.789s] Level 1:colcon.colcon_core.environment:checking '/home/robogames/Desktop/Dog/dingo_ws/install/dingo/lib/python3.12/site-packages'
[4.789s] Level 1:colcon.colcon_core.shell:create_environment_hook('dingo', 'pythonpath')
[4.789s] INFO:colcon.colcon_core.shell:Creating environment hook '/home/robogames/Desktop/Dog/dingo_ws/install/dingo/share/dingo/hook/pythonpath.ps1'
[4.790s] INFO:colcon.colcon_core.shell:Creating environment descriptor '/home/robogames/Desktop/Dog/dingo_ws/install/dingo/share/dingo/hook/pythonpath.dsv'
[4.792s] INFO:colcon.colcon_core.shell:Creating environment hook '/home/robogames/Desktop/Dog/dingo_ws/install/dingo/share/dingo/hook/pythonpath.sh'
[4.796s] Level 1:colcon.colcon_core.environment:checking '/home/robogames/Desktop/Dog/dingo_ws/install/dingo/bin'
[4.796s] Level 1:colcon.colcon_core.environment:create_environment_scripts_only(dingo)
[4.796s] INFO:colcon.colcon_core.shell:Creating package script '/home/robogames/Desktop/Dog/dingo_ws/install/dingo/share/dingo/package.ps1'
[4.797s] INFO:colcon.colcon_core.shell:Creating package descriptor '/home/robogames/Desktop/Dog/dingo_ws/install/dingo/share/dingo/package.dsv'
[4.798s] INFO:colcon.colcon_core.shell:Creating package script '/home/robogames/Desktop/Dog/dingo_ws/install/dingo/share/dingo/package.sh'
[4.798s] INFO:colcon.colcon_core.shell:Creating package script '/home/robogames/Desktop/Dog/dingo_ws/install/dingo/share/dingo/package.bash'
[4.799s] INFO:colcon.colcon_core.shell:Creating package script '/home/robogames/Desktop/Dog/dingo_ws/install/dingo/share/dingo/package.zsh'
[4.800s] Level 1:colcon.colcon_core.environment:create_file_with_runtime_dependencies(/home/robogames/Desktop/Dog/dingo_ws/install/dingo/share/colcon-core/packages/dingo)
[5.182s] WARNING:colcon.colcon_ros.task.ament_python.build:Package 'dingo_input_interfacing' doesn't explicitly install a marker in the package index (colcon-ros currently does it implicitly but that fallback will be removed in the future)
[5.182s] WARNING:colcon.colcon_ros.task.ament_python.build:Package 'dingo_input_interfacing' doesn't explicitly install the 'package.xml' file (colcon-ros currently does it implicitly but that fallback will be removed in the future)
[5.183s] INFO:colcon.colcon_core.task.python.build:Building Python package in '/home/robogames/Desktop/Dog/dingo_ws/src/dingo_input_interfacing'
[5.183s] INFO:colcon.colcon_core.shell:Skip shell extension 'powershell' for command environment: Not usable outside of PowerShell
[5.183s] DEBUG:colcon.colcon_core.shell:Skip shell extension 'dsv' for command environment
[5.191s] INFO:colcon.colcon_ros.task.ament_python.build:Building ROS package in '/home/robogames/Desktop/Dog/dingo_ws/src/dingo_peripheral_interfacing' with build type 'ament_python'
[5.191s] Level 1:colcon.colcon_core.shell:create_environment_hook('dingo_peripheral_interfacing', 'ament_prefix_path')
[5.192s] INFO:colcon.colcon_core.shell:Creating environment hook '/home/robogames/Desktop/Dog/dingo_ws/install/dingo_peripheral_interfacing/share/dingo_peripheral_interfacing/hook/ament_prefix_path.ps1'
[5.193s] INFO:colcon.colcon_core.shell:Creating environment descriptor '/home/robogames/Desktop/Dog/dingo_ws/install/dingo_peripheral_interfacing/share/dingo_peripheral_interfacing/hook/ament_prefix_path.dsv'
[5.194s] INFO:colcon.colcon_core.shell:Creating environment hook '/home/robogames/Desktop/Dog/dingo_ws/install/dingo_peripheral_interfacing/share/dingo_peripheral_interfacing/hook/ament_prefix_path.sh'
[5.195s] INFO:colcon.colcon_core.shell:Skip shell extension 'powershell' for command environment: Not usable outside of PowerShell
[5.195s] DEBUG:colcon.colcon_core.shell:Skip shell extension 'dsv' for command environment
[5.204s] Level 1:colcon.colcon_core.environment:checking '/home/robogames/Desktop/Dog/dingo_ws/install/dingo_gazebo' for CMake module files
[5.205s] DEBUG:colcon.colcon_core.event_handler.log_command:Invoked command in '/home/robogames/Desktop/Dog/dingo_ws/src/dingo_gazebo' returned '0': DEBUGINFOD_URLS=https://debuginfod.ubuntu.com PS1=(ros2_python_venv) \[\e]0;\u@\h: \w\a\]${debian_chroot:+($debian_chroot)}\[\033[01;32m\]\u@\h\[\033[00m\]:\[\033[01;34m\]\w\[\033[00m\]\$ PYTHONPATH=/home/robogames/Desktop/Dog/dingo_ws/build/dingo_gazebo/prefix_override:/usr/lib/python3/dist-packages/colcon_core/task/python/colcon_distutils_commands:/home/robogames/Desktop/Dog/dingo_ws/install/dingo_gazebo/lib/python3.12/site-packages:${PYTHONPATH} VIRTUAL_ENV_PROMPT=(ros2_python_venv) /usr/bin/python3 -W ignore:setup.py install is deprecated -W ignore:easy_install command is deprecated setup.py egg_info --egg-base ../../build/dingo_gazebo build --build-base /home/robogames/Desktop/Dog/dingo_ws/build/dingo_gazebo/build install --record /home/robogames/Desktop/Dog/dingo_ws/build/dingo_gazebo/install.log --single-version-externally-managed install_data
[5.205s] Level 1:colcon.colcon_core.environment:checking '/home/robogames/Desktop/Dog/dingo_ws/install/dingo_gazebo' for CMake config files
[5.206s] Level 1:colcon.colcon_core.environment:checking '/home/robogames/Desktop/Dog/dingo_ws/install/dingo_gazebo/lib'
[5.206s] Level 1:colcon.colcon_core.environment:checking '/home/robogames/Desktop/Dog/dingo_ws/install/dingo_gazebo/bin'
[5.206s] Level 1:colcon.colcon_core.environment:checking '/home/robogames/Desktop/Dog/dingo_ws/install/dingo_gazebo/lib/pkgconfig/dingo_gazebo.pc'
[5.206s] Level 1:colcon.colcon_core.environment:checking '/home/robogames/Desktop/Dog/dingo_ws/install/dingo_gazebo/lib/python3.12/site-packages'
[5.207s] Level 1:colcon.colcon_core.shell:create_environment_hook('dingo_gazebo', 'pythonpath')
[5.207s] INFO:colcon.colcon_core.shell:Creating environment hook '/home/robogames/Desktop/Dog/dingo_ws/install/dingo_gazebo/share/dingo_gazebo/hook/pythonpath.ps1'
[5.207s] INFO:colcon.colcon_core.shell:Creating environment descriptor '/home/robogames/Desktop/Dog/dingo_ws/install/dingo_gazebo/share/dingo_gazebo/hook/pythonpath.dsv'
[5.209s] INFO:colcon.colcon_core.shell:Creating environment hook '/home/robogames/Desktop/Dog/dingo_ws/install/dingo_gazebo/share/dingo_gazebo/hook/pythonpath.sh'
[5.211s] Level 1:colcon.colcon_core.environment:checking '/home/robogames/Desktop/Dog/dingo_ws/install/dingo_gazebo/bin'
[5.211s] Level 1:colcon.colcon_core.environment:create_environment_scripts_only(dingo_gazebo)
[5.211s] INFO:colcon.colcon_core.shell:Creating package script '/home/robogames/Desktop/Dog/dingo_ws/install/dingo_gazebo/share/dingo_gazebo/package.ps1'
[5.212s] INFO:colcon.colcon_core.shell:Creating package descriptor '/home/robogames/Desktop/Dog/dingo_ws/install/dingo_gazebo/share/dingo_gazebo/package.dsv'
[5.213s] INFO:colcon.colcon_core.shell:Creating package script '/home/robogames/Desktop/Dog/dingo_ws/install/dingo_gazebo/share/dingo_gazebo/package.sh'
[5.215s] INFO:colcon.colcon_core.shell:Creating package script '/home/robogames/Desktop/Dog/dingo_ws/install/dingo_gazebo/share/dingo_gazebo/package.bash'
[5.216s] INFO:colcon.colcon_core.shell:Creating package script '/home/robogames/Desktop/Dog/dingo_ws/install/dingo_gazebo/share/dingo_gazebo/package.zsh'
[5.218s] Level 1:colcon.colcon_core.environment:create_file_with_runtime_dependencies(/home/robogames/Desktop/Dog/dingo_ws/install/dingo_gazebo/share/colcon-core/packages/dingo_gazebo)
[5.228s] DEBUG:colcon.colcon_core.event_handler.log_command:Invoking command in '/home/robogames/Desktop/Dog/dingo_ws/build/dingo_msgs': CMAKE_PREFIX_PATH=/home/robogames/Desktop/Dog/dingo_ws/install/dingo_msgs:/home/robogames/vt-cro/robogames_pi/car_robot_ws/install/yolov8_msgs:/home/robogames/vt-cro/robogames_pi/car_robot_ws/install/yolobot_recognition:/home/robogames/Desktop/Dog/dingo_ws/install/dingo_utilities:/home/robogames/Desktop/Dog/dingo_ws/install/dingo_servo_interfacing:/home/robogames/Desktop/Dog/dingo_ws/install/dingo_peripheral_interfacing:/home/robogames/Desktop/Dog/dingo_ws/install/dingo_input_interfacing:/home/robogames/Desktop/Dog/dingo_ws/install/dingo_gazebo:/home/robogames/Desktop/Dog/dingo_ws/install/dingo_description:/home/robogames/Desktop/Dog/dingo_ws/install/dingo_control:/home/robogames/Desktop/Dog/dingo_ws/install/dingo:/opt/ros/jazzy:/home/robogames/vt-cro/robogames_pi/car_robot_ws/install/serial:/home/robogames/vt-cro/robogames_pi/car_robot_ws/install/diffdrive_arduino:/home/robogames/vt-cro/robogames_pi/car_robot_ws/install/articubot_one:/opt/ros/jazzy/opt/gz_sim_vendor:/opt/ros/jazzy/opt/gz_sensors_vendor:/opt/ros/jazzy/opt/gz_physics_vendor:/opt/ros/jazzy/opt/sdformat_vendor:/opt/ros/jazzy/opt/gz_gui_vendor:/opt/ros/jazzy/opt/gz_transport_vendor:/opt/ros/jazzy/opt/gz_rendering_vendor:/opt/ros/jazzy/opt/gz_plugin_vendor:/opt/ros/jazzy/opt/gz_fuel_tools_vendor:/opt/ros/jazzy/opt/gz_msgs_vendor:/opt/ros/jazzy/opt/gz_common_vendor:/opt/ros/jazzy/opt/gz_math_vendor:/opt/ros/jazzy/opt/gz_utils_vendor:/opt/ros/jazzy/opt/gz_tools_vendor:/opt/ros/jazzy/opt/gz_ogre_next_vendor:/opt/ros/jazzy/opt/gz_dartsim_vendor:/opt/ros/jazzy/opt/gz_cmake_vendor DEBUGINFOD_URLS=https://debuginfod.ubuntu.com PS1=(ros2_python_venv) \[\e]0;\u@\h: \w\a\]${debian_chroot:+($debian_chroot)}\[\033[01;32m\]\u@\h\[\033[00m\]:\[\033[01;34m\]\w\[\033[00m\]\$ VIRTUAL_ENV_PROMPT=(ros2_python_venv) /usr/bin/cmake --build /home/robogames/Desktop/Dog/dingo_ws/build/dingo_msgs -- -j4 -l4
[5.228s] INFO:colcon.colcon_ros.task.ament_python.build:Building ROS package in '/home/robogames/Desktop/Dog/dingo_ws/src/dingo_servo_interfacing' with build type 'ament_python'
[5.228s] Level 1:colcon.colcon_core.shell:create_environment_hook('dingo_servo_interfacing', 'ament_prefix_path')
[5.229s] INFO:colcon.colcon_core.shell:Creating environment hook '/home/robogames/Desktop/Dog/dingo_ws/install/dingo_servo_interfacing/share/dingo_servo_interfacing/hook/ament_prefix_path.ps1'
[5.230s] INFO:colcon.colcon_core.shell:Creating environment descriptor '/home/robogames/Desktop/Dog/dingo_ws/install/dingo_servo_interfacing/share/dingo_servo_interfacing/hook/ament_prefix_path.dsv'
[5.230s] INFO:colcon.colcon_core.shell:Creating environment hook '/home/robogames/Desktop/Dog/dingo_ws/install/dingo_servo_interfacing/share/dingo_servo_interfacing/hook/ament_prefix_path.sh'
[5.231s] INFO:colcon.colcon_core.shell:Skip shell extension 'powershell' for command environment: Not usable outside of PowerShell
[5.231s] DEBUG:colcon.colcon_core.shell:Skip shell extension 'dsv' for command environment
[5.820s] INFO:colcon.colcon_core.task.python.build:Building Python package in '/home/robogames/Desktop/Dog/dingo_ws/src/dingo_peripheral_interfacing'
[5.820s] INFO:colcon.colcon_core.shell:Skip shell extension 'powershell' for command environment: Not usable outside of PowerShell
[5.820s] DEBUG:colcon.colcon_core.shell:Skip shell extension 'dsv' for command environment
[6.300s] WARNING:colcon.colcon_ros.task.ament_python.build:Package 'dingo_servo_interfacing' doesn't explicitly install a marker in the package index (colcon-ros currently does it implicitly but that fallback will be removed in the future)
[6.300s] WARNING:colcon.colcon_ros.task.ament_python.build:Package 'dingo_servo_interfacing' doesn't explicitly install the 'package.xml' file (colcon-ros currently does it implicitly but that fallback will be removed in the future)
[6.301s] INFO:colcon.colcon_core.task.python.build:Building Python package in '/home/robogames/Desktop/Dog/dingo_ws/src/dingo_servo_interfacing'
[6.301s] INFO:colcon.colcon_core.shell:Skip shell extension 'powershell' for command environment: Not usable outside of PowerShell
[6.301s] DEBUG:colcon.colcon_core.shell:Skip shell extension 'dsv' for command environment
[6.314s] DEBUG:colcon.colcon_core.event_handler.log_command:Invoked command in '/home/robogames/Desktop/Dog/dingo_ws/build/dingo_msgs' returned '0': CMAKE_PREFIX_PATH=/home/robogames/Desktop/Dog/dingo_ws/install/dingo_msgs:/home/robogames/vt-cro/robogames_pi/car_robot_ws/install/yolov8_msgs:/home/robogames/vt-cro/robogames_pi/car_robot_ws/install/yolobot_recognition:/home/robogames/Desktop/Dog/dingo_ws/install/dingo_utilities:/home/robogames/Desktop/Dog/dingo_ws/install/dingo_servo_interfacing:/home/robogames/Desktop/Dog/dingo_ws/install/dingo_peripheral_interfacing:/home/robogames/Desktop/Dog/dingo_ws/install/dingo_input_interfacing:/home/robogames/Desktop/Dog/dingo_ws/install/dingo_gazebo:/home/robogames/Desktop/Dog/dingo_ws/install/dingo_description:/home/robogames/Desktop/Dog/dingo_ws/install/dingo_control:/home/robogames/Desktop/Dog/dingo_ws/install/dingo:/opt/ros/jazzy:/home/robogames/vt-cro/robogames_pi/car_robot_ws/install/serial:/home/robogames/vt-cro/robogames_pi/car_robot_ws/install/diffdrive_arduino:/home/robogames/vt-cro/robogames_pi/car_robot_ws/install/articubot_one:/opt/ros/jazzy/opt/gz_sim_vendor:/opt/ros/jazzy/opt/gz_sensors_vendor:/opt/ros/jazzy/opt/gz_physics_vendor:/opt/ros/jazzy/opt/sdformat_vendor:/opt/ros/jazzy/opt/gz_gui_vendor:/opt/ros/jazzy/opt/gz_transport_vendor:/opt/ros/jazzy/opt/gz_rendering_vendor:/opt/ros/jazzy/opt/gz_plugin_vendor:/opt/ros/jazzy/opt/gz_fuel_tools_vendor:/opt/ros/jazzy/opt/gz_msgs_vendor:/opt/ros/jazzy/opt/gz_common_vendor:/opt/ros/jazzy/opt/gz_math_vendor:/opt/ros/jazzy/opt/gz_utils_vendor:/opt/ros/jazzy/opt/gz_tools_vendor:/opt/ros/jazzy/opt/gz_ogre_next_vendor:/opt/ros/jazzy/opt/gz_dartsim_vendor:/opt/ros/jazzy/opt/gz_cmake_vendor DEBUGINFOD_URLS=https://debuginfod.ubuntu.com PS1=(ros2_python_venv) \[\e]0;\u@\h: \w\a\]${debian_chroot:+($debian_chroot)}\[\033[01;32m\]\u@\h\[\033[00m\]:\[\033[01;34m\]\w\[\033[00m\]\$ VIRTUAL_ENV_PROMPT=(ros2_python_venv) /usr/bin/cmake --build /home/robogames/Desktop/Dog/dingo_ws/build/dingo_msgs -- -j4 -l4
[6.336s] DEBUG:colcon.colcon_core.event_handler.log_command:Invoking command in '/home/robogames/Desktop/Dog/dingo_ws/build/dingo_msgs': CMAKE_PREFIX_PATH=/home/robogames/Desktop/Dog/dingo_ws/install/dingo_msgs:/home/robogames/vt-cro/robogames_pi/car_robot_ws/install/yolov8_msgs:/home/robogames/vt-cro/robogames_pi/car_robot_ws/install/yolobot_recognition:/home/robogames/Desktop/Dog/dingo_ws/install/dingo_utilities:/home/robogames/Desktop/Dog/dingo_ws/install/dingo_servo_interfacing:/home/robogames/Desktop/Dog/dingo_ws/install/dingo_peripheral_interfacing:/home/robogames/Desktop/Dog/dingo_ws/install/dingo_input_interfacing:/home/robogames/Desktop/Dog/dingo_ws/install/dingo_gazebo:/home/robogames/Desktop/Dog/dingo_ws/install/dingo_description:/home/robogames/Desktop/Dog/dingo_ws/install/dingo_control:/home/robogames/Desktop/Dog/dingo_ws/install/dingo:/opt/ros/jazzy:/home/robogames/vt-cro/robogames_pi/car_robot_ws/install/serial:/home/robogames/vt-cro/robogames_pi/car_robot_ws/install/diffdrive_arduino:/home/robogames/vt-cro/robogames_pi/car_robot_ws/install/articubot_one:/opt/ros/jazzy/opt/gz_sim_vendor:/opt/ros/jazzy/opt/gz_sensors_vendor:/opt/ros/jazzy/opt/gz_physics_vendor:/opt/ros/jazzy/opt/sdformat_vendor:/opt/ros/jazzy/opt/gz_gui_vendor:/opt/ros/jazzy/opt/gz_transport_vendor:/opt/ros/jazzy/opt/gz_rendering_vendor:/opt/ros/jazzy/opt/gz_plugin_vendor:/opt/ros/jazzy/opt/gz_fuel_tools_vendor:/opt/ros/jazzy/opt/gz_msgs_vendor:/opt/ros/jazzy/opt/gz_common_vendor:/opt/ros/jazzy/opt/gz_math_vendor:/opt/ros/jazzy/opt/gz_utils_vendor:/opt/ros/jazzy/opt/gz_tools_vendor:/opt/ros/jazzy/opt/gz_ogre_next_vendor:/opt/ros/jazzy/opt/gz_dartsim_vendor:/opt/ros/jazzy/opt/gz_cmake_vendor DEBUGINFOD_URLS=https://debuginfod.ubuntu.com PS1=(ros2_python_venv) \[\e]0;\u@\h: \w\a\]${debian_chroot:+($debian_chroot)}\[\033[01;32m\]\u@\h\[\033[00m\]:\[\033[01;34m\]\w\[\033[00m\]\$ VIRTUAL_ENV_PROMPT=(ros2_python_venv) /usr/bin/cmake --install /home/robogames/Desktop/Dog/dingo_ws/build/dingo_msgs
[6.523s] Level 1:colcon.colcon_core.environment:create_environment_scripts_only(dingo_msgs)
[6.524s] Level 1:colcon.colcon_core.environment:checking '/home/robogames/Desktop/Dog/dingo_ws/install/dingo_msgs' for CMake module files
[6.525s] Level 1:colcon.colcon_core.environment:checking '/home/robogames/Desktop/Dog/dingo_ws/install/dingo_msgs' for CMake config files
[6.526s] Level 1:colcon.colcon_core.shell:create_environment_hook('dingo_msgs', 'cmake_prefix_path')
[6.526s] INFO:colcon.colcon_core.shell:Creating environment hook '/home/robogames/Desktop/Dog/dingo_ws/install/dingo_msgs/share/dingo_msgs/hook/cmake_prefix_path.ps1'
[6.527s] DEBUG:colcon.colcon_core.event_handler.log_command:Invoked command in '/home/robogames/Desktop/Dog/dingo_ws/build/dingo_msgs' returned '0': CMAKE_PREFIX_PATH=/home/robogames/Desktop/Dog/dingo_ws/install/dingo_msgs:/home/robogames/vt-cro/robogames_pi/car_robot_ws/install/yolov8_msgs:/home/robogames/vt-cro/robogames_pi/car_robot_ws/install/yolobot_recognition:/home/robogames/Desktop/Dog/dingo_ws/install/dingo_utilities:/home/robogames/Desktop/Dog/dingo_ws/install/dingo_servo_interfacing:/home/robogames/Desktop/Dog/dingo_ws/install/dingo_peripheral_interfacing:/home/robogames/Desktop/Dog/dingo_ws/install/dingo_input_interfacing:/home/robogames/Desktop/Dog/dingo_ws/install/dingo_gazebo:/home/robogames/Desktop/Dog/dingo_ws/install/dingo_description:/home/robogames/Desktop/Dog/dingo_ws/install/dingo_control:/home/robogames/Desktop/Dog/dingo_ws/install/dingo:/opt/ros/jazzy:/home/robogames/vt-cro/robogames_pi/car_robot_ws/install/serial:/home/robogames/vt-cro/robogames_pi/car_robot_ws/install/diffdrive_arduino:/home/robogames/vt-cro/robogames_pi/car_robot_ws/install/articubot_one:/opt/ros/jazzy/opt/gz_sim_vendor:/opt/ros/jazzy/opt/gz_sensors_vendor:/opt/ros/jazzy/opt/gz_physics_vendor:/opt/ros/jazzy/opt/sdformat_vendor:/opt/ros/jazzy/opt/gz_gui_vendor:/opt/ros/jazzy/opt/gz_transport_vendor:/opt/ros/jazzy/opt/gz_rendering_vendor:/opt/ros/jazzy/opt/gz_plugin_vendor:/opt/ros/jazzy/opt/gz_fuel_tools_vendor:/opt/ros/jazzy/opt/gz_msgs_vendor:/opt/ros/jazzy/opt/gz_common_vendor:/opt/ros/jazzy/opt/gz_math_vendor:/opt/ros/jazzy/opt/gz_utils_vendor:/opt/ros/jazzy/opt/gz_tools_vendor:/opt/ros/jazzy/opt/gz_ogre_next_vendor:/opt/ros/jazzy/opt/gz_dartsim_vendor:/opt/ros/jazzy/opt/gz_cmake_vendor DEBUGINFOD_URLS=https://debuginfod.ubuntu.com PS1=(ros2_python_venv) \[\e]0;\u@\h: \w\a\]${debian_chroot:+($debian_chroot)}\[\033[01;32m\]\u@\h\[\033[00m\]:\[\033[01;34m\]\w\[\033[00m\]\$ VIRTUAL_ENV_PROMPT=(ros2_python_venv) /usr/bin/cmake --install /home/robogames/Desktop/Dog/dingo_ws/build/dingo_msgs
[6.527s] INFO:colcon.colcon_core.shell:Creating environment descriptor '/home/robogames/Desktop/Dog/dingo_ws/install/dingo_msgs/share/dingo_msgs/hook/cmake_prefix_path.dsv'
[6.529s] INFO:colcon.colcon_core.shell:Creating environment hook '/home/robogames/Desktop/Dog/dingo_ws/install/dingo_msgs/share/dingo_msgs/hook/cmake_prefix_path.sh'
[6.530s] Level 1:colcon.colcon_core.environment:checking '/home/robogames/Desktop/Dog/dingo_ws/install/dingo_msgs/lib'
[6.530s] Level 1:colcon.colcon_core.shell:create_environment_hook('dingo_msgs', 'ld_library_path_lib')
[6.531s] INFO:colcon.colcon_core.shell:Creating environment hook '/home/robogames/Desktop/Dog/dingo_ws/install/dingo_msgs/share/dingo_msgs/hook/ld_library_path_lib.ps1'
[6.531s] INFO:colcon.colcon_core.shell:Creating environment descriptor '/home/robogames/Desktop/Dog/dingo_ws/install/dingo_msgs/share/dingo_msgs/hook/ld_library_path_lib.dsv'
[6.533s] INFO:colcon.colcon_core.shell:Creating environment hook '/home/robogames/Desktop/Dog/dingo_ws/install/dingo_msgs/share/dingo_msgs/hook/ld_library_path_lib.sh'
[6.534s] Level 1:colcon.colcon_core.environment:checking '/home/robogames/Desktop/Dog/dingo_ws/install/dingo_msgs/bin'
[6.535s] Level 1:colcon.colcon_core.environment:checking '/home/robogames/Desktop/Dog/dingo_ws/install/dingo_msgs/lib/pkgconfig/dingo_msgs.pc'
[6.535s] Level 1:colcon.colcon_core.environment:checking '/home/robogames/Desktop/Dog/dingo_ws/install/dingo_msgs/lib/python3.12/site-packages'
[6.535s] Level 1:colcon.colcon_core.shell:create_environment_hook('dingo_msgs', 'pythonpath')
[6.536s] INFO:colcon.colcon_core.shell:Creating environment hook '/home/robogames/Desktop/Dog/dingo_ws/install/dingo_msgs/share/dingo_msgs/hook/pythonpath.ps1'
[6.537s] INFO:colcon.colcon_core.shell:Creating environment descriptor '/home/robogames/Desktop/Dog/dingo_ws/install/dingo_msgs/share/dingo_msgs/hook/pythonpath.dsv'
[6.538s] INFO:colcon.colcon_core.shell:Creating environment hook '/home/robogames/Desktop/Dog/dingo_ws/install/dingo_msgs/share/dingo_msgs/hook/pythonpath.sh'
[6.540s] Level 1:colcon.colcon_core.environment:checking '/home/robogames/Desktop/Dog/dingo_ws/install/dingo_msgs/bin'
[6.541s] INFO:colcon.colcon_core.shell:Creating package script '/home/robogames/Desktop/Dog/dingo_ws/install/dingo_msgs/share/dingo_msgs/package.ps1'
[6.542s] INFO:colcon.colcon_core.shell:Creating package descriptor '/home/robogames/Desktop/Dog/dingo_ws/install/dingo_msgs/share/dingo_msgs/package.dsv'
[6.544s] INFO:colcon.colcon_core.shell:Creating package script '/home/robogames/Desktop/Dog/dingo_ws/install/dingo_msgs/share/dingo_msgs/package.sh'
[6.548s] INFO:colcon.colcon_core.shell:Creating package script '/home/robogames/Desktop/Dog/dingo_ws/install/dingo_msgs/share/dingo_msgs/package.bash'
[6.549s] INFO:colcon.colcon_core.shell:Creating package script '/home/robogames/Desktop/Dog/dingo_ws/install/dingo_msgs/share/dingo_msgs/package.zsh'
[6.550s] Level 1:colcon.colcon_core.environment:create_file_with_runtime_dependencies(/home/robogames/Desktop/Dog/dingo_ws/install/dingo_msgs/share/colcon-core/packages/dingo_msgs)
[6.552s] Level 1:colcon.colcon_core.environment:create_environment_scripts_only(dingo_msgs)
[6.552s] Level 1:colcon.colcon_core.environment:checking '/home/robogames/Desktop/Dog/dingo_ws/install/dingo_msgs' for CMake module files
[6.553s] Level 1:colcon.colcon_core.environment:checking '/home/robogames/Desktop/Dog/dingo_ws/install/dingo_msgs' for CMake config files
[6.554s] Level 1:colcon.colcon_core.shell:create_environment_hook('dingo_msgs', 'cmake_prefix_path')
[6.554s] INFO:colcon.colcon_core.shell:Creating environment hook '/home/robogames/Desktop/Dog/dingo_ws/install/dingo_msgs/share/dingo_msgs/hook/cmake_prefix_path.ps1'
[6.555s] INFO:colcon.colcon_core.shell:Creating environment descriptor '/home/robogames/Desktop/Dog/dingo_ws/install/dingo_msgs/share/dingo_msgs/hook/cmake_prefix_path.dsv'
[6.556s] INFO:colcon.colcon_core.shell:Creating environment hook '/home/robogames/Desktop/Dog/dingo_ws/install/dingo_msgs/share/dingo_msgs/hook/cmake_prefix_path.sh'
[6.557s] Level 1:colcon.colcon_core.environment:checking '/home/robogames/Desktop/Dog/dingo_ws/install/dingo_msgs/lib'
[6.558s] Level 1:colcon.colcon_core.shell:create_environment_hook('dingo_msgs', 'ld_library_path_lib')
[6.558s] INFO:colcon.colcon_core.shell:Creating environment hook '/home/robogames/Desktop/Dog/dingo_ws/install/dingo_msgs/share/dingo_msgs/hook/ld_library_path_lib.ps1'
[6.559s] INFO:colcon.colcon_core.shell:Creating environment descriptor '/home/robogames/Desktop/Dog/dingo_ws/install/dingo_msgs/share/dingo_msgs/hook/ld_library_path_lib.dsv'
[6.560s] INFO:colcon.colcon_core.shell:Creating environment hook '/home/robogames/Desktop/Dog/dingo_ws/install/dingo_msgs/share/dingo_msgs/hook/ld_library_path_lib.sh'
[6.561s] Level 1:colcon.colcon_core.environment:checking '/home/robogames/Desktop/Dog/dingo_ws/install/dingo_msgs/bin'
[6.561s] Level 1:colcon.colcon_core.environment:checking '/home/robogames/Desktop/Dog/dingo_ws/install/dingo_msgs/lib/pkgconfig/dingo_msgs.pc'
[6.561s] Level 1:colcon.colcon_core.environment:checking '/home/robogames/Desktop/Dog/dingo_ws/install/dingo_msgs/lib/python3.12/site-packages'
[6.562s] Level 1:colcon.colcon_core.shell:create_environment_hook('dingo_msgs', 'pythonpath')
[6.562s] INFO:colcon.colcon_core.shell:Creating environment hook '/home/robogames/Desktop/Dog/dingo_ws/install/dingo_msgs/share/dingo_msgs/hook/pythonpath.ps1'
[6.563s] INFO:colcon.colcon_core.shell:Creating environment descriptor '/home/robogames/Desktop/Dog/dingo_ws/install/dingo_msgs/share/dingo_msgs/hook/pythonpath.dsv'
[6.564s] INFO:colcon.colcon_core.shell:Creating environment hook '/home/robogames/Desktop/Dog/dingo_ws/install/dingo_msgs/share/dingo_msgs/hook/pythonpath.sh'
[6.566s] Level 1:colcon.colcon_core.environment:checking '/home/robogames/Desktop/Dog/dingo_ws/install/dingo_msgs/bin'
[6.566s] INFO:colcon.colcon_core.shell:Creating package script '/home/robogames/Desktop/Dog/dingo_ws/install/dingo_msgs/share/dingo_msgs/package.ps1'
[6.568s] INFO:colcon.colcon_core.shell:Creating package descriptor '/home/robogames/Desktop/Dog/dingo_ws/install/dingo_msgs/share/dingo_msgs/package.dsv'
[6.569s] INFO:colcon.colcon_core.shell:Creating package script '/home/robogames/Desktop/Dog/dingo_ws/install/dingo_msgs/share/dingo_msgs/package.sh'
[6.570s] INFO:colcon.colcon_core.shell:Creating package script '/home/robogames/Desktop/Dog/dingo_ws/install/dingo_msgs/share/dingo_msgs/package.bash'
[6.571s] INFO:colcon.colcon_core.shell:Creating package script '/home/robogames/Desktop/Dog/dingo_ws/install/dingo_msgs/share/dingo_msgs/package.zsh'
[6.573s] Level 1:colcon.colcon_core.environment:create_file_with_runtime_dependencies(/home/robogames/Desktop/Dog/dingo_ws/install/dingo_msgs/share/colcon-core/packages/dingo_msgs)
[6.576s] INFO:colcon.colcon_ros.task.ament_python.build:Building ROS package in '/home/robogames/Desktop/Dog/dingo_ws/src/dingo_utilities' with build type 'ament_python'
[6.576s] Level 1:colcon.colcon_core.shell:create_environment_hook('dingo_utilities', 'ament_prefix_path')
[6.576s] INFO:colcon.colcon_core.shell:Creating environment hook '/home/robogames/Desktop/Dog/dingo_ws/install/dingo_utilities/share/dingo_utilities/hook/ament_prefix_path.ps1'
[6.577s] INFO:colcon.colcon_core.shell:Creating environment descriptor '/home/robogames/Desktop/Dog/dingo_ws/install/dingo_utilities/share/dingo_utilities/hook/ament_prefix_path.dsv'
[6.579s] INFO:colcon.colcon_core.shell:Creating environment hook '/home/robogames/Desktop/Dog/dingo_ws/install/dingo_utilities/share/dingo_utilities/hook/ament_prefix_path.sh'
[6.581s] INFO:colcon.colcon_core.shell:Skip shell extension 'powershell' for command environment: Not usable outside of PowerShell
[6.581s] DEBUG:colcon.colcon_core.shell:Skip shell extension 'dsv' for command environment
[7.031s] WARNING:colcon.colcon_ros.task.ament_python.build:Package 'dingo_utilities' doesn't explicitly install a marker in the package index (colcon-ros currently does it implicitly but that fallback will be removed in the future)
[7.031s] WARNING:colcon.colcon_ros.task.ament_python.build:Package 'dingo_utilities' doesn't explicitly install the 'package.xml' file (colcon-ros currently does it implicitly but that fallback will be removed in the future)
[7.031s] INFO:colcon.colcon_core.task.python.build:Building Python package in '/home/robogames/Desktop/Dog/dingo_ws/src/dingo_utilities'
[7.032s] INFO:colcon.colcon_core.shell:Skip shell extension 'powershell' for command environment: Not usable outside of PowerShell
[7.032s] DEBUG:colcon.colcon_core.shell:Skip shell extension 'dsv' for command environment
[7.043s] DEBUG:colcon.colcon_core.event_handler.log_command:Invoking command in '/home/robogames/Desktop/Dog/dingo_ws/src/dingo_input_interfacing': DEBUGINFOD_URLS=https://debuginfod.ubuntu.com PS1=(ros2_python_venv) \[\e]0;\u@\h: \w\a\]${debian_chroot:+($debian_chroot)}\[\033[01;32m\]\u@\h\[\033[00m\]:\[\033[01;34m\]\w\[\033[00m\]\$ PYTHONPATH=/home/robogames/Desktop/Dog/dingo_ws/build/dingo_input_interfacing/prefix_override:/usr/lib/python3/dist-packages/colcon_core/task/python/colcon_distutils_commands:/home/robogames/Desktop/Dog/dingo_ws/install/dingo_input_interfacing/lib/python3.12/site-packages:${PYTHONPATH} VIRTUAL_ENV_PROMPT=(ros2_python_venv) /usr/bin/python3 -W ignore:setup.py install is deprecated -W ignore:easy_install command is deprecated setup.py egg_info --egg-base ../../build/dingo_input_interfacing build --build-base /home/robogames/Desktop/Dog/dingo_ws/build/dingo_input_interfacing/build install --record /home/robogames/Desktop/Dog/dingo_ws/build/dingo_input_interfacing/install.log --single-version-externally-managed
[7.677s] DEBUG:colcon.colcon_core.event_handler.log_command:Invoking command in '/home/robogames/Desktop/Dog/dingo_ws/src/dingo_peripheral_interfacing': DEBUGINFOD_URLS=https://debuginfod.ubuntu.com PS1=(ros2_python_venv) \[\e]0;\u@\h: \w\a\]${debian_chroot:+($debian_chroot)}\[\033[01;32m\]\u@\h\[\033[00m\]:\[\033[01;34m\]\w\[\033[00m\]\$ PYTHONPATH=/home/robogames/Desktop/Dog/dingo_ws/build/dingo_peripheral_interfacing/prefix_override:/usr/lib/python3/dist-packages/colcon_core/task/python/colcon_distutils_commands:/home/robogames/Desktop/Dog/dingo_ws/install/dingo_peripheral_interfacing/lib/python3.12/site-packages:${PYTHONPATH} VIRTUAL_ENV_PROMPT=(ros2_python_venv) /usr/bin/python3 -W ignore:setup.py install is deprecated -W ignore:easy_install command is deprecated setup.py egg_info --egg-base ../../build/dingo_peripheral_interfacing build --build-base /home/robogames/Desktop/Dog/dingo_ws/build/dingo_peripheral_interfacing/build install --record /home/robogames/Desktop/Dog/dingo_ws/build/dingo_peripheral_interfacing/install.log --single-version-externally-managed install_data
[7.708s] DEBUG:colcon.colcon_core.event_handler.log_command:Invoking command in '/home/robogames/Desktop/Dog/dingo_ws/src/dingo_servo_interfacing': DEBUGINFOD_URLS=https://debuginfod.ubuntu.com PS1=(ros2_python_venv) \[\e]0;\u@\h: \w\a\]${debian_chroot:+($debian_chroot)}\[\033[01;32m\]\u@\h\[\033[00m\]:\[\033[01;34m\]\w\[\033[00m\]\$ PYTHONPATH=/home/robogames/Desktop/Dog/dingo_ws/build/dingo_servo_interfacing/prefix_override:/usr/lib/python3/dist-packages/colcon_core/task/python/colcon_distutils_commands:/home/robogames/Desktop/Dog/dingo_ws/install/dingo_servo_interfacing/lib/python3.12/site-packages:${PYTHONPATH} VIRTUAL_ENV_PROMPT=(ros2_python_venv) /usr/bin/python3 -W ignore:setup.py install is deprecated -W ignore:easy_install command is deprecated setup.py egg_info --egg-base ../../build/dingo_servo_interfacing build --build-base /home/robogames/Desktop/Dog/dingo_ws/build/dingo_servo_interfacing/build install --record /home/robogames/Desktop/Dog/dingo_ws/build/dingo_servo_interfacing/install.log --single-version-externally-managed
[8.283s] Level 1:colcon.colcon_core.environment:checking '/home/robogames/Desktop/Dog/dingo_ws/install/dingo_input_interfacing' for CMake module files
[8.284s] Level 1:colcon.colcon_core.environment:checking '/home/robogames/Desktop/Dog/dingo_ws/install/dingo_input_interfacing' for CMake config files
[8.285s] Level 1:colcon.colcon_core.environment:checking '/home/robogames/Desktop/Dog/dingo_ws/install/dingo_input_interfacing/lib'
[8.285s] Level 1:colcon.colcon_core.environment:checking '/home/robogames/Desktop/Dog/dingo_ws/install/dingo_input_interfacing/bin'
[8.285s] Level 1:colcon.colcon_core.environment:checking '/home/robogames/Desktop/Dog/dingo_ws/install/dingo_input_interfacing/lib/pkgconfig/dingo_input_interfacing.pc'
[8.285s] Level 1:colcon.colcon_core.environment:checking '/home/robogames/Desktop/Dog/dingo_ws/install/dingo_input_interfacing/lib/python3.12/site-packages'
[8.286s] Level 1:colcon.colcon_core.shell:create_environment_hook('dingo_input_interfacing', 'pythonpath')
[8.286s] DEBUG:colcon.colcon_core.event_handler.log_command:Invoked command in '/home/robogames/Desktop/Dog/dingo_ws/src/dingo_input_interfacing' returned '0': DEBUGINFOD_URLS=https://debuginfod.ubuntu.com PS1=(ros2_python_venv) \[\e]0;\u@\h: \w\a\]${debian_chroot:+($debian_chroot)}\[\033[01;32m\]\u@\h\[\033[00m\]:\[\033[01;34m\]\w\[\033[00m\]\$ PYTHONPATH=/home/robogames/Desktop/Dog/dingo_ws/build/dingo_input_interfacing/prefix_override:/usr/lib/python3/dist-packages/colcon_core/task/python/colcon_distutils_commands:/home/robogames/Desktop/Dog/dingo_ws/install/dingo_input_interfacing/lib/python3.12/site-packages:${PYTHONPATH} VIRTUAL_ENV_PROMPT=(ros2_python_venv) /usr/bin/python3 -W ignore:setup.py install is deprecated -W ignore:easy_install command is deprecated setup.py egg_info --egg-base ../../build/dingo_input_interfacing build --build-base /home/robogames/Desktop/Dog/dingo_ws/build/dingo_input_interfacing/build install --record /home/robogames/Desktop/Dog/dingo_ws/build/dingo_input_interfacing/install.log --single-version-externally-managed
[8.289s] INFO:colcon.colcon_core.shell:Creating environment hook '/home/robogames/Desktop/Dog/dingo_ws/install/dingo_input_interfacing/share/dingo_input_interfacing/hook/pythonpath.ps1'
[8.293s] INFO:colcon.colcon_core.shell:Creating environment descriptor '/home/robogames/Desktop/Dog/dingo_ws/install/dingo_input_interfacing/share/dingo_input_interfacing/hook/pythonpath.dsv'
[8.294s] INFO:colcon.colcon_core.shell:Creating environment hook '/home/robogames/Desktop/Dog/dingo_ws/install/dingo_input_interfacing/share/dingo_input_interfacing/hook/pythonpath.sh'
[8.296s] Level 1:colcon.colcon_core.environment:checking '/home/robogames/Desktop/Dog/dingo_ws/install/dingo_input_interfacing/bin'
[8.296s] Level 1:colcon.colcon_core.environment:create_environment_scripts_only(dingo_input_interfacing)
[8.297s] INFO:colcon.colcon_core.shell:Creating package script '/home/robogames/Desktop/Dog/dingo_ws/install/dingo_input_interfacing/share/dingo_input_interfacing/package.ps1'
[8.299s] INFO:colcon.colcon_core.shell:Creating package descriptor '/home/robogames/Desktop/Dog/dingo_ws/install/dingo_input_interfacing/share/dingo_input_interfacing/package.dsv'
[8.301s] INFO:colcon.colcon_core.shell:Creating package script '/home/robogames/Desktop/Dog/dingo_ws/install/dingo_input_interfacing/share/dingo_input_interfacing/package.sh'
[8.305s] INFO:colcon.colcon_core.shell:Creating package script '/home/robogames/Desktop/Dog/dingo_ws/install/dingo_input_interfacing/share/dingo_input_interfacing/package.bash'
[8.309s] INFO:colcon.colcon_core.shell:Creating package script '/home/robogames/Desktop/Dog/dingo_ws/install/dingo_input_interfacing/share/dingo_input_interfacing/package.zsh'
[8.311s] Level 1:colcon.colcon_core.environment:create_file_with_runtime_dependencies(/home/robogames/Desktop/Dog/dingo_ws/install/dingo_input_interfacing/share/colcon-core/packages/dingo_input_interfacing)
[8.419s] DEBUG:colcon.colcon_core.event_handler.log_command:Invoking command in '/home/robogames/Desktop/Dog/dingo_ws/src/dingo_utilities': DEBUGINFOD_URLS=https://debuginfod.ubuntu.com PS1=(ros2_python_venv) \[\e]0;\u@\h: \w\a\]${debian_chroot:+($debian_chroot)}\[\033[01;32m\]\u@\h\[\033[00m\]:\[\033[01;34m\]\w\[\033[00m\]\$ PYTHONPATH=/home/robogames/Desktop/Dog/dingo_ws/build/dingo_utilities/prefix_override:/usr/lib/python3/dist-packages/colcon_core/task/python/colcon_distutils_commands:/home/robogames/Desktop/Dog/dingo_ws/install/dingo_utilities/lib/python3.12/site-packages:${PYTHONPATH} VIRTUAL_ENV_PROMPT=(ros2_python_venv) /usr/bin/python3 -W ignore:setup.py install is deprecated -W ignore:easy_install command is deprecated setup.py egg_info --egg-base ../../build/dingo_utilities build --build-base /home/robogames/Desktop/Dog/dingo_ws/build/dingo_utilities/build install --record /home/robogames/Desktop/Dog/dingo_ws/build/dingo_utilities/install.log --single-version-externally-managed
[8.876s] Level 1:colcon.colcon_core.environment:checking '/home/robogames/Desktop/Dog/dingo_ws/install/dingo_servo_interfacing' for CMake module files
[8.877s] DEBUG:colcon.colcon_core.event_handler.log_command:Invoked command in '/home/robogames/Desktop/Dog/dingo_ws/src/dingo_servo_interfacing' returned '0': DEBUGINFOD_URLS=https://debuginfod.ubuntu.com PS1=(ros2_python_venv) \[\e]0;\u@\h: \w\a\]${debian_chroot:+($debian_chroot)}\[\033[01;32m\]\u@\h\[\033[00m\]:\[\033[01;34m\]\w\[\033[00m\]\$ PYTHONPATH=/home/robogames/Desktop/Dog/dingo_ws/build/dingo_servo_interfacing/prefix_override:/usr/lib/python3/dist-packages/colcon_core/task/python/colcon_distutils_commands:/home/robogames/Desktop/Dog/dingo_ws/install/dingo_servo_interfacing/lib/python3.12/site-packages:${PYTHONPATH} VIRTUAL_ENV_PROMPT=(ros2_python_venv) /usr/bin/python3 -W ignore:setup.py install is deprecated -W ignore:easy_install command is deprecated setup.py egg_info --egg-base ../../build/dingo_servo_interfacing build --build-base /home/robogames/Desktop/Dog/dingo_ws/build/dingo_servo_interfacing/build install --record /home/robogames/Desktop/Dog/dingo_ws/build/dingo_servo_interfacing/install.log --single-version-externally-managed
[8.878s] Level 1:colcon.colcon_core.environment:checking '/home/robogames/Desktop/Dog/dingo_ws/install/dingo_servo_interfacing' for CMake config files
[8.878s] Level 1:colcon.colcon_core.environment:checking '/home/robogames/Desktop/Dog/dingo_ws/install/dingo_servo_interfacing/lib'
[8.879s] Level 1:colcon.colcon_core.environment:checking '/home/robogames/Desktop/Dog/dingo_ws/install/dingo_servo_interfacing/bin'
[8.879s] Level 1:colcon.colcon_core.environment:checking '/home/robogames/Desktop/Dog/dingo_ws/install/dingo_servo_interfacing/lib/pkgconfig/dingo_servo_interfacing.pc'
[8.879s] Level 1:colcon.colcon_core.environment:checking '/home/robogames/Desktop/Dog/dingo_ws/install/dingo_servo_interfacing/lib/python3.12/site-packages'
[8.879s] Level 1:colcon.colcon_core.shell:create_environment_hook('dingo_servo_interfacing', 'pythonpath')
[8.880s] INFO:colcon.colcon_core.shell:Creating environment hook '/home/robogames/Desktop/Dog/dingo_ws/install/dingo_servo_interfacing/share/dingo_servo_interfacing/hook/pythonpath.ps1'
[8.880s] INFO:colcon.colcon_core.shell:Creating environment descriptor '/home/robogames/Desktop/Dog/dingo_ws/install/dingo_servo_interfacing/share/dingo_servo_interfacing/hook/pythonpath.dsv'
[8.882s] INFO:colcon.colcon_core.shell:Creating environment hook '/home/robogames/Desktop/Dog/dingo_ws/install/dingo_servo_interfacing/share/dingo_servo_interfacing/hook/pythonpath.sh'
[8.884s] Level 1:colcon.colcon_core.environment:checking '/home/robogames/Desktop/Dog/dingo_ws/install/dingo_servo_interfacing/bin'
[8.884s] Level 1:colcon.colcon_core.environment:create_environment_scripts_only(dingo_servo_interfacing)
[8.884s] INFO:colcon.colcon_core.shell:Creating package script '/home/robogames/Desktop/Dog/dingo_ws/install/dingo_servo_interfacing/share/dingo_servo_interfacing/package.ps1'
[8.885s] INFO:colcon.colcon_core.shell:Creating package descriptor '/home/robogames/Desktop/Dog/dingo_ws/install/dingo_servo_interfacing/share/dingo_servo_interfacing/package.dsv'
[8.887s] INFO:colcon.colcon_core.shell:Creating package script '/home/robogames/Desktop/Dog/dingo_ws/install/dingo_servo_interfacing/share/dingo_servo_interfacing/package.sh'
[8.888s] INFO:colcon.colcon_core.shell:Creating package script '/home/robogames/Desktop/Dog/dingo_ws/install/dingo_servo_interfacing/share/dingo_servo_interfacing/package.bash'
[8.890s] INFO:colcon.colcon_core.shell:Creating package script '/home/robogames/Desktop/Dog/dingo_ws/install/dingo_servo_interfacing/share/dingo_servo_interfacing/package.zsh'
[8.894s] Level 1:colcon.colcon_core.environment:create_file_with_runtime_dependencies(/home/robogames/Desktop/Dog/dingo_ws/install/dingo_servo_interfacing/share/colcon-core/packages/dingo_servo_interfacing)
[8.899s] Level 1:colcon.colcon_core.environment:checking '/home/robogames/Desktop/Dog/dingo_ws/install/dingo_peripheral_interfacing' for CMake module files
[8.900s] DEBUG:colcon.colcon_core.event_handler.log_command:Invoked command in '/home/robogames/Desktop/Dog/dingo_ws/src/dingo_peripheral_interfacing' returned '0': DEBUGINFOD_URLS=https://debuginfod.ubuntu.com PS1=(ros2_python_venv) \[\e]0;\u@\h: \w\a\]${debian_chroot:+($debian_chroot)}\[\033[01;32m\]\u@\h\[\033[00m\]:\[\033[01;34m\]\w\[\033[00m\]\$ PYTHONPATH=/home/robogames/Desktop/Dog/dingo_ws/build/dingo_peripheral_interfacing/prefix_override:/usr/lib/python3/dist-packages/colcon_core/task/python/colcon_distutils_commands:/home/robogames/Desktop/Dog/dingo_ws/install/dingo_peripheral_interfacing/lib/python3.12/site-packages:${PYTHONPATH} VIRTUAL_ENV_PROMPT=(ros2_python_venv) /usr/bin/python3 -W ignore:setup.py install is deprecated -W ignore:easy_install command is deprecated setup.py egg_info --egg-base ../../build/dingo_peripheral_interfacing build --build-base /home/robogames/Desktop/Dog/dingo_ws/build/dingo_peripheral_interfacing/build install --record /home/robogames/Desktop/Dog/dingo_ws/build/dingo_peripheral_interfacing/install.log --single-version-externally-managed install_data
[8.901s] Level 1:colcon.colcon_core.environment:checking '/home/robogames/Desktop/Dog/dingo_ws/install/dingo_peripheral_interfacing' for CMake config files
[8.901s] Level 1:colcon.colcon_core.environment:checking '/home/robogames/Desktop/Dog/dingo_ws/install/dingo_peripheral_interfacing/lib'
[8.901s] Level 1:colcon.colcon_core.environment:checking '/home/robogames/Desktop/Dog/dingo_ws/install/dingo_peripheral_interfacing/bin'
[8.901s] Level 1:colcon.colcon_core.environment:checking '/home/robogames/Desktop/Dog/dingo_ws/install/dingo_peripheral_interfacing/lib/pkgconfig/dingo_peripheral_interfacing.pc'
[8.902s] Level 1:colcon.colcon_core.environment:checking '/home/robogames/Desktop/Dog/dingo_ws/install/dingo_peripheral_interfacing/lib/python3.12/site-packages'
[8.902s] Level 1:colcon.colcon_core.shell:create_environment_hook('dingo_peripheral_interfacing', 'pythonpath')
[8.902s] INFO:colcon.colcon_core.shell:Creating environment hook '/home/robogames/Desktop/Dog/dingo_ws/install/dingo_peripheral_interfacing/share/dingo_peripheral_interfacing/hook/pythonpath.ps1'
[8.903s] INFO:colcon.colcon_core.shell:Creating environment descriptor '/home/robogames/Desktop/Dog/dingo_ws/install/dingo_peripheral_interfacing/share/dingo_peripheral_interfacing/hook/pythonpath.dsv'
[8.904s] INFO:colcon.colcon_core.shell:Creating environment hook '/home/robogames/Desktop/Dog/dingo_ws/install/dingo_peripheral_interfacing/share/dingo_peripheral_interfacing/hook/pythonpath.sh'
[8.904s] Level 1:colcon.colcon_core.environment:checking '/home/robogames/Desktop/Dog/dingo_ws/install/dingo_peripheral_interfacing/bin'
[8.905s] Level 1:colcon.colcon_core.environment:create_environment_scripts_only(dingo_peripheral_interfacing)
[8.905s] INFO:colcon.colcon_core.shell:Creating package script '/home/robogames/Desktop/Dog/dingo_ws/install/dingo_peripheral_interfacing/share/dingo_peripheral_interfacing/package.ps1'
[8.906s] INFO:colcon.colcon_core.shell:Creating package descriptor '/home/robogames/Desktop/Dog/dingo_ws/install/dingo_peripheral_interfacing/share/dingo_peripheral_interfacing/package.dsv'
[8.906s] INFO:colcon.colcon_core.shell:Creating package script '/home/robogames/Desktop/Dog/dingo_ws/install/dingo_peripheral_interfacing/share/dingo_peripheral_interfacing/package.sh'
[8.907s] INFO:colcon.colcon_core.shell:Creating package script '/home/robogames/Desktop/Dog/dingo_ws/install/dingo_peripheral_interfacing/share/dingo_peripheral_interfacing/package.bash'
[8.908s] INFO:colcon.colcon_core.shell:Creating package script '/home/robogames/Desktop/Dog/dingo_ws/install/dingo_peripheral_interfacing/share/dingo_peripheral_interfacing/package.zsh'
[8.909s] Level 1:colcon.colcon_core.environment:create_file_with_runtime_dependencies(/home/robogames/Desktop/Dog/dingo_ws/install/dingo_peripheral_interfacing/share/colcon-core/packages/dingo_peripheral_interfacing)
[9.477s] Level 1:colcon.colcon_core.environment:checking '/home/robogames/Desktop/Dog/dingo_ws/install/dingo_utilities' for CMake module files
[9.477s] DEBUG:colcon.colcon_core.event_handler.log_command:Invoked command in '/home/robogames/Desktop/Dog/dingo_ws/src/dingo_utilities' returned '0': DEBUGINFOD_URLS=https://debuginfod.ubuntu.com PS1=(ros2_python_venv) \[\e]0;\u@\h: \w\a\]${debian_chroot:+($debian_chroot)}\[\033[01;32m\]\u@\h\[\033[00m\]:\[\033[01;34m\]\w\[\033[00m\]\$ PYTHONPATH=/home/robogames/Desktop/Dog/dingo_ws/build/dingo_utilities/prefix_override:/usr/lib/python3/dist-packages/colcon_core/task/python/colcon_distutils_commands:/home/robogames/Desktop/Dog/dingo_ws/install/dingo_utilities/lib/python3.12/site-packages:${PYTHONPATH} VIRTUAL_ENV_PROMPT=(ros2_python_venv) /usr/bin/python3 -W ignore:setup.py install is deprecated -W ignore:easy_install command is deprecated setup.py egg_info --egg-base ../../build/dingo_utilities build --build-base /home/robogames/Desktop/Dog/dingo_ws/build/dingo_utilities/build install --record /home/robogames/Desktop/Dog/dingo_ws/build/dingo_utilities/install.log --single-version-externally-managed
[9.478s] Level 1:colcon.colcon_core.environment:checking '/home/robogames/Desktop/Dog/dingo_ws/install/dingo_utilities' for CMake config files
[9.478s] Level 1:colcon.colcon_core.environment:checking '/home/robogames/Desktop/Dog/dingo_ws/install/dingo_utilities/lib'
[9.478s] Level 1:colcon.colcon_core.environment:checking '/home/robogames/Desktop/Dog/dingo_ws/install/dingo_utilities/bin'
[9.478s] Level 1:colcon.colcon_core.environment:checking '/home/robogames/Desktop/Dog/dingo_ws/install/dingo_utilities/lib/pkgconfig/dingo_utilities.pc'
[9.479s] Level 1:colcon.colcon_core.environment:checking '/home/robogames/Desktop/Dog/dingo_ws/install/dingo_utilities/lib/python3.12/site-packages'
[9.479s] Level 1:colcon.colcon_core.shell:create_environment_hook('dingo_utilities', 'pythonpath')
[9.479s] INFO:colcon.colcon_core.shell:Creating environment hook '/home/robogames/Desktop/Dog/dingo_ws/install/dingo_utilities/share/dingo_utilities/hook/pythonpath.ps1'
[9.480s] INFO:colcon.colcon_core.shell:Creating environment descriptor '/home/robogames/Desktop/Dog/dingo_ws/install/dingo_utilities/share/dingo_utilities/hook/pythonpath.dsv'
[9.480s] INFO:colcon.colcon_core.shell:Creating environment hook '/home/robogames/Desktop/Dog/dingo_ws/install/dingo_utilities/share/dingo_utilities/hook/pythonpath.sh'
[9.481s] Level 1:colcon.colcon_core.environment:checking '/home/robogames/Desktop/Dog/dingo_ws/install/dingo_utilities/bin'
[9.481s] Level 1:colcon.colcon_core.environment:create_environment_scripts_only(dingo_utilities)
[9.481s] INFO:colcon.colcon_core.shell:Creating package script '/home/robogames/Desktop/Dog/dingo_ws/install/dingo_utilities/share/dingo_utilities/package.ps1'
[9.482s] INFO:colcon.colcon_core.shell:Creating package descriptor '/home/robogames/Desktop/Dog/dingo_ws/install/dingo_utilities/share/dingo_utilities/package.dsv'
[9.482s] INFO:colcon.colcon_core.shell:Creating package script '/home/robogames/Desktop/Dog/dingo_ws/install/dingo_utilities/share/dingo_utilities/package.sh'
[9.483s] INFO:colcon.colcon_core.shell:Creating package script '/home/robogames/Desktop/Dog/dingo_ws/install/dingo_utilities/share/dingo_utilities/package.bash'
[9.483s] INFO:colcon.colcon_core.shell:Creating package script '/home/robogames/Desktop/Dog/dingo_ws/install/dingo_utilities/share/dingo_utilities/package.zsh'
[9.483s] Level 1:colcon.colcon_core.environment:create_file_with_runtime_dependencies(/home/robogames/Desktop/Dog/dingo_ws/install/dingo_utilities/share/colcon-core/packages/dingo_utilities)
[9.484s] DEBUG:colcon.colcon_parallel_executor.executor.parallel:closing loop
[9.484s] DEBUG:colcon.colcon_parallel_executor.executor.parallel:loop closed
[9.484s] DEBUG:colcon.colcon_parallel_executor.executor.parallel:run_until_complete finished with '0'
[9.484s] DEBUG:colcon.colcon_core.event_reactor:joining thread
[9.493s] INFO:colcon.colcon_core.plugin_system:Skipping extension 'colcon_notification.desktop_notification.terminal_notifier': Not used on non-Darwin systems
[9.494s] INFO:colcon.colcon_core.plugin_system:Skipping extension 'colcon_notification.desktop_notification.win32': Not used on non-Windows systems
[9.494s] INFO:colcon.colcon_notification.desktop_notification:Sending desktop notification using 'notify2'
[9.495s] DEBUG:colcon.colcon_notification.desktop_notification.notify2:Failed to initialize notify2: org.freedesktop.DBus.Error.ServiceUnknown: The name org.freedesktop.Notifications was not provided by any .service files
[9.495s] DEBUG:colcon.colcon_core.event_reactor:joined thread
[9.496s] INFO:colcon.colcon_core.shell:Creating prefix script '/home/robogames/Desktop/Dog/dingo_ws/install/local_setup.ps1'
[9.497s] INFO:colcon.colcon_core.shell:Creating prefix util module '/home/robogames/Desktop/Dog/dingo_ws/install/_local_setup_util_ps1.py'
[9.498s] INFO:colcon.colcon_core.shell:Creating prefix chain script '/home/robogames/Desktop/Dog/dingo_ws/install/setup.ps1'
[9.500s] INFO:colcon.colcon_core.shell:Creating prefix script '/home/robogames/Desktop/Dog/dingo_ws/install/local_setup.sh'
[9.501s] INFO:colcon.colcon_core.shell:Creating prefix util module '/home/robogames/Desktop/Dog/dingo_ws/install/_local_setup_util_sh.py'
[9.502s] INFO:colcon.colcon_core.shell:Creating prefix chain script '/home/robogames/Desktop/Dog/dingo_ws/install/setup.sh'
[9.504s] INFO:colcon.colcon_core.shell:Creating prefix script '/home/robogames/Desktop/Dog/dingo_ws/install/local_setup.bash'
[9.505s] INFO:colcon.colcon_core.shell:Creating prefix chain script '/home/robogames/Desktop/Dog/dingo_ws/install/setup.bash'
[9.506s] INFO:colcon.colcon_core.shell:Creating prefix script '/home/robogames/Desktop/Dog/dingo_ws/install/local_setup.zsh'
[9.507s] INFO:colcon.colcon_core.shell:Creating prefix chain script '/home/robogames/Desktop/Dog/dingo_ws/install/setup.zsh'
