[0.174s] DEBUG:colcon:Command line arguments: ['/usr/bin/colcon', 'build']
[0.174s] DEBUG:colcon:Parsed command line arguments: Namespace(log_base=None, log_level=None, verb_name='build', build_base='build', install_base='install', merge_install=False, symlink_install=False, test_result_base=None, continue_on_error=False, executor='parallel', parallel_workers=4, event_handlers=None, ignore_user_meta=False, metas=['./colcon.meta'], base_paths=['.'], packages_ignore=None, packages_ignore_regex=None, paths=None, packages_up_to=None, packages_up_to_regex=None, packages_above=None, packages_above_and_dependencies=None, packages_above_depth=None, packages_select_by_dep=None, packages_skip_by_dep=None, packages_skip_up_to=None, packages_select_build_failed=False, packages_skip_build_finished=False, packages_select_test_failures=False, packages_skip_test_passed=False, packages_select=None, packages_skip=None, packages_select_regex=None, packages_skip_regex=None, packages_start=None, packages_end=None, allow_overriding=[], cmake_args=None, cmake_target=None, cmake_target_skip_unavailable=False, cmake_clean_cache=False, cmake_clean_first=False, cmake_force_configure=False, ament_cmake_args=None, catkin_cmake_args=None, catkin_skip_building_tests=False, mixin_files=None, mixin=None, verb_parser=<colcon_mixin.mixin.mixin_argument.MixinArgumentDecorator object at 0xffff9bc77470>, verb_extension=<colcon_core.verb.build.BuildVerb object at 0xffff9bc77140>, main=<bound method BuildVerb.main of <colcon_core.verb.build.BuildVerb object at 0xffff9bc77140>>, mixin_verb=('build',))
[0.232s] Level 1:colcon.colcon_core.package_discovery:discover_packages(colcon_meta) check parameters
[0.232s] Level 1:colcon.colcon_core.package_discovery:discover_packages(recursive) check parameters
[0.232s] Level 1:colcon.colcon_core.package_discovery:discover_packages(ignore) check parameters
[0.232s] Level 1:colcon.colcon_core.package_discovery:discover_packages(path) check parameters
[0.232s] Level 1:colcon.colcon_core.package_discovery:discover_packages(colcon_meta) discover
[0.233s] Level 1:colcon.colcon_core.package_discovery:discover_packages(recursive) discover
[0.233s] INFO:colcon.colcon_core.package_discovery:Crawling recursively for packages in '/home/robogames/Desktop/Dog/dingo_ws'
[0.233s] Level 1:colcon.colcon_core.package_identification:_identify(.) by extensions ['ignore', 'ignore_ament_install']
[0.233s] Level 1:colcon.colcon_core.package_identification:_identify(.) by extension 'ignore'
[0.233s] Level 1:colcon.colcon_core.package_identification:_identify(.) by extension 'ignore_ament_install'
[0.233s] Level 1:colcon.colcon_core.package_identification:_identify(.) by extensions ['colcon_pkg']
[0.233s] Level 1:colcon.colcon_core.package_identification:_identify(.) by extension 'colcon_pkg'
[0.233s] Level 1:colcon.colcon_core.package_identification:_identify(.) by extensions ['colcon_meta']
[0.233s] Level 1:colcon.colcon_core.package_identification:_identify(.) by extension 'colcon_meta'
[0.233s] Level 1:colcon.colcon_core.package_identification:_identify(.) by extensions ['ros']
[0.233s] Level 1:colcon.colcon_core.package_identification:_identify(.) by extension 'ros'
[0.271s] Level 1:colcon.colcon_core.package_identification:_identify(.) by extensions ['cmake', 'python']
[0.271s] Level 1:colcon.colcon_core.package_identification:_identify(.) by extension 'cmake'
[0.271s] Level 1:colcon.colcon_core.package_identification:_identify(.) by extension 'python'
[0.271s] Level 1:colcon.colcon_core.package_identification:_identify(.) by extensions ['python_setup_py']
[0.271s] Level 1:colcon.colcon_core.package_identification:_identify(.) by extension 'python_setup_py'
[0.271s] Level 1:colcon.colcon_core.package_identification:_identify(build) by extensions ['ignore', 'ignore_ament_install']
[0.271s] Level 1:colcon.colcon_core.package_identification:_identify(build) by extension 'ignore'
[0.271s] Level 1:colcon.colcon_core.package_identification:_identify(build) ignored
[0.272s] Level 1:colcon.colcon_core.package_identification:_identify(install) by extensions ['ignore', 'ignore_ament_install']
[0.272s] Level 1:colcon.colcon_core.package_identification:_identify(install) by extension 'ignore'
[0.272s] Level 1:colcon.colcon_core.package_identification:_identify(install) ignored
[0.272s] Level 1:colcon.colcon_core.package_identification:_identify(log) by extensions ['ignore', 'ignore_ament_install']
[0.272s] Level 1:colcon.colcon_core.package_identification:_identify(log) by extension 'ignore'
[0.272s] Level 1:colcon.colcon_core.package_identification:_identify(log) ignored
[0.272s] Level 1:colcon.colcon_core.package_identification:_identify(src) by extensions ['ignore', 'ignore_ament_install']
[0.272s] Level 1:colcon.colcon_core.package_identification:_identify(src) by extension 'ignore'
[0.272s] Level 1:colcon.colcon_core.package_identification:_identify(src) by extension 'ignore_ament_install'
[0.272s] Level 1:colcon.colcon_core.package_identification:_identify(src) by extensions ['colcon_pkg']
[0.272s] Level 1:colcon.colcon_core.package_identification:_identify(src) by extension 'colcon_pkg'
[0.272s] Level 1:colcon.colcon_core.package_identification:_identify(src) by extensions ['colcon_meta']
[0.272s] Level 1:colcon.colcon_core.package_identification:_identify(src) by extension 'colcon_meta'
[0.272s] Level 1:colcon.colcon_core.package_identification:_identify(src) by extensions ['ros']
[0.272s] Level 1:colcon.colcon_core.package_identification:_identify(src) by extension 'ros'
[0.273s] Level 1:colcon.colcon_core.package_identification:_identify(src) by extensions ['cmake', 'python']
[0.273s] Level 1:colcon.colcon_core.package_identification:_identify(src) by extension 'cmake'
[0.273s] Level 1:colcon.colcon_core.package_identification:_identify(src) by extension 'python'
[0.273s] Level 1:colcon.colcon_core.package_identification:_identify(src) by extensions ['python_setup_py']
[0.273s] Level 1:colcon.colcon_core.package_identification:_identify(src) by extension 'python_setup_py'
[0.273s] Level 1:colcon.colcon_core.package_identification:_identify(src/dingo) by extensions ['ignore', 'ignore_ament_install']
[0.273s] Level 1:colcon.colcon_core.package_identification:_identify(src/dingo) by extension 'ignore'
[0.273s] Level 1:colcon.colcon_core.package_identification:_identify(src/dingo) by extension 'ignore_ament_install'
[0.273s] Level 1:colcon.colcon_core.package_identification:_identify(src/dingo) by extensions ['colcon_pkg']
[0.273s] Level 1:colcon.colcon_core.package_identification:_identify(src/dingo) by extension 'colcon_pkg'
[0.273s] Level 1:colcon.colcon_core.package_identification:_identify(src/dingo) by extensions ['colcon_meta']
[0.273s] Level 1:colcon.colcon_core.package_identification:_identify(src/dingo) by extension 'colcon_meta'
[0.273s] Level 1:colcon.colcon_core.package_identification:_identify(src/dingo) by extensions ['ros']
[0.273s] Level 1:colcon.colcon_core.package_identification:_identify(src/dingo) by extension 'ros'
[0.276s] DEBUG:colcon.colcon_core.package_identification:Package 'src/dingo' with type 'ros.ament_python' and name 'dingo'
[0.276s] Level 1:colcon.colcon_core.package_identification:_identify(src/dingo_control) by extensions ['ignore', 'ignore_ament_install']
[0.277s] Level 1:colcon.colcon_core.package_identification:_identify(src/dingo_control) by extension 'ignore'
[0.277s] Level 1:colcon.colcon_core.package_identification:_identify(src/dingo_control) by extension 'ignore_ament_install'
[0.277s] Level 1:colcon.colcon_core.package_identification:_identify(src/dingo_control) by extensions ['colcon_pkg']
[0.277s] Level 1:colcon.colcon_core.package_identification:_identify(src/dingo_control) by extension 'colcon_pkg'
[0.277s] Level 1:colcon.colcon_core.package_identification:_identify(src/dingo_control) by extensions ['colcon_meta']
[0.277s] Level 1:colcon.colcon_core.package_identification:_identify(src/dingo_control) by extension 'colcon_meta'
[0.277s] Level 1:colcon.colcon_core.package_identification:_identify(src/dingo_control) by extensions ['ros']
[0.277s] Level 1:colcon.colcon_core.package_identification:_identify(src/dingo_control) by extension 'ros'
[0.278s] DEBUG:colcon.colcon_core.package_identification:Package 'src/dingo_control' with type 'ros.ament_python' and name 'dingo_control'
[0.278s] Level 1:colcon.colcon_core.package_identification:_identify(src/dingo_description) by extensions ['ignore', 'ignore_ament_install']
[0.278s] Level 1:colcon.colcon_core.package_identification:_identify(src/dingo_description) by extension 'ignore'
[0.278s] Level 1:colcon.colcon_core.package_identification:_identify(src/dingo_description) by extension 'ignore_ament_install'
[0.278s] Level 1:colcon.colcon_core.package_identification:_identify(src/dingo_description) by extensions ['colcon_pkg']
[0.278s] Level 1:colcon.colcon_core.package_identification:_identify(src/dingo_description) by extension 'colcon_pkg'
[0.278s] Level 1:colcon.colcon_core.package_identification:_identify(src/dingo_description) by extensions ['colcon_meta']
[0.278s] Level 1:colcon.colcon_core.package_identification:_identify(src/dingo_description) by extension 'colcon_meta'
[0.278s] Level 1:colcon.colcon_core.package_identification:_identify(src/dingo_description) by extensions ['ros']
[0.278s] Level 1:colcon.colcon_core.package_identification:_identify(src/dingo_description) by extension 'ros'
[0.279s] DEBUG:colcon.colcon_core.package_identification:Package 'src/dingo_description' with type 'ros.ament_python' and name 'dingo_description'
[0.279s] Level 1:colcon.colcon_core.package_identification:_identify(src/dingo_gazebo) by extensions ['ignore', 'ignore_ament_install']
[0.279s] Level 1:colcon.colcon_core.package_identification:_identify(src/dingo_gazebo) by extension 'ignore'
[0.279s] Level 1:colcon.colcon_core.package_identification:_identify(src/dingo_gazebo) by extension 'ignore_ament_install'
[0.279s] Level 1:colcon.colcon_core.package_identification:_identify(src/dingo_gazebo) by extensions ['colcon_pkg']
[0.279s] Level 1:colcon.colcon_core.package_identification:_identify(src/dingo_gazebo) by extension 'colcon_pkg'
[0.279s] Level 1:colcon.colcon_core.package_identification:_identify(src/dingo_gazebo) by extensions ['colcon_meta']
[0.279s] Level 1:colcon.colcon_core.package_identification:_identify(src/dingo_gazebo) by extension 'colcon_meta'
[0.279s] Level 1:colcon.colcon_core.package_identification:_identify(src/dingo_gazebo) by extensions ['ros']
[0.279s] Level 1:colcon.colcon_core.package_identification:_identify(src/dingo_gazebo) by extension 'ros'
[0.280s] DEBUG:colcon.colcon_core.package_identification:Package 'src/dingo_gazebo' with type 'ros.ament_python' and name 'dingo_gazebo'
[0.280s] Level 1:colcon.colcon_core.package_identification:_identify(src/dingo_input_interfacing) by extensions ['ignore', 'ignore_ament_install']
[0.280s] Level 1:colcon.colcon_core.package_identification:_identify(src/dingo_input_interfacing) by extension 'ignore'
[0.280s] Level 1:colcon.colcon_core.package_identification:_identify(src/dingo_input_interfacing) by extension 'ignore_ament_install'
[0.280s] Level 1:colcon.colcon_core.package_identification:_identify(src/dingo_input_interfacing) by extensions ['colcon_pkg']
[0.280s] Level 1:colcon.colcon_core.package_identification:_identify(src/dingo_input_interfacing) by extension 'colcon_pkg'
[0.280s] Level 1:colcon.colcon_core.package_identification:_identify(src/dingo_input_interfacing) by extensions ['colcon_meta']
[0.280s] Level 1:colcon.colcon_core.package_identification:_identify(src/dingo_input_interfacing) by extension 'colcon_meta'
[0.280s] Level 1:colcon.colcon_core.package_identification:_identify(src/dingo_input_interfacing) by extensions ['ros']
[0.280s] Level 1:colcon.colcon_core.package_identification:_identify(src/dingo_input_interfacing) by extension 'ros'
[0.281s] DEBUG:colcon.colcon_core.package_identification:Package 'src/dingo_input_interfacing' with type 'ros.ament_python' and name 'dingo_input_interfacing'
[0.281s] Level 1:colcon.colcon_core.package_identification:_identify(src/dingo_msgs) by extensions ['ignore', 'ignore_ament_install']
[0.281s] Level 1:colcon.colcon_core.package_identification:_identify(src/dingo_msgs) by extension 'ignore'
[0.281s] Level 1:colcon.colcon_core.package_identification:_identify(src/dingo_msgs) by extension 'ignore_ament_install'
[0.281s] Level 1:colcon.colcon_core.package_identification:_identify(src/dingo_msgs) by extensions ['colcon_pkg']
[0.281s] Level 1:colcon.colcon_core.package_identification:_identify(src/dingo_msgs) by extension 'colcon_pkg'
[0.281s] Level 1:colcon.colcon_core.package_identification:_identify(src/dingo_msgs) by extensions ['colcon_meta']
[0.281s] Level 1:colcon.colcon_core.package_identification:_identify(src/dingo_msgs) by extension 'colcon_meta'
[0.282s] Level 1:colcon.colcon_core.package_identification:_identify(src/dingo_msgs) by extensions ['ros']
[0.282s] Level 1:colcon.colcon_core.package_identification:_identify(src/dingo_msgs) by extension 'ros'
[0.282s] DEBUG:colcon.colcon_core.package_identification:Package 'src/dingo_msgs' with type 'ros.ament_cmake' and name 'dingo_msgs'
[0.282s] Level 1:colcon.colcon_core.package_identification:_identify(src/dingo_peripheral_interfacing) by extensions ['ignore', 'ignore_ament_install']
[0.282s] Level 1:colcon.colcon_core.package_identification:_identify(src/dingo_peripheral_interfacing) by extension 'ignore'
[0.282s] Level 1:colcon.colcon_core.package_identification:_identify(src/dingo_peripheral_interfacing) by extension 'ignore_ament_install'
[0.282s] Level 1:colcon.colcon_core.package_identification:_identify(src/dingo_peripheral_interfacing) by extensions ['colcon_pkg']
[0.282s] Level 1:colcon.colcon_core.package_identification:_identify(src/dingo_peripheral_interfacing) by extension 'colcon_pkg'
[0.282s] Level 1:colcon.colcon_core.package_identification:_identify(src/dingo_peripheral_interfacing) by extensions ['colcon_meta']
[0.282s] Level 1:colcon.colcon_core.package_identification:_identify(src/dingo_peripheral_interfacing) by extension 'colcon_meta'
[0.282s] Level 1:colcon.colcon_core.package_identification:_identify(src/dingo_peripheral_interfacing) by extensions ['ros']
[0.282s] Level 1:colcon.colcon_core.package_identification:_identify(src/dingo_peripheral_interfacing) by extension 'ros'
[0.283s] DEBUG:colcon.colcon_core.package_identification:Package 'src/dingo_peripheral_interfacing' with type 'ros.ament_python' and name 'dingo_peripheral_interfacing'
[0.283s] Level 1:colcon.colcon_core.package_identification:_identify(src/dingo_servo_interfacing) by extensions ['ignore', 'ignore_ament_install']
[0.283s] Level 1:colcon.colcon_core.package_identification:_identify(src/dingo_servo_interfacing) by extension 'ignore'
[0.283s] Level 1:colcon.colcon_core.package_identification:_identify(src/dingo_servo_interfacing) by extension 'ignore_ament_install'
[0.283s] Level 1:colcon.colcon_core.package_identification:_identify(src/dingo_servo_interfacing) by extensions ['colcon_pkg']
[0.283s] Level 1:colcon.colcon_core.package_identification:_identify(src/dingo_servo_interfacing) by extension 'colcon_pkg'
[0.283s] Level 1:colcon.colcon_core.package_identification:_identify(src/dingo_servo_interfacing) by extensions ['colcon_meta']
[0.283s] Level 1:colcon.colcon_core.package_identification:_identify(src/dingo_servo_interfacing) by extension 'colcon_meta'
[0.284s] Level 1:colcon.colcon_core.package_identification:_identify(src/dingo_servo_interfacing) by extensions ['ros']
[0.284s] Level 1:colcon.colcon_core.package_identification:_identify(src/dingo_servo_interfacing) by extension 'ros'
[0.284s] DEBUG:colcon.colcon_core.package_identification:Package 'src/dingo_servo_interfacing' with type 'ros.ament_python' and name 'dingo_servo_interfacing'
[0.284s] Level 1:colcon.colcon_core.package_identification:_identify(src/dingo_utilities) by extensions ['ignore', 'ignore_ament_install']
[0.284s] Level 1:colcon.colcon_core.package_identification:_identify(src/dingo_utilities) by extension 'ignore'
[0.284s] Level 1:colcon.colcon_core.package_identification:_identify(src/dingo_utilities) by extension 'ignore_ament_install'
[0.284s] Level 1:colcon.colcon_core.package_identification:_identify(src/dingo_utilities) by extensions ['colcon_pkg']
[0.284s] Level 1:colcon.colcon_core.package_identification:_identify(src/dingo_utilities) by extension 'colcon_pkg'
[0.285s] Level 1:colcon.colcon_core.package_identification:_identify(src/dingo_utilities) by extensions ['colcon_meta']
[0.285s] Level 1:colcon.colcon_core.package_identification:_identify(src/dingo_utilities) by extension 'colcon_meta'
[0.285s] Level 1:colcon.colcon_core.package_identification:_identify(src/dingo_utilities) by extensions ['ros']
[0.285s] Level 1:colcon.colcon_core.package_identification:_identify(src/dingo_utilities) by extension 'ros'
[0.285s] DEBUG:colcon.colcon_core.package_identification:Package 'src/dingo_utilities' with type 'ros.ament_python' and name 'dingo_utilities'
[0.285s] Level 1:colcon.colcon_core.package_discovery:discover_packages(recursive) using defaults
[0.285s] Level 1:colcon.colcon_core.package_discovery:discover_packages(ignore) discover
[0.285s] Level 1:colcon.colcon_core.package_discovery:discover_packages(ignore) using defaults
[0.285s] Level 1:colcon.colcon_core.package_discovery:discover_packages(path) discover
[0.285s] Level 1:colcon.colcon_core.package_discovery:discover_packages(path) using defaults
[0.313s] Level 1:colcon.colcon_core.package_discovery:discover_packages(prefix_path) check parameters
[0.313s] Level 1:colcon.colcon_core.package_discovery:discover_packages(prefix_path) discover
[0.315s] DEBUG:colcon.colcon_installed_package_information.package_discovery:Found 5 installed packages in /home/robogames/vt-cro/robogames_pi/car_robot_ws/install
[0.319s] DEBUG:colcon.colcon_installed_package_information.package_discovery:Found 492 installed packages in /opt/ros/jazzy
[0.320s] Level 1:colcon.colcon_core.package_discovery:discover_packages(prefix_path) using defaults
[0.443s] Level 5:colcon.colcon_core.verb:set package 'dingo' build argument 'cmake_args' from command line to 'None'
[0.443s] Level 5:colcon.colcon_core.verb:set package 'dingo' build argument 'cmake_target' from command line to 'None'
[0.443s] Level 5:colcon.colcon_core.verb:set package 'dingo' build argument 'cmake_target_skip_unavailable' from command line to 'False'
[0.443s] Level 5:colcon.colcon_core.verb:set package 'dingo' build argument 'cmake_clean_cache' from command line to 'False'
[0.443s] Level 5:colcon.colcon_core.verb:set package 'dingo' build argument 'cmake_clean_first' from command line to 'False'
[0.443s] Level 5:colcon.colcon_core.verb:set package 'dingo' build argument 'cmake_force_configure' from command line to 'False'
[0.443s] Level 5:colcon.colcon_core.verb:set package 'dingo' build argument 'ament_cmake_args' from command line to 'None'
[0.443s] Level 5:colcon.colcon_core.verb:set package 'dingo' build argument 'catkin_cmake_args' from command line to 'None'
[0.443s] Level 5:colcon.colcon_core.verb:set package 'dingo' build argument 'catkin_skip_building_tests' from command line to 'False'
[0.444s] DEBUG:colcon.colcon_core.verb:Building package 'dingo' with the following arguments: {'ament_cmake_args': None, 'build_base': '/home/robogames/Desktop/Dog/dingo_ws/build/dingo', 'catkin_cmake_args': None, 'catkin_skip_building_tests': False, 'cmake_args': None, 'cmake_clean_cache': False, 'cmake_clean_first': False, 'cmake_force_configure': False, 'cmake_target': None, 'cmake_target_skip_unavailable': False, 'install_base': '/home/robogames/Desktop/Dog/dingo_ws/install/dingo', 'merge_install': False, 'path': '/home/robogames/Desktop/Dog/dingo_ws/src/dingo', 'symlink_install': False, 'test_result_base': None}
[0.444s] Level 5:colcon.colcon_core.verb:set package 'dingo_control' build argument 'cmake_args' from command line to 'None'
[0.444s] Level 5:colcon.colcon_core.verb:set package 'dingo_control' build argument 'cmake_target' from command line to 'None'
[0.444s] Level 5:colcon.colcon_core.verb:set package 'dingo_control' build argument 'cmake_target_skip_unavailable' from command line to 'False'
[0.444s] Level 5:colcon.colcon_core.verb:set package 'dingo_control' build argument 'cmake_clean_cache' from command line to 'False'
[0.444s] Level 5:colcon.colcon_core.verb:set package 'dingo_control' build argument 'cmake_clean_first' from command line to 'False'
[0.444s] Level 5:colcon.colcon_core.verb:set package 'dingo_control' build argument 'cmake_force_configure' from command line to 'False'
[0.444s] Level 5:colcon.colcon_core.verb:set package 'dingo_control' build argument 'ament_cmake_args' from command line to 'None'
[0.444s] Level 5:colcon.colcon_core.verb:set package 'dingo_control' build argument 'catkin_cmake_args' from command line to 'None'
[0.444s] Level 5:colcon.colcon_core.verb:set package 'dingo_control' build argument 'catkin_skip_building_tests' from command line to 'False'
[0.444s] DEBUG:colcon.colcon_core.verb:Building package 'dingo_control' with the following arguments: {'ament_cmake_args': None, 'build_base': '/home/robogames/Desktop/Dog/dingo_ws/build/dingo_control', 'catkin_cmake_args': None, 'catkin_skip_building_tests': False, 'cmake_args': None, 'cmake_clean_cache': False, 'cmake_clean_first': False, 'cmake_force_configure': False, 'cmake_target': None, 'cmake_target_skip_unavailable': False, 'install_base': '/home/robogames/Desktop/Dog/dingo_ws/install/dingo_control', 'merge_install': False, 'path': '/home/robogames/Desktop/Dog/dingo_ws/src/dingo_control', 'symlink_install': False, 'test_result_base': None}
[0.444s] Level 5:colcon.colcon_core.verb:set package 'dingo_description' build argument 'cmake_args' from command line to 'None'
[0.444s] Level 5:colcon.colcon_core.verb:set package 'dingo_description' build argument 'cmake_target' from command line to 'None'
[0.444s] Level 5:colcon.colcon_core.verb:set package 'dingo_description' build argument 'cmake_target_skip_unavailable' from command line to 'False'
[0.445s] Level 5:colcon.colcon_core.verb:set package 'dingo_description' build argument 'cmake_clean_cache' from command line to 'False'
[0.445s] Level 5:colcon.colcon_core.verb:set package 'dingo_description' build argument 'cmake_clean_first' from command line to 'False'
[0.445s] Level 5:colcon.colcon_core.verb:set package 'dingo_description' build argument 'cmake_force_configure' from command line to 'False'
[0.445s] Level 5:colcon.colcon_core.verb:set package 'dingo_description' build argument 'ament_cmake_args' from command line to 'None'
[0.445s] Level 5:colcon.colcon_core.verb:set package 'dingo_description' build argument 'catkin_cmake_args' from command line to 'None'
[0.445s] Level 5:colcon.colcon_core.verb:set package 'dingo_description' build argument 'catkin_skip_building_tests' from command line to 'False'
[0.445s] DEBUG:colcon.colcon_core.verb:Building package 'dingo_description' with the following arguments: {'ament_cmake_args': None, 'build_base': '/home/robogames/Desktop/Dog/dingo_ws/build/dingo_description', 'catkin_cmake_args': None, 'catkin_skip_building_tests': False, 'cmake_args': None, 'cmake_clean_cache': False, 'cmake_clean_first': False, 'cmake_force_configure': False, 'cmake_target': None, 'cmake_target_skip_unavailable': False, 'install_base': '/home/robogames/Desktop/Dog/dingo_ws/install/dingo_description', 'merge_install': False, 'path': '/home/robogames/Desktop/Dog/dingo_ws/src/dingo_description', 'symlink_install': False, 'test_result_base': None}
[0.445s] Level 5:colcon.colcon_core.verb:set package 'dingo_gazebo' build argument 'cmake_args' from command line to 'None'
[0.445s] Level 5:colcon.colcon_core.verb:set package 'dingo_gazebo' build argument 'cmake_target' from command line to 'None'
[0.445s] Level 5:colcon.colcon_core.verb:set package 'dingo_gazebo' build argument 'cmake_target_skip_unavailable' from command line to 'False'
[0.445s] Level 5:colcon.colcon_core.verb:set package 'dingo_gazebo' build argument 'cmake_clean_cache' from command line to 'False'
[0.445s] Level 5:colcon.colcon_core.verb:set package 'dingo_gazebo' build argument 'cmake_clean_first' from command line to 'False'
[0.445s] Level 5:colcon.colcon_core.verb:set package 'dingo_gazebo' build argument 'cmake_force_configure' from command line to 'False'
[0.445s] Level 5:colcon.colcon_core.verb:set package 'dingo_gazebo' build argument 'ament_cmake_args' from command line to 'None'
[0.445s] Level 5:colcon.colcon_core.verb:set package 'dingo_gazebo' build argument 'catkin_cmake_args' from command line to 'None'
[0.445s] Level 5:colcon.colcon_core.verb:set package 'dingo_gazebo' build argument 'catkin_skip_building_tests' from command line to 'False'
[0.445s] DEBUG:colcon.colcon_core.verb:Building package 'dingo_gazebo' with the following arguments: {'ament_cmake_args': None, 'build_base': '/home/robogames/Desktop/Dog/dingo_ws/build/dingo_gazebo', 'catkin_cmake_args': None, 'catkin_skip_building_tests': False, 'cmake_args': None, 'cmake_clean_cache': False, 'cmake_clean_first': False, 'cmake_force_configure': False, 'cmake_target': None, 'cmake_target_skip_unavailable': False, 'install_base': '/home/robogames/Desktop/Dog/dingo_ws/install/dingo_gazebo', 'merge_install': False, 'path': '/home/robogames/Desktop/Dog/dingo_ws/src/dingo_gazebo', 'symlink_install': False, 'test_result_base': None}
[0.445s] Level 5:colcon.colcon_core.verb:set package 'dingo_input_interfacing' build argument 'cmake_args' from command line to 'None'
[0.446s] Level 5:colcon.colcon_core.verb:set package 'dingo_input_interfacing' build argument 'cmake_target' from command line to 'None'
[0.446s] Level 5:colcon.colcon_core.verb:set package 'dingo_input_interfacing' build argument 'cmake_target_skip_unavailable' from command line to 'False'
[0.446s] Level 5:colcon.colcon_core.verb:set package 'dingo_input_interfacing' build argument 'cmake_clean_cache' from command line to 'False'
[0.446s] Level 5:colcon.colcon_core.verb:set package 'dingo_input_interfacing' build argument 'cmake_clean_first' from command line to 'False'
[0.446s] Level 5:colcon.colcon_core.verb:set package 'dingo_input_interfacing' build argument 'cmake_force_configure' from command line to 'False'
[0.446s] Level 5:colcon.colcon_core.verb:set package 'dingo_input_interfacing' build argument 'ament_cmake_args' from command line to 'None'
[0.446s] Level 5:colcon.colcon_core.verb:set package 'dingo_input_interfacing' build argument 'catkin_cmake_args' from command line to 'None'
[0.446s] Level 5:colcon.colcon_core.verb:set package 'dingo_input_interfacing' build argument 'catkin_skip_building_tests' from command line to 'False'
[0.446s] DEBUG:colcon.colcon_core.verb:Building package 'dingo_input_interfacing' with the following arguments: {'ament_cmake_args': None, 'build_base': '/home/robogames/Desktop/Dog/dingo_ws/build/dingo_input_interfacing', 'catkin_cmake_args': None, 'catkin_skip_building_tests': False, 'cmake_args': None, 'cmake_clean_cache': False, 'cmake_clean_first': False, 'cmake_force_configure': False, 'cmake_target': None, 'cmake_target_skip_unavailable': False, 'install_base': '/home/robogames/Desktop/Dog/dingo_ws/install/dingo_input_interfacing', 'merge_install': False, 'path': '/home/robogames/Desktop/Dog/dingo_ws/src/dingo_input_interfacing', 'symlink_install': False, 'test_result_base': None}
[0.446s] Level 5:colcon.colcon_core.verb:set package 'dingo_msgs' build argument 'cmake_args' from command line to 'None'
[0.446s] Level 5:colcon.colcon_core.verb:set package 'dingo_msgs' build argument 'cmake_target' from command line to 'None'
[0.446s] Level 5:colcon.colcon_core.verb:set package 'dingo_msgs' build argument 'cmake_target_skip_unavailable' from command line to 'False'
[0.446s] Level 5:colcon.colcon_core.verb:set package 'dingo_msgs' build argument 'cmake_clean_cache' from command line to 'False'
[0.446s] Level 5:colcon.colcon_core.verb:set package 'dingo_msgs' build argument 'cmake_clean_first' from command line to 'False'
[0.446s] Level 5:colcon.colcon_core.verb:set package 'dingo_msgs' build argument 'cmake_force_configure' from command line to 'False'
[0.446s] Level 5:colcon.colcon_core.verb:set package 'dingo_msgs' build argument 'ament_cmake_args' from command line to 'None'
[0.446s] Level 5:colcon.colcon_core.verb:set package 'dingo_msgs' build argument 'catkin_cmake_args' from command line to 'None'
[0.446s] Level 5:colcon.colcon_core.verb:set package 'dingo_msgs' build argument 'catkin_skip_building_tests' from command line to 'False'
[0.446s] DEBUG:colcon.colcon_core.verb:Building package 'dingo_msgs' with the following arguments: {'ament_cmake_args': None, 'build_base': '/home/robogames/Desktop/Dog/dingo_ws/build/dingo_msgs', 'catkin_cmake_args': None, 'catkin_skip_building_tests': False, 'cmake_args': None, 'cmake_clean_cache': False, 'cmake_clean_first': False, 'cmake_force_configure': False, 'cmake_target': None, 'cmake_target_skip_unavailable': False, 'install_base': '/home/robogames/Desktop/Dog/dingo_ws/install/dingo_msgs', 'merge_install': False, 'path': '/home/robogames/Desktop/Dog/dingo_ws/src/dingo_msgs', 'symlink_install': False, 'test_result_base': None}
[0.447s] Level 5:colcon.colcon_core.verb:set package 'dingo_peripheral_interfacing' build argument 'cmake_args' from command line to 'None'
[0.447s] Level 5:colcon.colcon_core.verb:set package 'dingo_peripheral_interfacing' build argument 'cmake_target' from command line to 'None'
[0.447s] Level 5:colcon.colcon_core.verb:set package 'dingo_peripheral_interfacing' build argument 'cmake_target_skip_unavailable' from command line to 'False'
[0.447s] Level 5:colcon.colcon_core.verb:set package 'dingo_peripheral_interfacing' build argument 'cmake_clean_cache' from command line to 'False'
[0.447s] Level 5:colcon.colcon_core.verb:set package 'dingo_peripheral_interfacing' build argument 'cmake_clean_first' from command line to 'False'
[0.447s] Level 5:colcon.colcon_core.verb:set package 'dingo_peripheral_interfacing' build argument 'cmake_force_configure' from command line to 'False'
[0.447s] Level 5:colcon.colcon_core.verb:set package 'dingo_peripheral_interfacing' build argument 'ament_cmake_args' from command line to 'None'
[0.447s] Level 5:colcon.colcon_core.verb:set package 'dingo_peripheral_interfacing' build argument 'catkin_cmake_args' from command line to 'None'
[0.447s] Level 5:colcon.colcon_core.verb:set package 'dingo_peripheral_interfacing' build argument 'catkin_skip_building_tests' from command line to 'False'
[0.447s] DEBUG:colcon.colcon_core.verb:Building package 'dingo_peripheral_interfacing' with the following arguments: {'ament_cmake_args': None, 'build_base': '/home/robogames/Desktop/Dog/dingo_ws/build/dingo_peripheral_interfacing', 'catkin_cmake_args': None, 'catkin_skip_building_tests': False, 'cmake_args': None, 'cmake_clean_cache': False, 'cmake_clean_first': False, 'cmake_force_configure': False, 'cmake_target': None, 'cmake_target_skip_unavailable': False, 'install_base': '/home/robogames/Desktop/Dog/dingo_ws/install/dingo_peripheral_interfacing', 'merge_install': False, 'path': '/home/robogames/Desktop/Dog/dingo_ws/src/dingo_peripheral_interfacing', 'symlink_install': False, 'test_result_base': None}
[0.447s] Level 5:colcon.colcon_core.verb:set package 'dingo_servo_interfacing' build argument 'cmake_args' from command line to 'None'
[0.447s] Level 5:colcon.colcon_core.verb:set package 'dingo_servo_interfacing' build argument 'cmake_target' from command line to 'None'
[0.447s] Level 5:colcon.colcon_core.verb:set package 'dingo_servo_interfacing' build argument 'cmake_target_skip_unavailable' from command line to 'False'
[0.447s] Level 5:colcon.colcon_core.verb:set package 'dingo_servo_interfacing' build argument 'cmake_clean_cache' from command line to 'False'
[0.447s] Level 5:colcon.colcon_core.verb:set package 'dingo_servo_interfacing' build argument 'cmake_clean_first' from command line to 'False'
[0.447s] Level 5:colcon.colcon_core.verb:set package 'dingo_servo_interfacing' build argument 'cmake_force_configure' from command line to 'False'
[0.447s] Level 5:colcon.colcon_core.verb:set package 'dingo_servo_interfacing' build argument 'ament_cmake_args' from command line to 'None'
[0.447s] Level 5:colcon.colcon_core.verb:set package 'dingo_servo_interfacing' build argument 'catkin_cmake_args' from command line to 'None'
[0.447s] Level 5:colcon.colcon_core.verb:set package 'dingo_servo_interfacing' build argument 'catkin_skip_building_tests' from command line to 'False'
[0.447s] DEBUG:colcon.colcon_core.verb:Building package 'dingo_servo_interfacing' with the following arguments: {'ament_cmake_args': None, 'build_base': '/home/robogames/Desktop/Dog/dingo_ws/build/dingo_servo_interfacing', 'catkin_cmake_args': None, 'catkin_skip_building_tests': False, 'cmake_args': None, 'cmake_clean_cache': False, 'cmake_clean_first': False, 'cmake_force_configure': False, 'cmake_target': None, 'cmake_target_skip_unavailable': False, 'install_base': '/home/robogames/Desktop/Dog/dingo_ws/install/dingo_servo_interfacing', 'merge_install': False, 'path': '/home/robogames/Desktop/Dog/dingo_ws/src/dingo_servo_interfacing', 'symlink_install': False, 'test_result_base': None}
[0.448s] Level 5:colcon.colcon_core.verb:set package 'dingo_utilities' build argument 'cmake_args' from command line to 'None'
[0.448s] Level 5:colcon.colcon_core.verb:set package 'dingo_utilities' build argument 'cmake_target' from command line to 'None'
[0.448s] Level 5:colcon.colcon_core.verb:set package 'dingo_utilities' build argument 'cmake_target_skip_unavailable' from command line to 'False'
[0.448s] Level 5:colcon.colcon_core.verb:set package 'dingo_utilities' build argument 'cmake_clean_cache' from command line to 'False'
[0.448s] Level 5:colcon.colcon_core.verb:set package 'dingo_utilities' build argument 'cmake_clean_first' from command line to 'False'
[0.448s] Level 5:colcon.colcon_core.verb:set package 'dingo_utilities' build argument 'cmake_force_configure' from command line to 'False'
[0.448s] Level 5:colcon.colcon_core.verb:set package 'dingo_utilities' build argument 'ament_cmake_args' from command line to 'None'
[0.448s] Level 5:colcon.colcon_core.verb:set package 'dingo_utilities' build argument 'catkin_cmake_args' from command line to 'None'
[0.448s] Level 5:colcon.colcon_core.verb:set package 'dingo_utilities' build argument 'catkin_skip_building_tests' from command line to 'False'
[0.448s] DEBUG:colcon.colcon_core.verb:Building package 'dingo_utilities' with the following arguments: {'ament_cmake_args': None, 'build_base': '/home/robogames/Desktop/Dog/dingo_ws/build/dingo_utilities', 'catkin_cmake_args': None, 'catkin_skip_building_tests': False, 'cmake_args': None, 'cmake_clean_cache': False, 'cmake_clean_first': False, 'cmake_force_configure': False, 'cmake_target': None, 'cmake_target_skip_unavailable': False, 'install_base': '/home/robogames/Desktop/Dog/dingo_ws/install/dingo_utilities', 'merge_install': False, 'path': '/home/robogames/Desktop/Dog/dingo_ws/src/dingo_utilities', 'symlink_install': False, 'test_result_base': None}
[0.448s] INFO:colcon.colcon_core.executor:Executing jobs using 'parallel' executor
[0.449s] DEBUG:colcon.colcon_parallel_executor.executor.parallel:run_until_complete
[0.449s] INFO:colcon.colcon_ros.task.ament_python.build:Building ROS package in '/home/robogames/Desktop/Dog/dingo_ws/src/dingo' with build type 'ament_python'
[0.450s] Level 1:colcon.colcon_core.shell:create_environment_hook('dingo', 'ament_prefix_path')
[0.455s] INFO:colcon.colcon_core.plugin_system:Skipping extension 'colcon_core.shell.bat': Not used on non-Windows systems
[0.455s] INFO:colcon.colcon_core.shell:Creating environment hook '/home/robogames/Desktop/Dog/dingo_ws/install/dingo/share/dingo/hook/ament_prefix_path.ps1'
[0.457s] INFO:colcon.colcon_core.shell:Creating environment descriptor '/home/robogames/Desktop/Dog/dingo_ws/install/dingo/share/dingo/hook/ament_prefix_path.dsv'
[0.460s] INFO:colcon.colcon_core.shell:Creating environment hook '/home/robogames/Desktop/Dog/dingo_ws/install/dingo/share/dingo/hook/ament_prefix_path.sh'
[0.463s] INFO:colcon.colcon_core.shell:Skip shell extension 'powershell' for command environment: Not usable outside of PowerShell
[0.463s] DEBUG:colcon.colcon_core.shell:Skip shell extension 'dsv' for command environment
[0.471s] INFO:colcon.colcon_ros.task.ament_python.build:Building ROS package in '/home/robogames/Desktop/Dog/dingo_ws/src/dingo_control' with build type 'ament_python'
[0.472s] Level 1:colcon.colcon_core.shell:create_environment_hook('dingo_control', 'ament_prefix_path')
[0.472s] INFO:colcon.colcon_core.shell:Creating environment hook '/home/robogames/Desktop/Dog/dingo_ws/install/dingo_control/share/dingo_control/hook/ament_prefix_path.ps1'
[0.474s] INFO:colcon.colcon_core.shell:Creating environment descriptor '/home/robogames/Desktop/Dog/dingo_ws/install/dingo_control/share/dingo_control/hook/ament_prefix_path.dsv'
[0.476s] INFO:colcon.colcon_core.shell:Creating environment hook '/home/robogames/Desktop/Dog/dingo_ws/install/dingo_control/share/dingo_control/hook/ament_prefix_path.sh'
[0.478s] INFO:colcon.colcon_core.shell:Skip shell extension 'powershell' for command environment: Not usable outside of PowerShell
[0.478s] DEBUG:colcon.colcon_core.shell:Skip shell extension 'dsv' for command environment
[0.485s] INFO:colcon.colcon_ros.task.ament_python.build:Building ROS package in '/home/robogames/Desktop/Dog/dingo_ws/src/dingo_description' with build type 'ament_python'
[0.485s] Level 1:colcon.colcon_core.shell:create_environment_hook('dingo_description', 'ament_prefix_path')
[0.486s] INFO:colcon.colcon_core.shell:Creating environment hook '/home/robogames/Desktop/Dog/dingo_ws/install/dingo_description/share/dingo_description/hook/ament_prefix_path.ps1'
[0.490s] INFO:colcon.colcon_core.shell:Creating environment descriptor '/home/robogames/Desktop/Dog/dingo_ws/install/dingo_description/share/dingo_description/hook/ament_prefix_path.dsv'
[0.491s] INFO:colcon.colcon_core.shell:Creating environment hook '/home/robogames/Desktop/Dog/dingo_ws/install/dingo_description/share/dingo_description/hook/ament_prefix_path.sh'
[0.492s] INFO:colcon.colcon_core.shell:Skip shell extension 'powershell' for command environment: Not usable outside of PowerShell
[0.492s] DEBUG:colcon.colcon_core.shell:Skip shell extension 'dsv' for command environment
[0.499s] INFO:colcon.colcon_ros.task.ament_python.build:Building ROS package in '/home/robogames/Desktop/Dog/dingo_ws/src/dingo_gazebo' with build type 'ament_python'
[0.499s] Level 1:colcon.colcon_core.shell:create_environment_hook('dingo_gazebo', 'ament_prefix_path')
[0.500s] INFO:colcon.colcon_core.shell:Creating environment hook '/home/robogames/Desktop/Dog/dingo_ws/install/dingo_gazebo/share/dingo_gazebo/hook/ament_prefix_path.ps1'
[0.502s] INFO:colcon.colcon_core.shell:Creating environment descriptor '/home/robogames/Desktop/Dog/dingo_ws/install/dingo_gazebo/share/dingo_gazebo/hook/ament_prefix_path.dsv'
[0.503s] INFO:colcon.colcon_core.shell:Creating environment hook '/home/robogames/Desktop/Dog/dingo_ws/install/dingo_gazebo/share/dingo_gazebo/hook/ament_prefix_path.sh'
[0.504s] INFO:colcon.colcon_core.shell:Skip shell extension 'powershell' for command environment: Not usable outside of PowerShell
[0.504s] DEBUG:colcon.colcon_core.shell:Skip shell extension 'dsv' for command environment
[0.886s] INFO:colcon.colcon_core.task.python.build:Building Python package in '/home/robogames/Desktop/Dog/dingo_ws/src/dingo'
[0.887s] INFO:colcon.colcon_core.shell:Skip shell extension 'powershell' for command environment: Not usable outside of PowerShell
[0.887s] DEBUG:colcon.colcon_core.shell:Skip shell extension 'dsv' for command environment
[1.305s] INFO:colcon.colcon_core.task.python.build:Building Python package in '/home/robogames/Desktop/Dog/dingo_ws/src/dingo_control'
[1.306s] INFO:colcon.colcon_core.shell:Skip shell extension 'powershell' for command environment: Not usable outside of PowerShell
[1.306s] DEBUG:colcon.colcon_core.shell:Skip shell extension 'dsv' for command environment
[1.683s] INFO:colcon.colcon_core.task.python.build:Building Python package in '/home/robogames/Desktop/Dog/dingo_ws/src/dingo_description'
[1.684s] INFO:colcon.colcon_core.shell:Skip shell extension 'powershell' for command environment: Not usable outside of PowerShell
[1.684s] DEBUG:colcon.colcon_core.shell:Skip shell extension 'dsv' for command environment
[2.082s] INFO:colcon.colcon_core.task.python.build:Building Python package in '/home/robogames/Desktop/Dog/dingo_ws/src/dingo_gazebo'
[2.082s] INFO:colcon.colcon_core.shell:Skip shell extension 'powershell' for command environment: Not usable outside of PowerShell
[2.082s] DEBUG:colcon.colcon_core.shell:Skip shell extension 'dsv' for command environment
[3.906s] DEBUG:colcon.colcon_core.event_handler.log_command:Invoking command in '/home/robogames/Desktop/Dog/dingo_ws/src/dingo_control': DEBUGINFOD_URLS=https://debuginfod.ubuntu.com PS1=(ros2_python_venv) \[\e]0;\u@\h: \w\a\]${debian_chroot:+($debian_chroot)}\[\033[01;32m\]\u@\h\[\033[00m\]:\[\033[01;34m\]\w\[\033[00m\]\$ PYTHONPATH=/home/robogames/Desktop/Dog/dingo_ws/build/dingo_control/prefix_override:/usr/lib/python3/dist-packages/colcon_core/task/python/colcon_distutils_commands:/home/robogames/Desktop/Dog/dingo_ws/install/dingo_control/lib/python3.12/site-packages:${PYTHONPATH} VIRTUAL_ENV_PROMPT=(ros2_python_venv) /usr/bin/python3 -W ignore:setup.py install is deprecated -W ignore:easy_install command is deprecated setup.py egg_info --egg-base ../../build/dingo_control build --build-base /home/robogames/Desktop/Dog/dingo_ws/build/dingo_control/build install --record /home/robogames/Desktop/Dog/dingo_ws/build/dingo_control/install.log --single-version-externally-managed install_data
[3.915s] DEBUG:colcon.colcon_core.event_handler.log_command:Invoking command in '/home/robogames/Desktop/Dog/dingo_ws/src/dingo_description': DEBUGINFOD_URLS=https://debuginfod.ubuntu.com PS1=(ros2_python_venv) \[\e]0;\u@\h: \w\a\]${debian_chroot:+($debian_chroot)}\[\033[01;32m\]\u@\h\[\033[00m\]:\[\033[01;34m\]\w\[\033[00m\]\$ PYTHONPATH=/home/robogames/Desktop/Dog/dingo_ws/build/dingo_description/prefix_override:/usr/lib/python3/dist-packages/colcon_core/task/python/colcon_distutils_commands:/home/robogames/Desktop/Dog/dingo_ws/install/dingo_description/lib/python3.12/site-packages:${PYTHONPATH} VIRTUAL_ENV_PROMPT=(ros2_python_venv) /usr/bin/python3 -W ignore:setup.py install is deprecated -W ignore:easy_install command is deprecated setup.py egg_info --egg-base ../../build/dingo_description build --build-base /home/robogames/Desktop/Dog/dingo_ws/build/dingo_description/build install --record /home/robogames/Desktop/Dog/dingo_ws/build/dingo_description/install.log --single-version-externally-managed install_data
[3.918s] DEBUG:colcon.colcon_core.event_handler.log_command:Invoking command in '/home/robogames/Desktop/Dog/dingo_ws/src/dingo_gazebo': DEBUGINFOD_URLS=https://debuginfod.ubuntu.com PS1=(ros2_python_venv) \[\e]0;\u@\h: \w\a\]${debian_chroot:+($debian_chroot)}\[\033[01;32m\]\u@\h\[\033[00m\]:\[\033[01;34m\]\w\[\033[00m\]\$ PYTHONPATH=/home/robogames/Desktop/Dog/dingo_ws/build/dingo_gazebo/prefix_override:/usr/lib/python3/dist-packages/colcon_core/task/python/colcon_distutils_commands:/home/robogames/Desktop/Dog/dingo_ws/install/dingo_gazebo/lib/python3.12/site-packages:${PYTHONPATH} VIRTUAL_ENV_PROMPT=(ros2_python_venv) /usr/bin/python3 -W ignore:setup.py install is deprecated -W ignore:easy_install command is deprecated setup.py egg_info --egg-base ../../build/dingo_gazebo build --build-base /home/robogames/Desktop/Dog/dingo_ws/build/dingo_gazebo/build install --record /home/robogames/Desktop/Dog/dingo_ws/build/dingo_gazebo/install.log --single-version-externally-managed install_data
[3.922s] DEBUG:colcon.colcon_core.event_handler.log_command:Invoking command in '/home/robogames/Desktop/Dog/dingo_ws/src/dingo': DEBUGINFOD_URLS=https://debuginfod.ubuntu.com PS1=(ros2_python_venv) \[\e]0;\u@\h: \w\a\]${debian_chroot:+($debian_chroot)}\[\033[01;32m\]\u@\h\[\033[00m\]:\[\033[01;34m\]\w\[\033[00m\]\$ PYTHONPATH=/home/robogames/Desktop/Dog/dingo_ws/build/dingo/prefix_override:/usr/lib/python3/dist-packages/colcon_core/task/python/colcon_distutils_commands:/home/robogames/Desktop/Dog/dingo_ws/install/dingo/lib/python3.12/site-packages:${PYTHONPATH} VIRTUAL_ENV_PROMPT=(ros2_python_venv) /usr/bin/python3 -W ignore:setup.py install is deprecated -W ignore:easy_install command is deprecated setup.py egg_info --egg-base ../../build/dingo build --build-base /home/robogames/Desktop/Dog/dingo_ws/build/dingo/build install --record /home/robogames/Desktop/Dog/dingo_ws/build/dingo/install.log --single-version-externally-managed install_data
[5.135s] DEBUG:colcon.colcon_core.event_handler.log_command:Invoked command in '/home/robogames/Desktop/Dog/dingo_ws/src/dingo_control' returned '0': DEBUGINFOD_URLS=https://debuginfod.ubuntu.com PS1=(ros2_python_venv) \[\e]0;\u@\h: \w\a\]${debian_chroot:+($debian_chroot)}\[\033[01;32m\]\u@\h\[\033[00m\]:\[\033[01;34m\]\w\[\033[00m\]\$ PYTHONPATH=/home/robogames/Desktop/Dog/dingo_ws/build/dingo_control/prefix_override:/usr/lib/python3/dist-packages/colcon_core/task/python/colcon_distutils_commands:/home/robogames/Desktop/Dog/dingo_ws/install/dingo_control/lib/python3.12/site-packages:${PYTHONPATH} VIRTUAL_ENV_PROMPT=(ros2_python_venv) /usr/bin/python3 -W ignore:setup.py install is deprecated -W ignore:easy_install command is deprecated setup.py egg_info --egg-base ../../build/dingo_control build --build-base /home/robogames/Desktop/Dog/dingo_ws/build/dingo_control/build install --record /home/robogames/Desktop/Dog/dingo_ws/build/dingo_control/install.log --single-version-externally-managed install_data
[5.148s] Level 1:colcon.colcon_core.environment:checking '/home/robogames/Desktop/Dog/dingo_ws/install/dingo_control' for CMake module files
[5.149s] Level 1:colcon.colcon_core.environment:checking '/home/robogames/Desktop/Dog/dingo_ws/install/dingo_control' for CMake config files
[5.151s] Level 1:colcon.colcon_core.environment:checking '/home/robogames/Desktop/Dog/dingo_ws/install/dingo_control/lib'
[5.151s] Level 1:colcon.colcon_core.environment:checking '/home/robogames/Desktop/Dog/dingo_ws/install/dingo_control/bin'
[5.151s] Level 1:colcon.colcon_core.environment:checking '/home/robogames/Desktop/Dog/dingo_ws/install/dingo_control/lib/pkgconfig/dingo_control.pc'
[5.151s] Level 1:colcon.colcon_core.environment:checking '/home/robogames/Desktop/Dog/dingo_ws/install/dingo_control/lib/python3.12/site-packages'
[5.152s] Level 1:colcon.colcon_core.shell:create_environment_hook('dingo_control', 'pythonpath')
[5.152s] INFO:colcon.colcon_core.shell:Creating environment hook '/home/robogames/Desktop/Dog/dingo_ws/install/dingo_control/share/dingo_control/hook/pythonpath.ps1'
[5.153s] INFO:colcon.colcon_core.shell:Creating environment descriptor '/home/robogames/Desktop/Dog/dingo_ws/install/dingo_control/share/dingo_control/hook/pythonpath.dsv'
[5.155s] INFO:colcon.colcon_core.shell:Creating environment hook '/home/robogames/Desktop/Dog/dingo_ws/install/dingo_control/share/dingo_control/hook/pythonpath.sh'
[5.156s] Level 1:colcon.colcon_core.environment:checking '/home/robogames/Desktop/Dog/dingo_ws/install/dingo_control/bin'
[5.156s] Level 1:colcon.colcon_core.environment:create_environment_scripts_only(dingo_control)
[5.157s] INFO:colcon.colcon_core.shell:Creating package script '/home/robogames/Desktop/Dog/dingo_ws/install/dingo_control/share/dingo_control/package.ps1'
[5.159s] INFO:colcon.colcon_core.shell:Creating package descriptor '/home/robogames/Desktop/Dog/dingo_ws/install/dingo_control/share/dingo_control/package.dsv'
[5.162s] INFO:colcon.colcon_core.shell:Creating package script '/home/robogames/Desktop/Dog/dingo_ws/install/dingo_control/share/dingo_control/package.sh'
[5.165s] INFO:colcon.colcon_core.shell:Creating package script '/home/robogames/Desktop/Dog/dingo_ws/install/dingo_control/share/dingo_control/package.bash'
[5.169s] INFO:colcon.colcon_core.shell:Creating package script '/home/robogames/Desktop/Dog/dingo_ws/install/dingo_control/share/dingo_control/package.zsh'
[5.174s] Level 1:colcon.colcon_core.environment:create_file_with_runtime_dependencies(/home/robogames/Desktop/Dog/dingo_ws/install/dingo_control/share/colcon-core/packages/dingo_control)
[5.177s] INFO:colcon.colcon_ros.task.ament_python.build:Building ROS package in '/home/robogames/Desktop/Dog/dingo_ws/src/dingo_input_interfacing' with build type 'ament_python'
[5.177s] Level 1:colcon.colcon_core.shell:create_environment_hook('dingo_input_interfacing', 'ament_prefix_path')
[5.178s] INFO:colcon.colcon_core.shell:Creating environment hook '/home/robogames/Desktop/Dog/dingo_ws/install/dingo_input_interfacing/share/dingo_input_interfacing/hook/ament_prefix_path.ps1'
[5.180s] INFO:colcon.colcon_core.shell:Creating environment descriptor '/home/robogames/Desktop/Dog/dingo_ws/install/dingo_input_interfacing/share/dingo_input_interfacing/hook/ament_prefix_path.dsv'
[5.181s] INFO:colcon.colcon_core.shell:Creating environment hook '/home/robogames/Desktop/Dog/dingo_ws/install/dingo_input_interfacing/share/dingo_input_interfacing/hook/ament_prefix_path.sh'
[5.182s] INFO:colcon.colcon_core.shell:Skip shell extension 'powershell' for command environment: Not usable outside of PowerShell
[5.182s] DEBUG:colcon.colcon_core.shell:Skip shell extension 'dsv' for command environment
[5.190s] Level 1:colcon.colcon_core.environment:checking '/home/robogames/Desktop/Dog/dingo_ws/install/dingo_gazebo' for CMake module files
[5.191s] DEBUG:colcon.colcon_core.event_handler.log_command:Invoked command in '/home/robogames/Desktop/Dog/dingo_ws/src/dingo_gazebo' returned '0': DEBUGINFOD_URLS=https://debuginfod.ubuntu.com PS1=(ros2_python_venv) \[\e]0;\u@\h: \w\a\]${debian_chroot:+($debian_chroot)}\[\033[01;32m\]\u@\h\[\033[00m\]:\[\033[01;34m\]\w\[\033[00m\]\$ PYTHONPATH=/home/robogames/Desktop/Dog/dingo_ws/build/dingo_gazebo/prefix_override:/usr/lib/python3/dist-packages/colcon_core/task/python/colcon_distutils_commands:/home/robogames/Desktop/Dog/dingo_ws/install/dingo_gazebo/lib/python3.12/site-packages:${PYTHONPATH} VIRTUAL_ENV_PROMPT=(ros2_python_venv) /usr/bin/python3 -W ignore:setup.py install is deprecated -W ignore:easy_install command is deprecated setup.py egg_info --egg-base ../../build/dingo_gazebo build --build-base /home/robogames/Desktop/Dog/dingo_ws/build/dingo_gazebo/build install --record /home/robogames/Desktop/Dog/dingo_ws/build/dingo_gazebo/install.log --single-version-externally-managed install_data
[5.192s] Level 1:colcon.colcon_core.environment:checking '/home/robogames/Desktop/Dog/dingo_ws/install/dingo_gazebo' for CMake config files
[5.194s] Level 1:colcon.colcon_core.environment:checking '/home/robogames/Desktop/Dog/dingo_ws/install/dingo_gazebo/lib'
[5.194s] Level 1:colcon.colcon_core.environment:checking '/home/robogames/Desktop/Dog/dingo_ws/install/dingo_gazebo/bin'
[5.194s] Level 1:colcon.colcon_core.environment:checking '/home/robogames/Desktop/Dog/dingo_ws/install/dingo_gazebo/lib/pkgconfig/dingo_gazebo.pc'
[5.194s] Level 1:colcon.colcon_core.environment:checking '/home/robogames/Desktop/Dog/dingo_ws/install/dingo_gazebo/lib/python3.12/site-packages'
[5.194s] Level 1:colcon.colcon_core.shell:create_environment_hook('dingo_gazebo', 'pythonpath')
[5.195s] INFO:colcon.colcon_core.shell:Creating environment hook '/home/robogames/Desktop/Dog/dingo_ws/install/dingo_gazebo/share/dingo_gazebo/hook/pythonpath.ps1'
[5.195s] INFO:colcon.colcon_core.shell:Creating environment descriptor '/home/robogames/Desktop/Dog/dingo_ws/install/dingo_gazebo/share/dingo_gazebo/hook/pythonpath.dsv'
[5.196s] INFO:colcon.colcon_core.shell:Creating environment hook '/home/robogames/Desktop/Dog/dingo_ws/install/dingo_gazebo/share/dingo_gazebo/hook/pythonpath.sh'
[5.198s] Level 1:colcon.colcon_core.environment:checking '/home/robogames/Desktop/Dog/dingo_ws/install/dingo_gazebo/bin'
[5.198s] Level 1:colcon.colcon_core.environment:create_environment_scripts_only(dingo_gazebo)
[5.198s] INFO:colcon.colcon_core.shell:Creating package script '/home/robogames/Desktop/Dog/dingo_ws/install/dingo_gazebo/share/dingo_gazebo/package.ps1'
[5.199s] INFO:colcon.colcon_core.shell:Creating package descriptor '/home/robogames/Desktop/Dog/dingo_ws/install/dingo_gazebo/share/dingo_gazebo/package.dsv'
[5.201s] INFO:colcon.colcon_core.shell:Creating package script '/home/robogames/Desktop/Dog/dingo_ws/install/dingo_gazebo/share/dingo_gazebo/package.sh'
[5.202s] INFO:colcon.colcon_core.shell:Creating package script '/home/robogames/Desktop/Dog/dingo_ws/install/dingo_gazebo/share/dingo_gazebo/package.bash'
[5.203s] INFO:colcon.colcon_core.shell:Creating package script '/home/robogames/Desktop/Dog/dingo_ws/install/dingo_gazebo/share/dingo_gazebo/package.zsh'
[5.204s] Level 1:colcon.colcon_core.environment:create_file_with_runtime_dependencies(/home/robogames/Desktop/Dog/dingo_ws/install/dingo_gazebo/share/colcon-core/packages/dingo_gazebo)
[5.206s] Level 1:colcon.colcon_core.environment:checking '/home/robogames/Desktop/Dog/dingo_ws/install/dingo_description' for CMake module files
[5.207s] DEBUG:colcon.colcon_core.event_handler.log_command:Invoked command in '/home/robogames/Desktop/Dog/dingo_ws/src/dingo_description' returned '0': DEBUGINFOD_URLS=https://debuginfod.ubuntu.com PS1=(ros2_python_venv) \[\e]0;\u@\h: \w\a\]${debian_chroot:+($debian_chroot)}\[\033[01;32m\]\u@\h\[\033[00m\]:\[\033[01;34m\]\w\[\033[00m\]\$ PYTHONPATH=/home/robogames/Desktop/Dog/dingo_ws/build/dingo_description/prefix_override:/usr/lib/python3/dist-packages/colcon_core/task/python/colcon_distutils_commands:/home/robogames/Desktop/Dog/dingo_ws/install/dingo_description/lib/python3.12/site-packages:${PYTHONPATH} VIRTUAL_ENV_PROMPT=(ros2_python_venv) /usr/bin/python3 -W ignore:setup.py install is deprecated -W ignore:easy_install command is deprecated setup.py egg_info --egg-base ../../build/dingo_description build --build-base /home/robogames/Desktop/Dog/dingo_ws/build/dingo_description/build install --record /home/robogames/Desktop/Dog/dingo_ws/build/dingo_description/install.log --single-version-externally-managed install_data
[5.207s] Level 1:colcon.colcon_core.environment:checking '/home/robogames/Desktop/Dog/dingo_ws/install/dingo_description' for CMake config files
[5.210s] Level 1:colcon.colcon_core.environment:checking '/home/robogames/Desktop/Dog/dingo_ws/install/dingo_description/lib'
[5.210s] Level 1:colcon.colcon_core.environment:checking '/home/robogames/Desktop/Dog/dingo_ws/install/dingo_description/bin'
[5.210s] Level 1:colcon.colcon_core.environment:checking '/home/robogames/Desktop/Dog/dingo_ws/install/dingo_description/lib/pkgconfig/dingo_description.pc'
[5.210s] Level 1:colcon.colcon_core.environment:checking '/home/robogames/Desktop/Dog/dingo_ws/install/dingo_description/lib/python3.12/site-packages'
[5.210s] Level 1:colcon.colcon_core.shell:create_environment_hook('dingo_description', 'pythonpath')
[5.211s] INFO:colcon.colcon_core.shell:Creating environment hook '/home/robogames/Desktop/Dog/dingo_ws/install/dingo_description/share/dingo_description/hook/pythonpath.ps1'
[5.211s] INFO:colcon.colcon_core.shell:Creating environment descriptor '/home/robogames/Desktop/Dog/dingo_ws/install/dingo_description/share/dingo_description/hook/pythonpath.dsv'
[5.213s] INFO:colcon.colcon_core.shell:Creating environment hook '/home/robogames/Desktop/Dog/dingo_ws/install/dingo_description/share/dingo_description/hook/pythonpath.sh'
[5.215s] Level 1:colcon.colcon_core.environment:checking '/home/robogames/Desktop/Dog/dingo_ws/install/dingo_description/bin'
[5.215s] Level 1:colcon.colcon_core.environment:create_environment_scripts_only(dingo_description)
[5.215s] INFO:colcon.colcon_core.shell:Creating package script '/home/robogames/Desktop/Dog/dingo_ws/install/dingo_description/share/dingo_description/package.ps1'
[5.216s] INFO:colcon.colcon_core.shell:Creating package descriptor '/home/robogames/Desktop/Dog/dingo_ws/install/dingo_description/share/dingo_description/package.dsv'
[5.218s] INFO:colcon.colcon_core.shell:Creating package script '/home/robogames/Desktop/Dog/dingo_ws/install/dingo_description/share/dingo_description/package.sh'
[5.219s] INFO:colcon.colcon_core.shell:Creating package script '/home/robogames/Desktop/Dog/dingo_ws/install/dingo_description/share/dingo_description/package.bash'
[5.221s] INFO:colcon.colcon_core.shell:Creating package script '/home/robogames/Desktop/Dog/dingo_ws/install/dingo_description/share/dingo_description/package.zsh'
[5.225s] Level 1:colcon.colcon_core.environment:create_file_with_runtime_dependencies(/home/robogames/Desktop/Dog/dingo_ws/install/dingo_description/share/colcon-core/packages/dingo_description)
[5.226s] INFO:colcon.colcon_ros.task.ament_cmake.build:Building ROS package in '/home/robogames/Desktop/Dog/dingo_ws/src/dingo_msgs' with build type 'ament_cmake'
[5.227s] INFO:colcon.colcon_cmake.task.cmake.build:Building CMake package in '/home/robogames/Desktop/Dog/dingo_ws/src/dingo_msgs'
[5.227s] INFO:colcon.colcon_core.shell:Skip shell extension 'powershell' for command environment: Not usable outside of PowerShell
[5.227s] DEBUG:colcon.colcon_core.shell:Skip shell extension 'dsv' for command environment
[5.235s] INFO:colcon.colcon_ros.task.ament_python.build:Building ROS package in '/home/robogames/Desktop/Dog/dingo_ws/src/dingo_peripheral_interfacing' with build type 'ament_python'
[5.235s] Level 1:colcon.colcon_core.shell:create_environment_hook('dingo_peripheral_interfacing', 'ament_prefix_path')
[5.236s] INFO:colcon.colcon_core.shell:Creating environment hook '/home/robogames/Desktop/Dog/dingo_ws/install/dingo_peripheral_interfacing/share/dingo_peripheral_interfacing/hook/ament_prefix_path.ps1'
[5.238s] INFO:colcon.colcon_core.shell:Creating environment descriptor '/home/robogames/Desktop/Dog/dingo_ws/install/dingo_peripheral_interfacing/share/dingo_peripheral_interfacing/hook/ament_prefix_path.dsv'
[5.239s] INFO:colcon.colcon_core.shell:Creating environment hook '/home/robogames/Desktop/Dog/dingo_ws/install/dingo_peripheral_interfacing/share/dingo_peripheral_interfacing/hook/ament_prefix_path.sh'
[5.240s] INFO:colcon.colcon_core.shell:Skip shell extension 'powershell' for command environment: Not usable outside of PowerShell
[5.240s] DEBUG:colcon.colcon_core.shell:Skip shell extension 'dsv' for command environment
[5.247s] Level 1:colcon.colcon_core.environment:checking '/home/robogames/Desktop/Dog/dingo_ws/install/dingo' for CMake module files
[5.248s] DEBUG:colcon.colcon_core.event_handler.log_command:Invoked command in '/home/robogames/Desktop/Dog/dingo_ws/src/dingo' returned '0': DEBUGINFOD_URLS=https://debuginfod.ubuntu.com PS1=(ros2_python_venv) \[\e]0;\u@\h: \w\a\]${debian_chroot:+($debian_chroot)}\[\033[01;32m\]\u@\h\[\033[00m\]:\[\033[01;34m\]\w\[\033[00m\]\$ PYTHONPATH=/home/robogames/Desktop/Dog/dingo_ws/build/dingo/prefix_override:/usr/lib/python3/dist-packages/colcon_core/task/python/colcon_distutils_commands:/home/robogames/Desktop/Dog/dingo_ws/install/dingo/lib/python3.12/site-packages:${PYTHONPATH} VIRTUAL_ENV_PROMPT=(ros2_python_venv) /usr/bin/python3 -W ignore:setup.py install is deprecated -W ignore:easy_install command is deprecated setup.py egg_info --egg-base ../../build/dingo build --build-base /home/robogames/Desktop/Dog/dingo_ws/build/dingo/build install --record /home/robogames/Desktop/Dog/dingo_ws/build/dingo/install.log --single-version-externally-managed install_data
[5.248s] Level 1:colcon.colcon_core.environment:checking '/home/robogames/Desktop/Dog/dingo_ws/install/dingo' for CMake config files
[5.250s] Level 1:colcon.colcon_core.environment:checking '/home/robogames/Desktop/Dog/dingo_ws/install/dingo/lib'
[5.250s] Level 1:colcon.colcon_core.environment:checking '/home/robogames/Desktop/Dog/dingo_ws/install/dingo/bin'
[5.251s] Level 1:colcon.colcon_core.environment:checking '/home/robogames/Desktop/Dog/dingo_ws/install/dingo/lib/pkgconfig/dingo.pc'
[5.251s] Level 1:colcon.colcon_core.environment:checking '/home/robogames/Desktop/Dog/dingo_ws/install/dingo/lib/python3.12/site-packages'
[5.251s] Level 1:colcon.colcon_core.shell:create_environment_hook('dingo', 'pythonpath')
[5.251s] INFO:colcon.colcon_core.shell:Creating environment hook '/home/robogames/Desktop/Dog/dingo_ws/install/dingo/share/dingo/hook/pythonpath.ps1'
[5.252s] INFO:colcon.colcon_core.shell:Creating environment descriptor '/home/robogames/Desktop/Dog/dingo_ws/install/dingo/share/dingo/hook/pythonpath.dsv'
[5.253s] INFO:colcon.colcon_core.shell:Creating environment hook '/home/robogames/Desktop/Dog/dingo_ws/install/dingo/share/dingo/hook/pythonpath.sh'
[5.255s] Level 1:colcon.colcon_core.environment:checking '/home/robogames/Desktop/Dog/dingo_ws/install/dingo/bin'
[5.255s] Level 1:colcon.colcon_core.environment:create_environment_scripts_only(dingo)
[5.255s] INFO:colcon.colcon_core.shell:Creating package script '/home/robogames/Desktop/Dog/dingo_ws/install/dingo/share/dingo/package.ps1'
[5.256s] INFO:colcon.colcon_core.shell:Creating package descriptor '/home/robogames/Desktop/Dog/dingo_ws/install/dingo/share/dingo/package.dsv'
[5.257s] INFO:colcon.colcon_core.shell:Creating package script '/home/robogames/Desktop/Dog/dingo_ws/install/dingo/share/dingo/package.sh'
[5.258s] INFO:colcon.colcon_core.shell:Creating package script '/home/robogames/Desktop/Dog/dingo_ws/install/dingo/share/dingo/package.bash'
[5.259s] INFO:colcon.colcon_core.shell:Creating package script '/home/robogames/Desktop/Dog/dingo_ws/install/dingo/share/dingo/package.zsh'
[5.261s] Level 1:colcon.colcon_core.environment:create_file_with_runtime_dependencies(/home/robogames/Desktop/Dog/dingo_ws/install/dingo/share/colcon-core/packages/dingo)
[5.638s] WARNING:colcon.colcon_ros.task.ament_python.build:Package 'dingo_input_interfacing' doesn't explicitly install a marker in the package index (colcon-ros currently does it implicitly but that fallback will be removed in the future)
[5.639s] WARNING:colcon.colcon_ros.task.ament_python.build:Package 'dingo_input_interfacing' doesn't explicitly install the 'package.xml' file (colcon-ros currently does it implicitly but that fallback will be removed in the future)
[5.640s] INFO:colcon.colcon_core.task.python.build:Building Python package in '/home/robogames/Desktop/Dog/dingo_ws/src/dingo_input_interfacing'
[5.640s] INFO:colcon.colcon_core.shell:Skip shell extension 'powershell' for command environment: Not usable outside of PowerShell
[5.640s] DEBUG:colcon.colcon_core.shell:Skip shell extension 'dsv' for command environment
[5.646s] INFO:colcon.colcon_ros.task.ament_python.build:Building ROS package in '/home/robogames/Desktop/Dog/dingo_ws/src/dingo_servo_interfacing' with build type 'ament_python'
[5.647s] Level 1:colcon.colcon_core.shell:create_environment_hook('dingo_servo_interfacing', 'ament_prefix_path')
[5.647s] INFO:colcon.colcon_core.shell:Creating environment hook '/home/robogames/Desktop/Dog/dingo_ws/install/dingo_servo_interfacing/share/dingo_servo_interfacing/hook/ament_prefix_path.ps1'
[5.649s] INFO:colcon.colcon_core.shell:Creating environment descriptor '/home/robogames/Desktop/Dog/dingo_ws/install/dingo_servo_interfacing/share/dingo_servo_interfacing/hook/ament_prefix_path.dsv'
[5.650s] INFO:colcon.colcon_core.shell:Creating environment hook '/home/robogames/Desktop/Dog/dingo_ws/install/dingo_servo_interfacing/share/dingo_servo_interfacing/hook/ament_prefix_path.sh'
[5.651s] INFO:colcon.colcon_core.shell:Skip shell extension 'powershell' for command environment: Not usable outside of PowerShell
[5.651s] DEBUG:colcon.colcon_core.shell:Skip shell extension 'dsv' for command environment
[5.665s] DEBUG:colcon.colcon_core.event_handler.log_command:Invoking command in '/home/robogames/Desktop/Dog/dingo_ws/build/dingo_msgs': CMAKE_PREFIX_PATH=/home/robogames/vt-cro/robogames_pi/car_robot_ws/install/yolov8_msgs:/home/robogames/vt-cro/robogames_pi/car_robot_ws/install/yolobot_recognition:/opt/ros/jazzy:/home/robogames/vt-cro/robogames_pi/car_robot_ws/install/serial:/home/robogames/vt-cro/robogames_pi/car_robot_ws/install/diffdrive_arduino:/home/robogames/vt-cro/robogames_pi/car_robot_ws/install/articubot_one:/opt/ros/jazzy/opt/gz_sim_vendor:/opt/ros/jazzy/opt/gz_sensors_vendor:/opt/ros/jazzy/opt/gz_physics_vendor:/opt/ros/jazzy/opt/sdformat_vendor:/opt/ros/jazzy/opt/gz_gui_vendor:/opt/ros/jazzy/opt/gz_transport_vendor:/opt/ros/jazzy/opt/gz_rendering_vendor:/opt/ros/jazzy/opt/gz_plugin_vendor:/opt/ros/jazzy/opt/gz_fuel_tools_vendor:/opt/ros/jazzy/opt/gz_msgs_vendor:/opt/ros/jazzy/opt/gz_common_vendor:/opt/ros/jazzy/opt/gz_math_vendor:/opt/ros/jazzy/opt/gz_utils_vendor:/opt/ros/jazzy/opt/gz_tools_vendor:/opt/ros/jazzy/opt/gz_ogre_next_vendor:/opt/ros/jazzy/opt/gz_dartsim_vendor:/opt/ros/jazzy/opt/gz_cmake_vendor DEBUGINFOD_URLS=https://debuginfod.ubuntu.com PS1=(ros2_python_venv) \[\e]0;\u@\h: \w\a\]${debian_chroot:+($debian_chroot)}\[\033[01;32m\]\u@\h\[\033[00m\]:\[\033[01;34m\]\w\[\033[00m\]\$ VIRTUAL_ENV_PROMPT=(ros2_python_venv) /usr/bin/cmake --build /home/robogames/Desktop/Dog/dingo_ws/build/dingo_msgs -- -j4 -l4
[6.156s] INFO:colcon.colcon_core.task.python.build:Building Python package in '/home/robogames/Desktop/Dog/dingo_ws/src/dingo_peripheral_interfacing'
[6.156s] INFO:colcon.colcon_core.shell:Skip shell extension 'powershell' for command environment: Not usable outside of PowerShell
[6.156s] DEBUG:colcon.colcon_core.shell:Skip shell extension 'dsv' for command environment
[6.627s] WARNING:colcon.colcon_ros.task.ament_python.build:Package 'dingo_servo_interfacing' doesn't explicitly install a marker in the package index (colcon-ros currently does it implicitly but that fallback will be removed in the future)
[6.628s] WARNING:colcon.colcon_ros.task.ament_python.build:Package 'dingo_servo_interfacing' doesn't explicitly install the 'package.xml' file (colcon-ros currently does it implicitly but that fallback will be removed in the future)
[6.629s] INFO:colcon.colcon_core.task.python.build:Building Python package in '/home/robogames/Desktop/Dog/dingo_ws/src/dingo_servo_interfacing'
[6.629s] INFO:colcon.colcon_core.shell:Skip shell extension 'powershell' for command environment: Not usable outside of PowerShell
[6.629s] DEBUG:colcon.colcon_core.shell:Skip shell extension 'dsv' for command environment
[6.652s] DEBUG:colcon.colcon_core.event_handler.log_command:Invoked command in '/home/robogames/Desktop/Dog/dingo_ws/build/dingo_msgs' returned '0': CMAKE_PREFIX_PATH=/home/robogames/vt-cro/robogames_pi/car_robot_ws/install/yolov8_msgs:/home/robogames/vt-cro/robogames_pi/car_robot_ws/install/yolobot_recognition:/opt/ros/jazzy:/home/robogames/vt-cro/robogames_pi/car_robot_ws/install/serial:/home/robogames/vt-cro/robogames_pi/car_robot_ws/install/diffdrive_arduino:/home/robogames/vt-cro/robogames_pi/car_robot_ws/install/articubot_one:/opt/ros/jazzy/opt/gz_sim_vendor:/opt/ros/jazzy/opt/gz_sensors_vendor:/opt/ros/jazzy/opt/gz_physics_vendor:/opt/ros/jazzy/opt/sdformat_vendor:/opt/ros/jazzy/opt/gz_gui_vendor:/opt/ros/jazzy/opt/gz_transport_vendor:/opt/ros/jazzy/opt/gz_rendering_vendor:/opt/ros/jazzy/opt/gz_plugin_vendor:/opt/ros/jazzy/opt/gz_fuel_tools_vendor:/opt/ros/jazzy/opt/gz_msgs_vendor:/opt/ros/jazzy/opt/gz_common_vendor:/opt/ros/jazzy/opt/gz_math_vendor:/opt/ros/jazzy/opt/gz_utils_vendor:/opt/ros/jazzy/opt/gz_tools_vendor:/opt/ros/jazzy/opt/gz_ogre_next_vendor:/opt/ros/jazzy/opt/gz_dartsim_vendor:/opt/ros/jazzy/opt/gz_cmake_vendor DEBUGINFOD_URLS=https://debuginfod.ubuntu.com PS1=(ros2_python_venv) \[\e]0;\u@\h: \w\a\]${debian_chroot:+($debian_chroot)}\[\033[01;32m\]\u@\h\[\033[00m\]:\[\033[01;34m\]\w\[\033[00m\]\$ VIRTUAL_ENV_PROMPT=(ros2_python_venv) /usr/bin/cmake --build /home/robogames/Desktop/Dog/dingo_ws/build/dingo_msgs -- -j4 -l4
[6.681s] DEBUG:colcon.colcon_core.event_handler.log_command:Invoking command in '/home/robogames/Desktop/Dog/dingo_ws/build/dingo_msgs': CMAKE_PREFIX_PATH=/home/robogames/vt-cro/robogames_pi/car_robot_ws/install/yolov8_msgs:/home/robogames/vt-cro/robogames_pi/car_robot_ws/install/yolobot_recognition:/opt/ros/jazzy:/home/robogames/vt-cro/robogames_pi/car_robot_ws/install/serial:/home/robogames/vt-cro/robogames_pi/car_robot_ws/install/diffdrive_arduino:/home/robogames/vt-cro/robogames_pi/car_robot_ws/install/articubot_one:/opt/ros/jazzy/opt/gz_sim_vendor:/opt/ros/jazzy/opt/gz_sensors_vendor:/opt/ros/jazzy/opt/gz_physics_vendor:/opt/ros/jazzy/opt/sdformat_vendor:/opt/ros/jazzy/opt/gz_gui_vendor:/opt/ros/jazzy/opt/gz_transport_vendor:/opt/ros/jazzy/opt/gz_rendering_vendor:/opt/ros/jazzy/opt/gz_plugin_vendor:/opt/ros/jazzy/opt/gz_fuel_tools_vendor:/opt/ros/jazzy/opt/gz_msgs_vendor:/opt/ros/jazzy/opt/gz_common_vendor:/opt/ros/jazzy/opt/gz_math_vendor:/opt/ros/jazzy/opt/gz_utils_vendor:/opt/ros/jazzy/opt/gz_tools_vendor:/opt/ros/jazzy/opt/gz_ogre_next_vendor:/opt/ros/jazzy/opt/gz_dartsim_vendor:/opt/ros/jazzy/opt/gz_cmake_vendor DEBUGINFOD_URLS=https://debuginfod.ubuntu.com PS1=(ros2_python_venv) \[\e]0;\u@\h: \w\a\]${debian_chroot:+($debian_chroot)}\[\033[01;32m\]\u@\h\[\033[00m\]:\[\033[01;34m\]\w\[\033[00m\]\$ VIRTUAL_ENV_PROMPT=(ros2_python_venv) /usr/bin/cmake --install /home/robogames/Desktop/Dog/dingo_ws/build/dingo_msgs
[6.899s] Level 1:colcon.colcon_core.environment:create_environment_scripts_only(dingo_msgs)
[6.900s] Level 1:colcon.colcon_core.environment:checking '/home/robogames/Desktop/Dog/dingo_ws/install/dingo_msgs' for CMake module files
[6.901s] Level 1:colcon.colcon_core.environment:checking '/home/robogames/Desktop/Dog/dingo_ws/install/dingo_msgs' for CMake config files
[6.901s] DEBUG:colcon.colcon_core.event_handler.log_command:Invoked command in '/home/robogames/Desktop/Dog/dingo_ws/build/dingo_msgs' returned '0': CMAKE_PREFIX_PATH=/home/robogames/vt-cro/robogames_pi/car_robot_ws/install/yolov8_msgs:/home/robogames/vt-cro/robogames_pi/car_robot_ws/install/yolobot_recognition:/opt/ros/jazzy:/home/robogames/vt-cro/robogames_pi/car_robot_ws/install/serial:/home/robogames/vt-cro/robogames_pi/car_robot_ws/install/diffdrive_arduino:/home/robogames/vt-cro/robogames_pi/car_robot_ws/install/articubot_one:/opt/ros/jazzy/opt/gz_sim_vendor:/opt/ros/jazzy/opt/gz_sensors_vendor:/opt/ros/jazzy/opt/gz_physics_vendor:/opt/ros/jazzy/opt/sdformat_vendor:/opt/ros/jazzy/opt/gz_gui_vendor:/opt/ros/jazzy/opt/gz_transport_vendor:/opt/ros/jazzy/opt/gz_rendering_vendor:/opt/ros/jazzy/opt/gz_plugin_vendor:/opt/ros/jazzy/opt/gz_fuel_tools_vendor:/opt/ros/jazzy/opt/gz_msgs_vendor:/opt/ros/jazzy/opt/gz_common_vendor:/opt/ros/jazzy/opt/gz_math_vendor:/opt/ros/jazzy/opt/gz_utils_vendor:/opt/ros/jazzy/opt/gz_tools_vendor:/opt/ros/jazzy/opt/gz_ogre_next_vendor:/opt/ros/jazzy/opt/gz_dartsim_vendor:/opt/ros/jazzy/opt/gz_cmake_vendor DEBUGINFOD_URLS=https://debuginfod.ubuntu.com PS1=(ros2_python_venv) \[\e]0;\u@\h: \w\a\]${debian_chroot:+($debian_chroot)}\[\033[01;32m\]\u@\h\[\033[00m\]:\[\033[01;34m\]\w\[\033[00m\]\$ VIRTUAL_ENV_PROMPT=(ros2_python_venv) /usr/bin/cmake --install /home/robogames/Desktop/Dog/dingo_ws/build/dingo_msgs
[6.902s] Level 1:colcon.colcon_core.shell:create_environment_hook('dingo_msgs', 'cmake_prefix_path')
[6.902s] INFO:colcon.colcon_core.shell:Creating environment hook '/home/robogames/Desktop/Dog/dingo_ws/install/dingo_msgs/share/dingo_msgs/hook/cmake_prefix_path.ps1'
[6.903s] INFO:colcon.colcon_core.shell:Creating environment descriptor '/home/robogames/Desktop/Dog/dingo_ws/install/dingo_msgs/share/dingo_msgs/hook/cmake_prefix_path.dsv'
[6.904s] INFO:colcon.colcon_core.shell:Creating environment hook '/home/robogames/Desktop/Dog/dingo_ws/install/dingo_msgs/share/dingo_msgs/hook/cmake_prefix_path.sh'
[6.906s] Level 1:colcon.colcon_core.environment:checking '/home/robogames/Desktop/Dog/dingo_ws/install/dingo_msgs/lib'
[6.906s] Level 1:colcon.colcon_core.shell:create_environment_hook('dingo_msgs', 'ld_library_path_lib')
[6.906s] INFO:colcon.colcon_core.shell:Creating environment hook '/home/robogames/Desktop/Dog/dingo_ws/install/dingo_msgs/share/dingo_msgs/hook/ld_library_path_lib.ps1'
[6.907s] INFO:colcon.colcon_core.shell:Creating environment descriptor '/home/robogames/Desktop/Dog/dingo_ws/install/dingo_msgs/share/dingo_msgs/hook/ld_library_path_lib.dsv'
[6.908s] INFO:colcon.colcon_core.shell:Creating environment hook '/home/robogames/Desktop/Dog/dingo_ws/install/dingo_msgs/share/dingo_msgs/hook/ld_library_path_lib.sh'
[6.911s] Level 1:colcon.colcon_core.environment:checking '/home/robogames/Desktop/Dog/dingo_ws/install/dingo_msgs/bin'
[6.911s] Level 1:colcon.colcon_core.environment:checking '/home/robogames/Desktop/Dog/dingo_ws/install/dingo_msgs/lib/pkgconfig/dingo_msgs.pc'
[6.912s] Level 1:colcon.colcon_core.environment:checking '/home/robogames/Desktop/Dog/dingo_ws/install/dingo_msgs/lib/python3.12/site-packages'
[6.912s] Level 1:colcon.colcon_core.shell:create_environment_hook('dingo_msgs', 'pythonpath')
[6.912s] INFO:colcon.colcon_core.shell:Creating environment hook '/home/robogames/Desktop/Dog/dingo_ws/install/dingo_msgs/share/dingo_msgs/hook/pythonpath.ps1'
[6.913s] INFO:colcon.colcon_core.shell:Creating environment descriptor '/home/robogames/Desktop/Dog/dingo_ws/install/dingo_msgs/share/dingo_msgs/hook/pythonpath.dsv'
[6.916s] INFO:colcon.colcon_core.shell:Creating environment hook '/home/robogames/Desktop/Dog/dingo_ws/install/dingo_msgs/share/dingo_msgs/hook/pythonpath.sh'
[6.917s] Level 1:colcon.colcon_core.environment:checking '/home/robogames/Desktop/Dog/dingo_ws/install/dingo_msgs/bin'
[6.918s] INFO:colcon.colcon_core.shell:Creating package script '/home/robogames/Desktop/Dog/dingo_ws/install/dingo_msgs/share/dingo_msgs/package.ps1'
[6.920s] INFO:colcon.colcon_core.shell:Creating package descriptor '/home/robogames/Desktop/Dog/dingo_ws/install/dingo_msgs/share/dingo_msgs/package.dsv'
[6.922s] INFO:colcon.colcon_core.shell:Creating package script '/home/robogames/Desktop/Dog/dingo_ws/install/dingo_msgs/share/dingo_msgs/package.sh'
[6.923s] INFO:colcon.colcon_core.shell:Creating package script '/home/robogames/Desktop/Dog/dingo_ws/install/dingo_msgs/share/dingo_msgs/package.bash'
[6.928s] INFO:colcon.colcon_core.shell:Creating package script '/home/robogames/Desktop/Dog/dingo_ws/install/dingo_msgs/share/dingo_msgs/package.zsh'
[6.928s] Level 1:colcon.colcon_core.environment:create_file_with_runtime_dependencies(/home/robogames/Desktop/Dog/dingo_ws/install/dingo_msgs/share/colcon-core/packages/dingo_msgs)
[6.931s] Level 1:colcon.colcon_core.environment:create_environment_scripts_only(dingo_msgs)
[6.931s] Level 1:colcon.colcon_core.environment:checking '/home/robogames/Desktop/Dog/dingo_ws/install/dingo_msgs' for CMake module files
[6.932s] Level 1:colcon.colcon_core.environment:checking '/home/robogames/Desktop/Dog/dingo_ws/install/dingo_msgs' for CMake config files
[6.933s] Level 1:colcon.colcon_core.shell:create_environment_hook('dingo_msgs', 'cmake_prefix_path')
[6.933s] INFO:colcon.colcon_core.shell:Creating environment hook '/home/robogames/Desktop/Dog/dingo_ws/install/dingo_msgs/share/dingo_msgs/hook/cmake_prefix_path.ps1'
[6.934s] INFO:colcon.colcon_core.shell:Creating environment descriptor '/home/robogames/Desktop/Dog/dingo_ws/install/dingo_msgs/share/dingo_msgs/hook/cmake_prefix_path.dsv'
[6.935s] INFO:colcon.colcon_core.shell:Creating environment hook '/home/robogames/Desktop/Dog/dingo_ws/install/dingo_msgs/share/dingo_msgs/hook/cmake_prefix_path.sh'
[6.936s] Level 1:colcon.colcon_core.environment:checking '/home/robogames/Desktop/Dog/dingo_ws/install/dingo_msgs/lib'
[6.936s] Level 1:colcon.colcon_core.shell:create_environment_hook('dingo_msgs', 'ld_library_path_lib')
[6.936s] INFO:colcon.colcon_core.shell:Creating environment hook '/home/robogames/Desktop/Dog/dingo_ws/install/dingo_msgs/share/dingo_msgs/hook/ld_library_path_lib.ps1'
[6.937s] INFO:colcon.colcon_core.shell:Creating environment descriptor '/home/robogames/Desktop/Dog/dingo_ws/install/dingo_msgs/share/dingo_msgs/hook/ld_library_path_lib.dsv'
[6.938s] INFO:colcon.colcon_core.shell:Creating environment hook '/home/robogames/Desktop/Dog/dingo_ws/install/dingo_msgs/share/dingo_msgs/hook/ld_library_path_lib.sh'
[6.938s] Level 1:colcon.colcon_core.environment:checking '/home/robogames/Desktop/Dog/dingo_ws/install/dingo_msgs/bin'
[6.938s] Level 1:colcon.colcon_core.environment:checking '/home/robogames/Desktop/Dog/dingo_ws/install/dingo_msgs/lib/pkgconfig/dingo_msgs.pc'
[6.939s] Level 1:colcon.colcon_core.environment:checking '/home/robogames/Desktop/Dog/dingo_ws/install/dingo_msgs/lib/python3.12/site-packages'
[6.939s] Level 1:colcon.colcon_core.shell:create_environment_hook('dingo_msgs', 'pythonpath')
[6.939s] INFO:colcon.colcon_core.shell:Creating environment hook '/home/robogames/Desktop/Dog/dingo_ws/install/dingo_msgs/share/dingo_msgs/hook/pythonpath.ps1'
[6.940s] INFO:colcon.colcon_core.shell:Creating environment descriptor '/home/robogames/Desktop/Dog/dingo_ws/install/dingo_msgs/share/dingo_msgs/hook/pythonpath.dsv'
[6.941s] INFO:colcon.colcon_core.shell:Creating environment hook '/home/robogames/Desktop/Dog/dingo_ws/install/dingo_msgs/share/dingo_msgs/hook/pythonpath.sh'
[6.943s] Level 1:colcon.colcon_core.environment:checking '/home/robogames/Desktop/Dog/dingo_ws/install/dingo_msgs/bin'
[6.943s] INFO:colcon.colcon_core.shell:Creating package script '/home/robogames/Desktop/Dog/dingo_ws/install/dingo_msgs/share/dingo_msgs/package.ps1'
[6.944s] INFO:colcon.colcon_core.shell:Creating package descriptor '/home/robogames/Desktop/Dog/dingo_ws/install/dingo_msgs/share/dingo_msgs/package.dsv'
[6.945s] INFO:colcon.colcon_core.shell:Creating package script '/home/robogames/Desktop/Dog/dingo_ws/install/dingo_msgs/share/dingo_msgs/package.sh'
[6.947s] INFO:colcon.colcon_core.shell:Creating package script '/home/robogames/Desktop/Dog/dingo_ws/install/dingo_msgs/share/dingo_msgs/package.bash'
[6.948s] INFO:colcon.colcon_core.shell:Creating package script '/home/robogames/Desktop/Dog/dingo_ws/install/dingo_msgs/share/dingo_msgs/package.zsh'
[6.949s] Level 1:colcon.colcon_core.environment:create_file_with_runtime_dependencies(/home/robogames/Desktop/Dog/dingo_ws/install/dingo_msgs/share/colcon-core/packages/dingo_msgs)
[6.951s] INFO:colcon.colcon_ros.task.ament_python.build:Building ROS package in '/home/robogames/Desktop/Dog/dingo_ws/src/dingo_utilities' with build type 'ament_python'
[6.951s] Level 1:colcon.colcon_core.shell:create_environment_hook('dingo_utilities', 'ament_prefix_path')
[6.951s] INFO:colcon.colcon_core.shell:Creating environment hook '/home/robogames/Desktop/Dog/dingo_ws/install/dingo_utilities/share/dingo_utilities/hook/ament_prefix_path.ps1'
[6.956s] INFO:colcon.colcon_core.shell:Creating environment descriptor '/home/robogames/Desktop/Dog/dingo_ws/install/dingo_utilities/share/dingo_utilities/hook/ament_prefix_path.dsv'
[6.957s] INFO:colcon.colcon_core.shell:Creating environment hook '/home/robogames/Desktop/Dog/dingo_ws/install/dingo_utilities/share/dingo_utilities/hook/ament_prefix_path.sh'
[6.959s] INFO:colcon.colcon_core.shell:Skip shell extension 'powershell' for command environment: Not usable outside of PowerShell
[6.959s] DEBUG:colcon.colcon_core.shell:Skip shell extension 'dsv' for command environment
[7.418s] WARNING:colcon.colcon_ros.task.ament_python.build:Package 'dingo_utilities' doesn't explicitly install a marker in the package index (colcon-ros currently does it implicitly but that fallback will be removed in the future)
[7.473s] WARNING:colcon.colcon_ros.task.ament_python.build:Package 'dingo_utilities' doesn't explicitly install the 'package.xml' file (colcon-ros currently does it implicitly but that fallback will be removed in the future)
[7.474s] INFO:colcon.colcon_core.task.python.build:Building Python package in '/home/robogames/Desktop/Dog/dingo_ws/src/dingo_utilities'
[7.474s] INFO:colcon.colcon_core.shell:Skip shell extension 'powershell' for command environment: Not usable outside of PowerShell
[7.474s] DEBUG:colcon.colcon_core.shell:Skip shell extension 'dsv' for command environment
[7.566s] DEBUG:colcon.colcon_core.event_handler.log_command:Invoking command in '/home/robogames/Desktop/Dog/dingo_ws/src/dingo_input_interfacing': DEBUGINFOD_URLS=https://debuginfod.ubuntu.com PS1=(ros2_python_venv) \[\e]0;\u@\h: \w\a\]${debian_chroot:+($debian_chroot)}\[\033[01;32m\]\u@\h\[\033[00m\]:\[\033[01;34m\]\w\[\033[00m\]\$ PYTHONPATH=/home/robogames/Desktop/Dog/dingo_ws/build/dingo_input_interfacing/prefix_override:/usr/lib/python3/dist-packages/colcon_core/task/python/colcon_distutils_commands:/home/robogames/Desktop/Dog/dingo_ws/install/dingo_input_interfacing/lib/python3.12/site-packages:${PYTHONPATH} VIRTUAL_ENV_PROMPT=(ros2_python_venv) /usr/bin/python3 -W ignore:setup.py install is deprecated -W ignore:easy_install command is deprecated setup.py egg_info --egg-base ../../build/dingo_input_interfacing build --build-base /home/robogames/Desktop/Dog/dingo_ws/build/dingo_input_interfacing/build install --record /home/robogames/Desktop/Dog/dingo_ws/build/dingo_input_interfacing/install.log --single-version-externally-managed
[8.013s] DEBUG:colcon.colcon_core.event_handler.log_command:Invoking command in '/home/robogames/Desktop/Dog/dingo_ws/src/dingo_peripheral_interfacing': DEBUGINFOD_URLS=https://debuginfod.ubuntu.com PS1=(ros2_python_venv) \[\e]0;\u@\h: \w\a\]${debian_chroot:+($debian_chroot)}\[\033[01;32m\]\u@\h\[\033[00m\]:\[\033[01;34m\]\w\[\033[00m\]\$ PYTHONPATH=/home/robogames/Desktop/Dog/dingo_ws/build/dingo_peripheral_interfacing/prefix_override:/usr/lib/python3/dist-packages/colcon_core/task/python/colcon_distutils_commands:/home/robogames/Desktop/Dog/dingo_ws/install/dingo_peripheral_interfacing/lib/python3.12/site-packages:${PYTHONPATH} VIRTUAL_ENV_PROMPT=(ros2_python_venv) /usr/bin/python3 -W ignore:setup.py install is deprecated -W ignore:easy_install command is deprecated setup.py egg_info --egg-base ../../build/dingo_peripheral_interfacing build --build-base /home/robogames/Desktop/Dog/dingo_ws/build/dingo_peripheral_interfacing/build install --record /home/robogames/Desktop/Dog/dingo_ws/build/dingo_peripheral_interfacing/install.log --single-version-externally-managed install_data
[8.021s] DEBUG:colcon.colcon_core.event_handler.log_command:Invoking command in '/home/robogames/Desktop/Dog/dingo_ws/src/dingo_servo_interfacing': DEBUGINFOD_URLS=https://debuginfod.ubuntu.com PS1=(ros2_python_venv) \[\e]0;\u@\h: \w\a\]${debian_chroot:+($debian_chroot)}\[\033[01;32m\]\u@\h\[\033[00m\]:\[\033[01;34m\]\w\[\033[00m\]\$ PYTHONPATH=/home/robogames/Desktop/Dog/dingo_ws/build/dingo_servo_interfacing/prefix_override:/usr/lib/python3/dist-packages/colcon_core/task/python/colcon_distutils_commands:/home/robogames/Desktop/Dog/dingo_ws/install/dingo_servo_interfacing/lib/python3.12/site-packages:${PYTHONPATH} VIRTUAL_ENV_PROMPT=(ros2_python_venv) /usr/bin/python3 -W ignore:setup.py install is deprecated -W ignore:easy_install command is deprecated setup.py egg_info --egg-base ../../build/dingo_servo_interfacing build --build-base /home/robogames/Desktop/Dog/dingo_ws/build/dingo_servo_interfacing/build install --record /home/robogames/Desktop/Dog/dingo_ws/build/dingo_servo_interfacing/install.log --single-version-externally-managed
[8.763s] Level 1:colcon.colcon_core.environment:checking '/home/robogames/Desktop/Dog/dingo_ws/install/dingo_input_interfacing' for CMake module files
[8.763s] Level 1:colcon.colcon_core.environment:checking '/home/robogames/Desktop/Dog/dingo_ws/install/dingo_input_interfacing' for CMake config files
[8.764s] DEBUG:colcon.colcon_core.event_handler.log_command:Invoked command in '/home/robogames/Desktop/Dog/dingo_ws/src/dingo_input_interfacing' returned '0': DEBUGINFOD_URLS=https://debuginfod.ubuntu.com PS1=(ros2_python_venv) \[\e]0;\u@\h: \w\a\]${debian_chroot:+($debian_chroot)}\[\033[01;32m\]\u@\h\[\033[00m\]:\[\033[01;34m\]\w\[\033[00m\]\$ PYTHONPATH=/home/robogames/Desktop/Dog/dingo_ws/build/dingo_input_interfacing/prefix_override:/usr/lib/python3/dist-packages/colcon_core/task/python/colcon_distutils_commands:/home/robogames/Desktop/Dog/dingo_ws/install/dingo_input_interfacing/lib/python3.12/site-packages:${PYTHONPATH} VIRTUAL_ENV_PROMPT=(ros2_python_venv) /usr/bin/python3 -W ignore:setup.py install is deprecated -W ignore:easy_install command is deprecated setup.py egg_info --egg-base ../../build/dingo_input_interfacing build --build-base /home/robogames/Desktop/Dog/dingo_ws/build/dingo_input_interfacing/build install --record /home/robogames/Desktop/Dog/dingo_ws/build/dingo_input_interfacing/install.log --single-version-externally-managed
[8.765s] Level 1:colcon.colcon_core.environment:checking '/home/robogames/Desktop/Dog/dingo_ws/install/dingo_input_interfacing/lib'
[8.765s] Level 1:colcon.colcon_core.environment:checking '/home/robogames/Desktop/Dog/dingo_ws/install/dingo_input_interfacing/bin'
[8.765s] Level 1:colcon.colcon_core.environment:checking '/home/robogames/Desktop/Dog/dingo_ws/install/dingo_input_interfacing/lib/pkgconfig/dingo_input_interfacing.pc'
[8.766s] Level 1:colcon.colcon_core.environment:checking '/home/robogames/Desktop/Dog/dingo_ws/install/dingo_input_interfacing/lib/python3.12/site-packages'
[8.766s] Level 1:colcon.colcon_core.shell:create_environment_hook('dingo_input_interfacing', 'pythonpath')
[8.766s] INFO:colcon.colcon_core.shell:Creating environment hook '/home/robogames/Desktop/Dog/dingo_ws/install/dingo_input_interfacing/share/dingo_input_interfacing/hook/pythonpath.ps1'
[8.767s] INFO:colcon.colcon_core.shell:Creating environment descriptor '/home/robogames/Desktop/Dog/dingo_ws/install/dingo_input_interfacing/share/dingo_input_interfacing/hook/pythonpath.dsv'
[8.769s] INFO:colcon.colcon_core.shell:Creating environment hook '/home/robogames/Desktop/Dog/dingo_ws/install/dingo_input_interfacing/share/dingo_input_interfacing/hook/pythonpath.sh'
[8.771s] Level 1:colcon.colcon_core.environment:checking '/home/robogames/Desktop/Dog/dingo_ws/install/dingo_input_interfacing/bin'
[8.771s] Level 1:colcon.colcon_core.environment:create_environment_scripts_only(dingo_input_interfacing)
[8.771s] INFO:colcon.colcon_core.shell:Creating package script '/home/robogames/Desktop/Dog/dingo_ws/install/dingo_input_interfacing/share/dingo_input_interfacing/package.ps1'
[8.773s] INFO:colcon.colcon_core.shell:Creating package descriptor '/home/robogames/Desktop/Dog/dingo_ws/install/dingo_input_interfacing/share/dingo_input_interfacing/package.dsv'
[8.777s] INFO:colcon.colcon_core.shell:Creating package script '/home/robogames/Desktop/Dog/dingo_ws/install/dingo_input_interfacing/share/dingo_input_interfacing/package.sh'
[8.778s] INFO:colcon.colcon_core.shell:Creating package script '/home/robogames/Desktop/Dog/dingo_ws/install/dingo_input_interfacing/share/dingo_input_interfacing/package.bash'
[8.779s] INFO:colcon.colcon_core.shell:Creating package script '/home/robogames/Desktop/Dog/dingo_ws/install/dingo_input_interfacing/share/dingo_input_interfacing/package.zsh'
[8.780s] Level 1:colcon.colcon_core.environment:create_file_with_runtime_dependencies(/home/robogames/Desktop/Dog/dingo_ws/install/dingo_input_interfacing/share/colcon-core/packages/dingo_input_interfacing)
[8.895s] DEBUG:colcon.colcon_core.event_handler.log_command:Invoking command in '/home/robogames/Desktop/Dog/dingo_ws/src/dingo_utilities': DEBUGINFOD_URLS=https://debuginfod.ubuntu.com PS1=(ros2_python_venv) \[\e]0;\u@\h: \w\a\]${debian_chroot:+($debian_chroot)}\[\033[01;32m\]\u@\h\[\033[00m\]:\[\033[01;34m\]\w\[\033[00m\]\$ PYTHONPATH=/home/robogames/Desktop/Dog/dingo_ws/build/dingo_utilities/prefix_override:/usr/lib/python3/dist-packages/colcon_core/task/python/colcon_distutils_commands:/home/robogames/Desktop/Dog/dingo_ws/install/dingo_utilities/lib/python3.12/site-packages:${PYTHONPATH} VIRTUAL_ENV_PROMPT=(ros2_python_venv) /usr/bin/python3 -W ignore:setup.py install is deprecated -W ignore:easy_install command is deprecated setup.py egg_info --egg-base ../../build/dingo_utilities build --build-base /home/robogames/Desktop/Dog/dingo_ws/build/dingo_utilities/build install --record /home/robogames/Desktop/Dog/dingo_ws/build/dingo_utilities/install.log --single-version-externally-managed
[9.206s] Level 1:colcon.colcon_core.environment:checking '/home/robogames/Desktop/Dog/dingo_ws/install/dingo_servo_interfacing' for CMake module files
[9.206s] DEBUG:colcon.colcon_core.event_handler.log_command:Invoked command in '/home/robogames/Desktop/Dog/dingo_ws/src/dingo_servo_interfacing' returned '0': DEBUGINFOD_URLS=https://debuginfod.ubuntu.com PS1=(ros2_python_venv) \[\e]0;\u@\h: \w\a\]${debian_chroot:+($debian_chroot)}\[\033[01;32m\]\u@\h\[\033[00m\]:\[\033[01;34m\]\w\[\033[00m\]\$ PYTHONPATH=/home/robogames/Desktop/Dog/dingo_ws/build/dingo_servo_interfacing/prefix_override:/usr/lib/python3/dist-packages/colcon_core/task/python/colcon_distutils_commands:/home/robogames/Desktop/Dog/dingo_ws/install/dingo_servo_interfacing/lib/python3.12/site-packages:${PYTHONPATH} VIRTUAL_ENV_PROMPT=(ros2_python_venv) /usr/bin/python3 -W ignore:setup.py install is deprecated -W ignore:easy_install command is deprecated setup.py egg_info --egg-base ../../build/dingo_servo_interfacing build --build-base /home/robogames/Desktop/Dog/dingo_ws/build/dingo_servo_interfacing/build install --record /home/robogames/Desktop/Dog/dingo_ws/build/dingo_servo_interfacing/install.log --single-version-externally-managed
[9.207s] Level 1:colcon.colcon_core.environment:checking '/home/robogames/Desktop/Dog/dingo_ws/install/dingo_servo_interfacing' for CMake config files
[9.209s] Level 1:colcon.colcon_core.environment:checking '/home/robogames/Desktop/Dog/dingo_ws/install/dingo_servo_interfacing/lib'
[9.209s] Level 1:colcon.colcon_core.environment:checking '/home/robogames/Desktop/Dog/dingo_ws/install/dingo_servo_interfacing/bin'
[9.209s] Level 1:colcon.colcon_core.environment:checking '/home/robogames/Desktop/Dog/dingo_ws/install/dingo_servo_interfacing/lib/pkgconfig/dingo_servo_interfacing.pc'
[9.210s] Level 1:colcon.colcon_core.environment:checking '/home/robogames/Desktop/Dog/dingo_ws/install/dingo_servo_interfacing/lib/python3.12/site-packages'
[9.210s] Level 1:colcon.colcon_core.shell:create_environment_hook('dingo_servo_interfacing', 'pythonpath')
[9.210s] INFO:colcon.colcon_core.shell:Creating environment hook '/home/robogames/Desktop/Dog/dingo_ws/install/dingo_servo_interfacing/share/dingo_servo_interfacing/hook/pythonpath.ps1'
[9.211s] INFO:colcon.colcon_core.shell:Creating environment descriptor '/home/robogames/Desktop/Dog/dingo_ws/install/dingo_servo_interfacing/share/dingo_servo_interfacing/hook/pythonpath.dsv'
[9.213s] INFO:colcon.colcon_core.shell:Creating environment hook '/home/robogames/Desktop/Dog/dingo_ws/install/dingo_servo_interfacing/share/dingo_servo_interfacing/hook/pythonpath.sh'
[9.214s] Level 1:colcon.colcon_core.environment:checking '/home/robogames/Desktop/Dog/dingo_ws/install/dingo_servo_interfacing/bin'
[9.214s] Level 1:colcon.colcon_core.environment:create_environment_scripts_only(dingo_servo_interfacing)
[9.215s] INFO:colcon.colcon_core.shell:Creating package script '/home/robogames/Desktop/Dog/dingo_ws/install/dingo_servo_interfacing/share/dingo_servo_interfacing/package.ps1'
[9.216s] INFO:colcon.colcon_core.shell:Creating package descriptor '/home/robogames/Desktop/Dog/dingo_ws/install/dingo_servo_interfacing/share/dingo_servo_interfacing/package.dsv'
[9.217s] INFO:colcon.colcon_core.shell:Creating package script '/home/robogames/Desktop/Dog/dingo_ws/install/dingo_servo_interfacing/share/dingo_servo_interfacing/package.sh'
[9.218s] INFO:colcon.colcon_core.shell:Creating package script '/home/robogames/Desktop/Dog/dingo_ws/install/dingo_servo_interfacing/share/dingo_servo_interfacing/package.bash'
[9.219s] INFO:colcon.colcon_core.shell:Creating package script '/home/robogames/Desktop/Dog/dingo_ws/install/dingo_servo_interfacing/share/dingo_servo_interfacing/package.zsh'
[9.220s] Level 1:colcon.colcon_core.environment:create_file_with_runtime_dependencies(/home/robogames/Desktop/Dog/dingo_ws/install/dingo_servo_interfacing/share/colcon-core/packages/dingo_servo_interfacing)
[9.239s] Level 1:colcon.colcon_core.environment:checking '/home/robogames/Desktop/Dog/dingo_ws/install/dingo_peripheral_interfacing' for CMake module files
[9.239s] DEBUG:colcon.colcon_core.event_handler.log_command:Invoked command in '/home/robogames/Desktop/Dog/dingo_ws/src/dingo_peripheral_interfacing' returned '0': DEBUGINFOD_URLS=https://debuginfod.ubuntu.com PS1=(ros2_python_venv) \[\e]0;\u@\h: \w\a\]${debian_chroot:+($debian_chroot)}\[\033[01;32m\]\u@\h\[\033[00m\]:\[\033[01;34m\]\w\[\033[00m\]\$ PYTHONPATH=/home/robogames/Desktop/Dog/dingo_ws/build/dingo_peripheral_interfacing/prefix_override:/usr/lib/python3/dist-packages/colcon_core/task/python/colcon_distutils_commands:/home/robogames/Desktop/Dog/dingo_ws/install/dingo_peripheral_interfacing/lib/python3.12/site-packages:${PYTHONPATH} VIRTUAL_ENV_PROMPT=(ros2_python_venv) /usr/bin/python3 -W ignore:setup.py install is deprecated -W ignore:easy_install command is deprecated setup.py egg_info --egg-base ../../build/dingo_peripheral_interfacing build --build-base /home/robogames/Desktop/Dog/dingo_ws/build/dingo_peripheral_interfacing/build install --record /home/robogames/Desktop/Dog/dingo_ws/build/dingo_peripheral_interfacing/install.log --single-version-externally-managed install_data
[9.240s] Level 1:colcon.colcon_core.environment:checking '/home/robogames/Desktop/Dog/dingo_ws/install/dingo_peripheral_interfacing' for CMake config files
[9.242s] Level 1:colcon.colcon_core.environment:checking '/home/robogames/Desktop/Dog/dingo_ws/install/dingo_peripheral_interfacing/lib'
[9.242s] Level 1:colcon.colcon_core.environment:checking '/home/robogames/Desktop/Dog/dingo_ws/install/dingo_peripheral_interfacing/bin'
[9.242s] Level 1:colcon.colcon_core.environment:checking '/home/robogames/Desktop/Dog/dingo_ws/install/dingo_peripheral_interfacing/lib/pkgconfig/dingo_peripheral_interfacing.pc'
[9.242s] Level 1:colcon.colcon_core.environment:checking '/home/robogames/Desktop/Dog/dingo_ws/install/dingo_peripheral_interfacing/lib/python3.12/site-packages'
[9.242s] Level 1:colcon.colcon_core.shell:create_environment_hook('dingo_peripheral_interfacing', 'pythonpath')
[9.243s] INFO:colcon.colcon_core.shell:Creating environment hook '/home/robogames/Desktop/Dog/dingo_ws/install/dingo_peripheral_interfacing/share/dingo_peripheral_interfacing/hook/pythonpath.ps1'
[9.243s] INFO:colcon.colcon_core.shell:Creating environment descriptor '/home/robogames/Desktop/Dog/dingo_ws/install/dingo_peripheral_interfacing/share/dingo_peripheral_interfacing/hook/pythonpath.dsv'
[9.245s] INFO:colcon.colcon_core.shell:Creating environment hook '/home/robogames/Desktop/Dog/dingo_ws/install/dingo_peripheral_interfacing/share/dingo_peripheral_interfacing/hook/pythonpath.sh'
[9.247s] Level 1:colcon.colcon_core.environment:checking '/home/robogames/Desktop/Dog/dingo_ws/install/dingo_peripheral_interfacing/bin'
[9.247s] Level 1:colcon.colcon_core.environment:create_environment_scripts_only(dingo_peripheral_interfacing)
[9.247s] INFO:colcon.colcon_core.shell:Creating package script '/home/robogames/Desktop/Dog/dingo_ws/install/dingo_peripheral_interfacing/share/dingo_peripheral_interfacing/package.ps1'
[9.248s] INFO:colcon.colcon_core.shell:Creating package descriptor '/home/robogames/Desktop/Dog/dingo_ws/install/dingo_peripheral_interfacing/share/dingo_peripheral_interfacing/package.dsv'
[9.250s] INFO:colcon.colcon_core.shell:Creating package script '/home/robogames/Desktop/Dog/dingo_ws/install/dingo_peripheral_interfacing/share/dingo_peripheral_interfacing/package.sh'
[9.254s] INFO:colcon.colcon_core.shell:Creating package script '/home/robogames/Desktop/Dog/dingo_ws/install/dingo_peripheral_interfacing/share/dingo_peripheral_interfacing/package.bash'
[9.255s] INFO:colcon.colcon_core.shell:Creating package script '/home/robogames/Desktop/Dog/dingo_ws/install/dingo_peripheral_interfacing/share/dingo_peripheral_interfacing/package.zsh'
[9.255s] Level 1:colcon.colcon_core.environment:create_file_with_runtime_dependencies(/home/robogames/Desktop/Dog/dingo_ws/install/dingo_peripheral_interfacing/share/colcon-core/packages/dingo_peripheral_interfacing)
[9.921s] Level 1:colcon.colcon_core.environment:checking '/home/robogames/Desktop/Dog/dingo_ws/install/dingo_utilities' for CMake module files
[9.922s] DEBUG:colcon.colcon_core.event_handler.log_command:Invoked command in '/home/robogames/Desktop/Dog/dingo_ws/src/dingo_utilities' returned '0': DEBUGINFOD_URLS=https://debuginfod.ubuntu.com PS1=(ros2_python_venv) \[\e]0;\u@\h: \w\a\]${debian_chroot:+($debian_chroot)}\[\033[01;32m\]\u@\h\[\033[00m\]:\[\033[01;34m\]\w\[\033[00m\]\$ PYTHONPATH=/home/robogames/Desktop/Dog/dingo_ws/build/dingo_utilities/prefix_override:/usr/lib/python3/dist-packages/colcon_core/task/python/colcon_distutils_commands:/home/robogames/Desktop/Dog/dingo_ws/install/dingo_utilities/lib/python3.12/site-packages:${PYTHONPATH} VIRTUAL_ENV_PROMPT=(ros2_python_venv) /usr/bin/python3 -W ignore:setup.py install is deprecated -W ignore:easy_install command is deprecated setup.py egg_info --egg-base ../../build/dingo_utilities build --build-base /home/robogames/Desktop/Dog/dingo_ws/build/dingo_utilities/build install --record /home/robogames/Desktop/Dog/dingo_ws/build/dingo_utilities/install.log --single-version-externally-managed
[9.922s] Level 1:colcon.colcon_core.environment:checking '/home/robogames/Desktop/Dog/dingo_ws/install/dingo_utilities' for CMake config files
[9.924s] Level 1:colcon.colcon_core.environment:checking '/home/robogames/Desktop/Dog/dingo_ws/install/dingo_utilities/lib'
[9.924s] Level 1:colcon.colcon_core.environment:checking '/home/robogames/Desktop/Dog/dingo_ws/install/dingo_utilities/bin'
[9.924s] Level 1:colcon.colcon_core.environment:checking '/home/robogames/Desktop/Dog/dingo_ws/install/dingo_utilities/lib/pkgconfig/dingo_utilities.pc'
[9.924s] Level 1:colcon.colcon_core.environment:checking '/home/robogames/Desktop/Dog/dingo_ws/install/dingo_utilities/lib/python3.12/site-packages'
[9.924s] Level 1:colcon.colcon_core.shell:create_environment_hook('dingo_utilities', 'pythonpath')
[9.925s] INFO:colcon.colcon_core.shell:Creating environment hook '/home/robogames/Desktop/Dog/dingo_ws/install/dingo_utilities/share/dingo_utilities/hook/pythonpath.ps1'
[9.925s] INFO:colcon.colcon_core.shell:Creating environment descriptor '/home/robogames/Desktop/Dog/dingo_ws/install/dingo_utilities/share/dingo_utilities/hook/pythonpath.dsv'
[9.927s] INFO:colcon.colcon_core.shell:Creating environment hook '/home/robogames/Desktop/Dog/dingo_ws/install/dingo_utilities/share/dingo_utilities/hook/pythonpath.sh'
[9.928s] Level 1:colcon.colcon_core.environment:checking '/home/robogames/Desktop/Dog/dingo_ws/install/dingo_utilities/bin'
[9.928s] Level 1:colcon.colcon_core.environment:create_environment_scripts_only(dingo_utilities)
[9.928s] INFO:colcon.colcon_core.shell:Creating package script '/home/robogames/Desktop/Dog/dingo_ws/install/dingo_utilities/share/dingo_utilities/package.ps1'
[9.929s] INFO:colcon.colcon_core.shell:Creating package descriptor '/home/robogames/Desktop/Dog/dingo_ws/install/dingo_utilities/share/dingo_utilities/package.dsv'
[9.930s] INFO:colcon.colcon_core.shell:Creating package script '/home/robogames/Desktop/Dog/dingo_ws/install/dingo_utilities/share/dingo_utilities/package.sh'
[9.931s] INFO:colcon.colcon_core.shell:Creating package script '/home/robogames/Desktop/Dog/dingo_ws/install/dingo_utilities/share/dingo_utilities/package.bash'
[9.933s] INFO:colcon.colcon_core.shell:Creating package script '/home/robogames/Desktop/Dog/dingo_ws/install/dingo_utilities/share/dingo_utilities/package.zsh'
[9.934s] Level 1:colcon.colcon_core.environment:create_file_with_runtime_dependencies(/home/robogames/Desktop/Dog/dingo_ws/install/dingo_utilities/share/colcon-core/packages/dingo_utilities)
[9.936s] DEBUG:colcon.colcon_parallel_executor.executor.parallel:closing loop
[9.936s] DEBUG:colcon.colcon_parallel_executor.executor.parallel:loop closed
[9.937s] DEBUG:colcon.colcon_parallel_executor.executor.parallel:run_until_complete finished with '0'
[9.937s] DEBUG:colcon.colcon_core.event_reactor:joining thread
[9.951s] INFO:colcon.colcon_core.plugin_system:Skipping extension 'colcon_notification.desktop_notification.terminal_notifier': Not used on non-Darwin systems
[9.951s] INFO:colcon.colcon_core.plugin_system:Skipping extension 'colcon_notification.desktop_notification.win32': Not used on non-Windows systems
[9.951s] INFO:colcon.colcon_notification.desktop_notification:Sending desktop notification using 'notify2'
[9.952s] DEBUG:colcon.colcon_notification.desktop_notification.notify2:Failed to initialize notify2: org.freedesktop.DBus.Error.ServiceUnknown: The name org.freedesktop.Notifications was not provided by any .service files
[9.953s] DEBUG:colcon.colcon_core.event_reactor:joined thread
[9.953s] INFO:colcon.colcon_core.shell:Creating prefix script '/home/robogames/Desktop/Dog/dingo_ws/install/local_setup.ps1'
[9.955s] INFO:colcon.colcon_core.shell:Creating prefix util module '/home/robogames/Desktop/Dog/dingo_ws/install/_local_setup_util_ps1.py'
[9.958s] INFO:colcon.colcon_core.shell:Creating prefix chain script '/home/robogames/Desktop/Dog/dingo_ws/install/setup.ps1'
[9.965s] INFO:colcon.colcon_core.shell:Creating prefix script '/home/robogames/Desktop/Dog/dingo_ws/install/local_setup.sh'
[9.967s] INFO:colcon.colcon_core.shell:Creating prefix util module '/home/robogames/Desktop/Dog/dingo_ws/install/_local_setup_util_sh.py'
[9.968s] INFO:colcon.colcon_core.shell:Creating prefix chain script '/home/robogames/Desktop/Dog/dingo_ws/install/setup.sh'
[9.970s] INFO:colcon.colcon_core.shell:Creating prefix script '/home/robogames/Desktop/Dog/dingo_ws/install/local_setup.bash'
[9.973s] INFO:colcon.colcon_core.shell:Creating prefix chain script '/home/robogames/Desktop/Dog/dingo_ws/install/setup.bash'
[9.975s] INFO:colcon.colcon_core.shell:Creating prefix script '/home/robogames/Desktop/Dog/dingo_ws/install/local_setup.zsh'
[9.979s] INFO:colcon.colcon_core.shell:Creating prefix chain script '/home/robogames/Desktop/Dog/dingo_ws/install/setup.zsh'
