[0.213s] DEBUG:colcon:Command line arguments: ['/usr/bin/colcon', 'build']
[0.214s] DEBUG:colcon:Parsed command line arguments: Namespace(log_base=None, log_level=None, verb_name='build', build_base='build', install_base='install', merge_install=False, symlink_install=False, test_result_base=None, continue_on_error=False, executor='parallel', parallel_workers=4, event_handlers=None, ignore_user_meta=False, metas=['./colcon.meta'], base_paths=['.'], packages_ignore=None, packages_ignore_regex=None, paths=None, packages_up_to=None, packages_up_to_regex=None, packages_above=None, packages_above_and_dependencies=None, packages_above_depth=None, packages_select_by_dep=None, packages_skip_by_dep=None, packages_skip_up_to=None, packages_select_build_failed=False, packages_skip_build_finished=False, packages_select_test_failures=False, packages_skip_test_passed=False, packages_select=None, packages_skip=None, packages_select_regex=None, packages_skip_regex=None, packages_start=None, packages_end=None, allow_overriding=[], cmake_args=None, cmake_target=None, cmake_target_skip_unavailable=False, cmake_clean_cache=False, cmake_clean_first=False, cmake_force_configure=False, ament_cmake_args=None, catkin_cmake_args=None, catkin_skip_building_tests=False, mixin_files=None, mixin=None, verb_parser=<colcon_mixin.mixin.mixin_argument.MixinArgumentDecorator object at 0xffff87dba150>, verb_extension=<colcon_core.verb.build.BuildVerb object at 0xffff87db9e80>, main=<bound method BuildVerb.main of <colcon_core.verb.build.BuildVerb object at 0xffff87db9e80>>, mixin_verb=('build',))
[0.296s] Level 1:colcon.colcon_core.package_discovery:discover_packages(colcon_meta) check parameters
[0.296s] Level 1:colcon.colcon_core.package_discovery:discover_packages(recursive) check parameters
[0.296s] Level 1:colcon.colcon_core.package_discovery:discover_packages(ignore) check parameters
[0.296s] Level 1:colcon.colcon_core.package_discovery:discover_packages(path) check parameters
[0.296s] Level 1:colcon.colcon_core.package_discovery:discover_packages(colcon_meta) discover
[0.296s] Level 1:colcon.colcon_core.package_discovery:discover_packages(recursive) discover
[0.296s] INFO:colcon.colcon_core.package_discovery:Crawling recursively for packages in '/home/robogames/Desktop/Dog/dingo_ws'
[0.297s] Level 1:colcon.colcon_core.package_identification:_identify(.) by extensions ['ignore', 'ignore_ament_install']
[0.297s] Level 1:colcon.colcon_core.package_identification:_identify(.) by extension 'ignore'
[0.297s] Level 1:colcon.colcon_core.package_identification:_identify(.) by extension 'ignore_ament_install'
[0.297s] Level 1:colcon.colcon_core.package_identification:_identify(.) by extensions ['colcon_pkg']
[0.297s] Level 1:colcon.colcon_core.package_identification:_identify(.) by extension 'colcon_pkg'
[0.297s] Level 1:colcon.colcon_core.package_identification:_identify(.) by extensions ['colcon_meta']
[0.297s] Level 1:colcon.colcon_core.package_identification:_identify(.) by extension 'colcon_meta'
[0.297s] Level 1:colcon.colcon_core.package_identification:_identify(.) by extensions ['ros']
[0.297s] Level 1:colcon.colcon_core.package_identification:_identify(.) by extension 'ros'
[0.342s] Level 1:colcon.colcon_core.package_identification:_identify(.) by extensions ['cmake', 'python']
[0.342s] Level 1:colcon.colcon_core.package_identification:_identify(.) by extension 'cmake'
[0.342s] Level 1:colcon.colcon_core.package_identification:_identify(.) by extension 'python'
[0.342s] Level 1:colcon.colcon_core.package_identification:_identify(.) by extensions ['python_setup_py']
[0.342s] Level 1:colcon.colcon_core.package_identification:_identify(.) by extension 'python_setup_py'
[0.343s] Level 1:colcon.colcon_core.package_identification:_identify(build) by extensions ['ignore', 'ignore_ament_install']
[0.343s] Level 1:colcon.colcon_core.package_identification:_identify(build) by extension 'ignore'
[0.343s] Level 1:colcon.colcon_core.package_identification:_identify(build) ignored
[0.343s] Level 1:colcon.colcon_core.package_identification:_identify(install) by extensions ['ignore', 'ignore_ament_install']
[0.344s] Level 1:colcon.colcon_core.package_identification:_identify(install) by extension 'ignore'
[0.344s] Level 1:colcon.colcon_core.package_identification:_identify(install) ignored
[0.344s] Level 1:colcon.colcon_core.package_identification:_identify(log) by extensions ['ignore', 'ignore_ament_install']
[0.344s] Level 1:colcon.colcon_core.package_identification:_identify(log) by extension 'ignore'
[0.344s] Level 1:colcon.colcon_core.package_identification:_identify(log) ignored
[0.344s] Level 1:colcon.colcon_core.package_identification:_identify(src) by extensions ['ignore', 'ignore_ament_install']
[0.344s] Level 1:colcon.colcon_core.package_identification:_identify(src) by extension 'ignore'
[0.344s] Level 1:colcon.colcon_core.package_identification:_identify(src) by extension 'ignore_ament_install'
[0.344s] Level 1:colcon.colcon_core.package_identification:_identify(src) by extensions ['colcon_pkg']
[0.344s] Level 1:colcon.colcon_core.package_identification:_identify(src) by extension 'colcon_pkg'
[0.344s] Level 1:colcon.colcon_core.package_identification:_identify(src) by extensions ['colcon_meta']
[0.345s] Level 1:colcon.colcon_core.package_identification:_identify(src) by extension 'colcon_meta'
[0.345s] Level 1:colcon.colcon_core.package_identification:_identify(src) by extensions ['ros']
[0.345s] Level 1:colcon.colcon_core.package_identification:_identify(src) by extension 'ros'
[0.345s] Level 1:colcon.colcon_core.package_identification:_identify(src) by extensions ['cmake', 'python']
[0.345s] Level 1:colcon.colcon_core.package_identification:_identify(src) by extension 'cmake'
[0.345s] Level 1:colcon.colcon_core.package_identification:_identify(src) by extension 'python'
[0.345s] Level 1:colcon.colcon_core.package_identification:_identify(src) by extensions ['python_setup_py']
[0.345s] Level 1:colcon.colcon_core.package_identification:_identify(src) by extension 'python_setup_py'
[0.346s] Level 1:colcon.colcon_core.package_identification:_identify(src/dingo) by extensions ['ignore', 'ignore_ament_install']
[0.346s] Level 1:colcon.colcon_core.package_identification:_identify(src/dingo) by extension 'ignore'
[0.346s] Level 1:colcon.colcon_core.package_identification:_identify(src/dingo) by extension 'ignore_ament_install'
[0.346s] Level 1:colcon.colcon_core.package_identification:_identify(src/dingo) by extensions ['colcon_pkg']
[0.346s] Level 1:colcon.colcon_core.package_identification:_identify(src/dingo) by extension 'colcon_pkg'
[0.346s] Level 1:colcon.colcon_core.package_identification:_identify(src/dingo) by extensions ['colcon_meta']
[0.346s] Level 1:colcon.colcon_core.package_identification:_identify(src/dingo) by extension 'colcon_meta'
[0.346s] Level 1:colcon.colcon_core.package_identification:_identify(src/dingo) by extensions ['ros']
[0.346s] Level 1:colcon.colcon_core.package_identification:_identify(src/dingo) by extension 'ros'
[0.350s] DEBUG:colcon.colcon_core.package_identification:Package 'src/dingo' with type 'ros.ament_python' and name 'dingo'
[0.351s] Level 1:colcon.colcon_core.package_identification:_identify(src/dingo_control) by extensions ['ignore', 'ignore_ament_install']
[0.351s] Level 1:colcon.colcon_core.package_identification:_identify(src/dingo_control) by extension 'ignore'
[0.351s] Level 1:colcon.colcon_core.package_identification:_identify(src/dingo_control) by extension 'ignore_ament_install'
[0.352s] Level 1:colcon.colcon_core.package_identification:_identify(src/dingo_control) by extensions ['colcon_pkg']
[0.352s] Level 1:colcon.colcon_core.package_identification:_identify(src/dingo_control) by extension 'colcon_pkg'
[0.352s] Level 1:colcon.colcon_core.package_identification:_identify(src/dingo_control) by extensions ['colcon_meta']
[0.352s] Level 1:colcon.colcon_core.package_identification:_identify(src/dingo_control) by extension 'colcon_meta'
[0.352s] Level 1:colcon.colcon_core.package_identification:_identify(src/dingo_control) by extensions ['ros']
[0.352s] Level 1:colcon.colcon_core.package_identification:_identify(src/dingo_control) by extension 'ros'
[0.353s] DEBUG:colcon.colcon_core.package_identification:Package 'src/dingo_control' with type 'ros.ament_python' and name 'dingo_control'
[0.354s] Level 1:colcon.colcon_core.package_identification:_identify(src/dingo_description) by extensions ['ignore', 'ignore_ament_install']
[0.355s] Level 1:colcon.colcon_core.package_identification:_identify(src/dingo_description) by extension 'ignore'
[0.355s] Level 1:colcon.colcon_core.package_identification:_identify(src/dingo_description) by extension 'ignore_ament_install'
[0.355s] Level 1:colcon.colcon_core.package_identification:_identify(src/dingo_description) by extensions ['colcon_pkg']
[0.355s] Level 1:colcon.colcon_core.package_identification:_identify(src/dingo_description) by extension 'colcon_pkg'
[0.355s] Level 1:colcon.colcon_core.package_identification:_identify(src/dingo_description) by extensions ['colcon_meta']
[0.355s] Level 1:colcon.colcon_core.package_identification:_identify(src/dingo_description) by extension 'colcon_meta'
[0.355s] Level 1:colcon.colcon_core.package_identification:_identify(src/dingo_description) by extensions ['ros']
[0.355s] Level 1:colcon.colcon_core.package_identification:_identify(src/dingo_description) by extension 'ros'
[0.356s] DEBUG:colcon.colcon_core.package_identification:Package 'src/dingo_description' with type 'ros.ament_python' and name 'dingo_description'
[0.356s] Level 1:colcon.colcon_core.package_identification:_identify(src/dingo_gazebo) by extensions ['ignore', 'ignore_ament_install']
[0.356s] Level 1:colcon.colcon_core.package_identification:_identify(src/dingo_gazebo) by extension 'ignore'
[0.356s] Level 1:colcon.colcon_core.package_identification:_identify(src/dingo_gazebo) by extension 'ignore_ament_install'
[0.356s] Level 1:colcon.colcon_core.package_identification:_identify(src/dingo_gazebo) by extensions ['colcon_pkg']
[0.356s] Level 1:colcon.colcon_core.package_identification:_identify(src/dingo_gazebo) by extension 'colcon_pkg'
[0.356s] Level 1:colcon.colcon_core.package_identification:_identify(src/dingo_gazebo) by extensions ['colcon_meta']
[0.356s] Level 1:colcon.colcon_core.package_identification:_identify(src/dingo_gazebo) by extension 'colcon_meta'
[0.356s] Level 1:colcon.colcon_core.package_identification:_identify(src/dingo_gazebo) by extensions ['ros']
[0.356s] Level 1:colcon.colcon_core.package_identification:_identify(src/dingo_gazebo) by extension 'ros'
[0.357s] DEBUG:colcon.colcon_core.package_identification:Package 'src/dingo_gazebo' with type 'ros.ament_python' and name 'dingo_gazebo'
[0.357s] Level 1:colcon.colcon_core.package_identification:_identify(src/dingo_input_interfacing) by extensions ['ignore', 'ignore_ament_install']
[0.357s] Level 1:colcon.colcon_core.package_identification:_identify(src/dingo_input_interfacing) by extension 'ignore'
[0.357s] Level 1:colcon.colcon_core.package_identification:_identify(src/dingo_input_interfacing) by extension 'ignore_ament_install'
[0.357s] Level 1:colcon.colcon_core.package_identification:_identify(src/dingo_input_interfacing) by extensions ['colcon_pkg']
[0.358s] Level 1:colcon.colcon_core.package_identification:_identify(src/dingo_input_interfacing) by extension 'colcon_pkg'
[0.358s] Level 1:colcon.colcon_core.package_identification:_identify(src/dingo_input_interfacing) by extensions ['colcon_meta']
[0.358s] Level 1:colcon.colcon_core.package_identification:_identify(src/dingo_input_interfacing) by extension 'colcon_meta'
[0.358s] Level 1:colcon.colcon_core.package_identification:_identify(src/dingo_input_interfacing) by extensions ['ros']
[0.358s] Level 1:colcon.colcon_core.package_identification:_identify(src/dingo_input_interfacing) by extension 'ros'
[0.358s] DEBUG:colcon.colcon_core.package_identification:Package 'src/dingo_input_interfacing' with type 'ros.ament_python' and name 'dingo_input_interfacing'
[0.359s] Level 1:colcon.colcon_core.package_identification:_identify(src/dingo_msgs) by extensions ['ignore', 'ignore_ament_install']
[0.359s] Level 1:colcon.colcon_core.package_identification:_identify(src/dingo_msgs) by extension 'ignore'
[0.359s] Level 1:colcon.colcon_core.package_identification:_identify(src/dingo_msgs) by extension 'ignore_ament_install'
[0.359s] Level 1:colcon.colcon_core.package_identification:_identify(src/dingo_msgs) by extensions ['colcon_pkg']
[0.359s] Level 1:colcon.colcon_core.package_identification:_identify(src/dingo_msgs) by extension 'colcon_pkg'
[0.359s] Level 1:colcon.colcon_core.package_identification:_identify(src/dingo_msgs) by extensions ['colcon_meta']
[0.359s] Level 1:colcon.colcon_core.package_identification:_identify(src/dingo_msgs) by extension 'colcon_meta'
[0.359s] Level 1:colcon.colcon_core.package_identification:_identify(src/dingo_msgs) by extensions ['ros']
[0.359s] Level 1:colcon.colcon_core.package_identification:_identify(src/dingo_msgs) by extension 'ros'
[0.360s] DEBUG:colcon.colcon_core.package_identification:Package 'src/dingo_msgs' with type 'ros.ament_cmake' and name 'dingo_msgs'
[0.360s] Level 1:colcon.colcon_core.package_identification:_identify(src/dingo_peripheral_interfacing) by extensions ['ignore', 'ignore_ament_install']
[0.360s] Level 1:colcon.colcon_core.package_identification:_identify(src/dingo_peripheral_interfacing) by extension 'ignore'
[0.360s] Level 1:colcon.colcon_core.package_identification:_identify(src/dingo_peripheral_interfacing) by extension 'ignore_ament_install'
[0.360s] Level 1:colcon.colcon_core.package_identification:_identify(src/dingo_peripheral_interfacing) by extensions ['colcon_pkg']
[0.360s] Level 1:colcon.colcon_core.package_identification:_identify(src/dingo_peripheral_interfacing) by extension 'colcon_pkg'
[0.360s] Level 1:colcon.colcon_core.package_identification:_identify(src/dingo_peripheral_interfacing) by extensions ['colcon_meta']
[0.360s] Level 1:colcon.colcon_core.package_identification:_identify(src/dingo_peripheral_interfacing) by extension 'colcon_meta'
[0.360s] Level 1:colcon.colcon_core.package_identification:_identify(src/dingo_peripheral_interfacing) by extensions ['ros']
[0.360s] Level 1:colcon.colcon_core.package_identification:_identify(src/dingo_peripheral_interfacing) by extension 'ros'
[0.361s] DEBUG:colcon.colcon_core.package_identification:Package 'src/dingo_peripheral_interfacing' with type 'ros.ament_python' and name 'dingo_peripheral_interfacing'
[0.361s] Level 1:colcon.colcon_core.package_identification:_identify(src/dingo_servo_interfacing) by extensions ['ignore', 'ignore_ament_install']
[0.362s] Level 1:colcon.colcon_core.package_identification:_identify(src/dingo_servo_interfacing) by extension 'ignore'
[0.362s] Level 1:colcon.colcon_core.package_identification:_identify(src/dingo_servo_interfacing) by extension 'ignore_ament_install'
[0.362s] Level 1:colcon.colcon_core.package_identification:_identify(src/dingo_servo_interfacing) by extensions ['colcon_pkg']
[0.362s] Level 1:colcon.colcon_core.package_identification:_identify(src/dingo_servo_interfacing) by extension 'colcon_pkg'
[0.362s] Level 1:colcon.colcon_core.package_identification:_identify(src/dingo_servo_interfacing) by extensions ['colcon_meta']
[0.362s] Level 1:colcon.colcon_core.package_identification:_identify(src/dingo_servo_interfacing) by extension 'colcon_meta'
[0.362s] Level 1:colcon.colcon_core.package_identification:_identify(src/dingo_servo_interfacing) by extensions ['ros']
[0.362s] Level 1:colcon.colcon_core.package_identification:_identify(src/dingo_servo_interfacing) by extension 'ros'
[0.363s] DEBUG:colcon.colcon_core.package_identification:Package 'src/dingo_servo_interfacing' with type 'ros.ament_python' and name 'dingo_servo_interfacing'
[0.363s] Level 1:colcon.colcon_core.package_identification:_identify(src/dingo_utilities) by extensions ['ignore', 'ignore_ament_install']
[0.363s] Level 1:colcon.colcon_core.package_identification:_identify(src/dingo_utilities) by extension 'ignore'
[0.363s] Level 1:colcon.colcon_core.package_identification:_identify(src/dingo_utilities) by extension 'ignore_ament_install'
[0.363s] Level 1:colcon.colcon_core.package_identification:_identify(src/dingo_utilities) by extensions ['colcon_pkg']
[0.363s] Level 1:colcon.colcon_core.package_identification:_identify(src/dingo_utilities) by extension 'colcon_pkg'
[0.363s] Level 1:colcon.colcon_core.package_identification:_identify(src/dingo_utilities) by extensions ['colcon_meta']
[0.363s] Level 1:colcon.colcon_core.package_identification:_identify(src/dingo_utilities) by extension 'colcon_meta'
[0.363s] Level 1:colcon.colcon_core.package_identification:_identify(src/dingo_utilities) by extensions ['ros']
[0.363s] Level 1:colcon.colcon_core.package_identification:_identify(src/dingo_utilities) by extension 'ros'
[0.364s] DEBUG:colcon.colcon_core.package_identification:Package 'src/dingo_utilities' with type 'ros.ament_python' and name 'dingo_utilities'
[0.364s] Level 1:colcon.colcon_core.package_discovery:discover_packages(recursive) using defaults
[0.364s] Level 1:colcon.colcon_core.package_discovery:discover_packages(ignore) discover
[0.365s] Level 1:colcon.colcon_core.package_discovery:discover_packages(ignore) using defaults
[0.365s] Level 1:colcon.colcon_core.package_discovery:discover_packages(path) discover
[0.365s] Level 1:colcon.colcon_core.package_discovery:discover_packages(path) using defaults
[0.405s] Level 1:colcon.colcon_core.package_discovery:discover_packages(prefix_path) check parameters
[0.406s] Level 1:colcon.colcon_core.package_discovery:discover_packages(prefix_path) discover
[0.408s] WARNING:colcon.colcon_core.prefix_path.colcon:The path '/home/robogames/Dog/dingo_ws/install' in the environment variable COLCON_PREFIX_PATH doesn't exist
[0.410s] WARNING:colcon.colcon_ros.prefix_path.ament:The path '/home/robogames/Dog/dingo_ws/install/dingo_utilities' in the environment variable AMENT_PREFIX_PATH doesn't exist
[0.411s] WARNING:colcon.colcon_ros.prefix_path.ament:The path '/home/robogames/Dog/dingo_ws/install/dingo_servo_interfacing' in the environment variable AMENT_PREFIX_PATH doesn't exist
[0.412s] WARNING:colcon.colcon_ros.prefix_path.ament:The path '/home/robogames/Dog/dingo_ws/install/dingo_peripheral_interfacing' in the environment variable AMENT_PREFIX_PATH doesn't exist
[0.413s] WARNING:colcon.colcon_ros.prefix_path.ament:The path '/home/robogames/Dog/dingo_ws/install/dingo_msgs' in the environment variable AMENT_PREFIX_PATH doesn't exist
[0.413s] WARNING:colcon.colcon_ros.prefix_path.ament:The path '/home/robogames/Dog/dingo_ws/install/dingo_input_interfacing' in the environment variable AMENT_PREFIX_PATH doesn't exist
[0.413s] WARNING:colcon.colcon_ros.prefix_path.ament:The path '/home/robogames/Dog/dingo_ws/install/dingo_gazebo' in the environment variable AMENT_PREFIX_PATH doesn't exist
[0.413s] WARNING:colcon.colcon_ros.prefix_path.ament:The path '/home/robogames/Dog/dingo_ws/install/dingo_description' in the environment variable AMENT_PREFIX_PATH doesn't exist
[0.414s] WARNING:colcon.colcon_ros.prefix_path.ament:The path '/home/robogames/Dog/dingo_ws/install/dingo_control' in the environment variable AMENT_PREFIX_PATH doesn't exist
[0.414s] WARNING:colcon.colcon_ros.prefix_path.ament:The path '/home/robogames/Dog/dingo_ws/install/dingo' in the environment variable AMENT_PREFIX_PATH doesn't exist
[0.414s] WARNING:colcon.colcon_ros.prefix_path.catkin:The path '/home/robogames/Dog/dingo_ws/install/dingo_msgs' in the environment variable CMAKE_PREFIX_PATH doesn't exist
[0.420s] DEBUG:colcon.colcon_installed_package_information.package_discovery:Found 9 installed packages in /home/robogames/Desktop/Dog/dingo_ws/install
[0.421s] DEBUG:colcon.colcon_installed_package_information.package_discovery:Found 5 installed packages in /home/robogames/vt-cro/robogames_pi/car_robot_ws/install
[0.427s] DEBUG:colcon.colcon_installed_package_information.package_discovery:Found 492 installed packages in /opt/ros/jazzy
[0.430s] Level 1:colcon.colcon_core.package_discovery:discover_packages(prefix_path) using defaults
[0.584s] Level 5:colcon.colcon_core.verb:set package 'dingo' build argument 'cmake_args' from command line to 'None'
[0.584s] Level 5:colcon.colcon_core.verb:set package 'dingo' build argument 'cmake_target' from command line to 'None'
[0.584s] Level 5:colcon.colcon_core.verb:set package 'dingo' build argument 'cmake_target_skip_unavailable' from command line to 'False'
[0.584s] Level 5:colcon.colcon_core.verb:set package 'dingo' build argument 'cmake_clean_cache' from command line to 'False'
[0.584s] Level 5:colcon.colcon_core.verb:set package 'dingo' build argument 'cmake_clean_first' from command line to 'False'
[0.584s] Level 5:colcon.colcon_core.verb:set package 'dingo' build argument 'cmake_force_configure' from command line to 'False'
[0.584s] Level 5:colcon.colcon_core.verb:set package 'dingo' build argument 'ament_cmake_args' from command line to 'None'
[0.584s] Level 5:colcon.colcon_core.verb:set package 'dingo' build argument 'catkin_cmake_args' from command line to 'None'
[0.584s] Level 5:colcon.colcon_core.verb:set package 'dingo' build argument 'catkin_skip_building_tests' from command line to 'False'
[0.584s] DEBUG:colcon.colcon_core.verb:Building package 'dingo' with the following arguments: {'ament_cmake_args': None, 'build_base': '/home/robogames/Desktop/Dog/dingo_ws/build/dingo', 'catkin_cmake_args': None, 'catkin_skip_building_tests': False, 'cmake_args': None, 'cmake_clean_cache': False, 'cmake_clean_first': False, 'cmake_force_configure': False, 'cmake_target': None, 'cmake_target_skip_unavailable': False, 'install_base': '/home/robogames/Desktop/Dog/dingo_ws/install/dingo', 'merge_install': False, 'path': '/home/robogames/Desktop/Dog/dingo_ws/src/dingo', 'symlink_install': False, 'test_result_base': None}
[0.585s] Level 5:colcon.colcon_core.verb:set package 'dingo_control' build argument 'cmake_args' from command line to 'None'
[0.585s] Level 5:colcon.colcon_core.verb:set package 'dingo_control' build argument 'cmake_target' from command line to 'None'
[0.585s] Level 5:colcon.colcon_core.verb:set package 'dingo_control' build argument 'cmake_target_skip_unavailable' from command line to 'False'
[0.585s] Level 5:colcon.colcon_core.verb:set package 'dingo_control' build argument 'cmake_clean_cache' from command line to 'False'
[0.585s] Level 5:colcon.colcon_core.verb:set package 'dingo_control' build argument 'cmake_clean_first' from command line to 'False'
[0.585s] Level 5:colcon.colcon_core.verb:set package 'dingo_control' build argument 'cmake_force_configure' from command line to 'False'
[0.585s] Level 5:colcon.colcon_core.verb:set package 'dingo_control' build argument 'ament_cmake_args' from command line to 'None'
[0.585s] Level 5:colcon.colcon_core.verb:set package 'dingo_control' build argument 'catkin_cmake_args' from command line to 'None'
[0.585s] Level 5:colcon.colcon_core.verb:set package 'dingo_control' build argument 'catkin_skip_building_tests' from command line to 'False'
[0.585s] DEBUG:colcon.colcon_core.verb:Building package 'dingo_control' with the following arguments: {'ament_cmake_args': None, 'build_base': '/home/robogames/Desktop/Dog/dingo_ws/build/dingo_control', 'catkin_cmake_args': None, 'catkin_skip_building_tests': False, 'cmake_args': None, 'cmake_clean_cache': False, 'cmake_clean_first': False, 'cmake_force_configure': False, 'cmake_target': None, 'cmake_target_skip_unavailable': False, 'install_base': '/home/robogames/Desktop/Dog/dingo_ws/install/dingo_control', 'merge_install': False, 'path': '/home/robogames/Desktop/Dog/dingo_ws/src/dingo_control', 'symlink_install': False, 'test_result_base': None}
[0.586s] Level 5:colcon.colcon_core.verb:set package 'dingo_description' build argument 'cmake_args' from command line to 'None'
[0.586s] Level 5:colcon.colcon_core.verb:set package 'dingo_description' build argument 'cmake_target' from command line to 'None'
[0.586s] Level 5:colcon.colcon_core.verb:set package 'dingo_description' build argument 'cmake_target_skip_unavailable' from command line to 'False'
[0.586s] Level 5:colcon.colcon_core.verb:set package 'dingo_description' build argument 'cmake_clean_cache' from command line to 'False'
[0.586s] Level 5:colcon.colcon_core.verb:set package 'dingo_description' build argument 'cmake_clean_first' from command line to 'False'
[0.586s] Level 5:colcon.colcon_core.verb:set package 'dingo_description' build argument 'cmake_force_configure' from command line to 'False'
[0.586s] Level 5:colcon.colcon_core.verb:set package 'dingo_description' build argument 'ament_cmake_args' from command line to 'None'
[0.586s] Level 5:colcon.colcon_core.verb:set package 'dingo_description' build argument 'catkin_cmake_args' from command line to 'None'
[0.586s] Level 5:colcon.colcon_core.verb:set package 'dingo_description' build argument 'catkin_skip_building_tests' from command line to 'False'
[0.586s] DEBUG:colcon.colcon_core.verb:Building package 'dingo_description' with the following arguments: {'ament_cmake_args': None, 'build_base': '/home/robogames/Desktop/Dog/dingo_ws/build/dingo_description', 'catkin_cmake_args': None, 'catkin_skip_building_tests': False, 'cmake_args': None, 'cmake_clean_cache': False, 'cmake_clean_first': False, 'cmake_force_configure': False, 'cmake_target': None, 'cmake_target_skip_unavailable': False, 'install_base': '/home/robogames/Desktop/Dog/dingo_ws/install/dingo_description', 'merge_install': False, 'path': '/home/robogames/Desktop/Dog/dingo_ws/src/dingo_description', 'symlink_install': False, 'test_result_base': None}
[0.586s] Level 5:colcon.colcon_core.verb:set package 'dingo_gazebo' build argument 'cmake_args' from command line to 'None'
[0.586s] Level 5:colcon.colcon_core.verb:set package 'dingo_gazebo' build argument 'cmake_target' from command line to 'None'
[0.586s] Level 5:colcon.colcon_core.verb:set package 'dingo_gazebo' build argument 'cmake_target_skip_unavailable' from command line to 'False'
[0.586s] Level 5:colcon.colcon_core.verb:set package 'dingo_gazebo' build argument 'cmake_clean_cache' from command line to 'False'
[0.586s] Level 5:colcon.colcon_core.verb:set package 'dingo_gazebo' build argument 'cmake_clean_first' from command line to 'False'
[0.587s] Level 5:colcon.colcon_core.verb:set package 'dingo_gazebo' build argument 'cmake_force_configure' from command line to 'False'
[0.587s] Level 5:colcon.colcon_core.verb:set package 'dingo_gazebo' build argument 'ament_cmake_args' from command line to 'None'
[0.587s] Level 5:colcon.colcon_core.verb:set package 'dingo_gazebo' build argument 'catkin_cmake_args' from command line to 'None'
[0.587s] Level 5:colcon.colcon_core.verb:set package 'dingo_gazebo' build argument 'catkin_skip_building_tests' from command line to 'False'
[0.587s] DEBUG:colcon.colcon_core.verb:Building package 'dingo_gazebo' with the following arguments: {'ament_cmake_args': None, 'build_base': '/home/robogames/Desktop/Dog/dingo_ws/build/dingo_gazebo', 'catkin_cmake_args': None, 'catkin_skip_building_tests': False, 'cmake_args': None, 'cmake_clean_cache': False, 'cmake_clean_first': False, 'cmake_force_configure': False, 'cmake_target': None, 'cmake_target_skip_unavailable': False, 'install_base': '/home/robogames/Desktop/Dog/dingo_ws/install/dingo_gazebo', 'merge_install': False, 'path': '/home/robogames/Desktop/Dog/dingo_ws/src/dingo_gazebo', 'symlink_install': False, 'test_result_base': None}
[0.587s] Level 5:colcon.colcon_core.verb:set package 'dingo_input_interfacing' build argument 'cmake_args' from command line to 'None'
[0.587s] Level 5:colcon.colcon_core.verb:set package 'dingo_input_interfacing' build argument 'cmake_target' from command line to 'None'
[0.587s] Level 5:colcon.colcon_core.verb:set package 'dingo_input_interfacing' build argument 'cmake_target_skip_unavailable' from command line to 'False'
[0.587s] Level 5:colcon.colcon_core.verb:set package 'dingo_input_interfacing' build argument 'cmake_clean_cache' from command line to 'False'
[0.587s] Level 5:colcon.colcon_core.verb:set package 'dingo_input_interfacing' build argument 'cmake_clean_first' from command line to 'False'
[0.587s] Level 5:colcon.colcon_core.verb:set package 'dingo_input_interfacing' build argument 'cmake_force_configure' from command line to 'False'
[0.587s] Level 5:colcon.colcon_core.verb:set package 'dingo_input_interfacing' build argument 'ament_cmake_args' from command line to 'None'
[0.587s] Level 5:colcon.colcon_core.verb:set package 'dingo_input_interfacing' build argument 'catkin_cmake_args' from command line to 'None'
[0.587s] Level 5:colcon.colcon_core.verb:set package 'dingo_input_interfacing' build argument 'catkin_skip_building_tests' from command line to 'False'
[0.587s] DEBUG:colcon.colcon_core.verb:Building package 'dingo_input_interfacing' with the following arguments: {'ament_cmake_args': None, 'build_base': '/home/robogames/Desktop/Dog/dingo_ws/build/dingo_input_interfacing', 'catkin_cmake_args': None, 'catkin_skip_building_tests': False, 'cmake_args': None, 'cmake_clean_cache': False, 'cmake_clean_first': False, 'cmake_force_configure': False, 'cmake_target': None, 'cmake_target_skip_unavailable': False, 'install_base': '/home/robogames/Desktop/Dog/dingo_ws/install/dingo_input_interfacing', 'merge_install': False, 'path': '/home/robogames/Desktop/Dog/dingo_ws/src/dingo_input_interfacing', 'symlink_install': False, 'test_result_base': None}
[0.588s] Level 5:colcon.colcon_core.verb:set package 'dingo_msgs' build argument 'cmake_args' from command line to 'None'
[0.588s] Level 5:colcon.colcon_core.verb:set package 'dingo_msgs' build argument 'cmake_target' from command line to 'None'
[0.588s] Level 5:colcon.colcon_core.verb:set package 'dingo_msgs' build argument 'cmake_target_skip_unavailable' from command line to 'False'
[0.588s] Level 5:colcon.colcon_core.verb:set package 'dingo_msgs' build argument 'cmake_clean_cache' from command line to 'False'
[0.588s] Level 5:colcon.colcon_core.verb:set package 'dingo_msgs' build argument 'cmake_clean_first' from command line to 'False'
[0.588s] Level 5:colcon.colcon_core.verb:set package 'dingo_msgs' build argument 'cmake_force_configure' from command line to 'False'
[0.588s] Level 5:colcon.colcon_core.verb:set package 'dingo_msgs' build argument 'ament_cmake_args' from command line to 'None'
[0.588s] Level 5:colcon.colcon_core.verb:set package 'dingo_msgs' build argument 'catkin_cmake_args' from command line to 'None'
[0.588s] Level 5:colcon.colcon_core.verb:set package 'dingo_msgs' build argument 'catkin_skip_building_tests' from command line to 'False'
[0.588s] DEBUG:colcon.colcon_core.verb:Building package 'dingo_msgs' with the following arguments: {'ament_cmake_args': None, 'build_base': '/home/robogames/Desktop/Dog/dingo_ws/build/dingo_msgs', 'catkin_cmake_args': None, 'catkin_skip_building_tests': False, 'cmake_args': None, 'cmake_clean_cache': False, 'cmake_clean_first': False, 'cmake_force_configure': False, 'cmake_target': None, 'cmake_target_skip_unavailable': False, 'install_base': '/home/robogames/Desktop/Dog/dingo_ws/install/dingo_msgs', 'merge_install': False, 'path': '/home/robogames/Desktop/Dog/dingo_ws/src/dingo_msgs', 'symlink_install': False, 'test_result_base': None}
[0.588s] Level 5:colcon.colcon_core.verb:set package 'dingo_peripheral_interfacing' build argument 'cmake_args' from command line to 'None'
[0.588s] Level 5:colcon.colcon_core.verb:set package 'dingo_peripheral_interfacing' build argument 'cmake_target' from command line to 'None'
[0.588s] Level 5:colcon.colcon_core.verb:set package 'dingo_peripheral_interfacing' build argument 'cmake_target_skip_unavailable' from command line to 'False'
[0.588s] Level 5:colcon.colcon_core.verb:set package 'dingo_peripheral_interfacing' build argument 'cmake_clean_cache' from command line to 'False'
[0.588s] Level 5:colcon.colcon_core.verb:set package 'dingo_peripheral_interfacing' build argument 'cmake_clean_first' from command line to 'False'
[0.588s] Level 5:colcon.colcon_core.verb:set package 'dingo_peripheral_interfacing' build argument 'cmake_force_configure' from command line to 'False'
[0.588s] Level 5:colcon.colcon_core.verb:set package 'dingo_peripheral_interfacing' build argument 'ament_cmake_args' from command line to 'None'
[0.588s] Level 5:colcon.colcon_core.verb:set package 'dingo_peripheral_interfacing' build argument 'catkin_cmake_args' from command line to 'None'
[0.588s] Level 5:colcon.colcon_core.verb:set package 'dingo_peripheral_interfacing' build argument 'catkin_skip_building_tests' from command line to 'False'
[0.588s] DEBUG:colcon.colcon_core.verb:Building package 'dingo_peripheral_interfacing' with the following arguments: {'ament_cmake_args': None, 'build_base': '/home/robogames/Desktop/Dog/dingo_ws/build/dingo_peripheral_interfacing', 'catkin_cmake_args': None, 'catkin_skip_building_tests': False, 'cmake_args': None, 'cmake_clean_cache': False, 'cmake_clean_first': False, 'cmake_force_configure': False, 'cmake_target': None, 'cmake_target_skip_unavailable': False, 'install_base': '/home/robogames/Desktop/Dog/dingo_ws/install/dingo_peripheral_interfacing', 'merge_install': False, 'path': '/home/robogames/Desktop/Dog/dingo_ws/src/dingo_peripheral_interfacing', 'symlink_install': False, 'test_result_base': None}
[0.589s] Level 5:colcon.colcon_core.verb:set package 'dingo_servo_interfacing' build argument 'cmake_args' from command line to 'None'
[0.589s] Level 5:colcon.colcon_core.verb:set package 'dingo_servo_interfacing' build argument 'cmake_target' from command line to 'None'
[0.589s] Level 5:colcon.colcon_core.verb:set package 'dingo_servo_interfacing' build argument 'cmake_target_skip_unavailable' from command line to 'False'
[0.589s] Level 5:colcon.colcon_core.verb:set package 'dingo_servo_interfacing' build argument 'cmake_clean_cache' from command line to 'False'
[0.589s] Level 5:colcon.colcon_core.verb:set package 'dingo_servo_interfacing' build argument 'cmake_clean_first' from command line to 'False'
[0.589s] Level 5:colcon.colcon_core.verb:set package 'dingo_servo_interfacing' build argument 'cmake_force_configure' from command line to 'False'
[0.589s] Level 5:colcon.colcon_core.verb:set package 'dingo_servo_interfacing' build argument 'ament_cmake_args' from command line to 'None'
[0.589s] Level 5:colcon.colcon_core.verb:set package 'dingo_servo_interfacing' build argument 'catkin_cmake_args' from command line to 'None'
[0.589s] Level 5:colcon.colcon_core.verb:set package 'dingo_servo_interfacing' build argument 'catkin_skip_building_tests' from command line to 'False'
[0.589s] DEBUG:colcon.colcon_core.verb:Building package 'dingo_servo_interfacing' with the following arguments: {'ament_cmake_args': None, 'build_base': '/home/robogames/Desktop/Dog/dingo_ws/build/dingo_servo_interfacing', 'catkin_cmake_args': None, 'catkin_skip_building_tests': False, 'cmake_args': None, 'cmake_clean_cache': False, 'cmake_clean_first': False, 'cmake_force_configure': False, 'cmake_target': None, 'cmake_target_skip_unavailable': False, 'install_base': '/home/robogames/Desktop/Dog/dingo_ws/install/dingo_servo_interfacing', 'merge_install': False, 'path': '/home/robogames/Desktop/Dog/dingo_ws/src/dingo_servo_interfacing', 'symlink_install': False, 'test_result_base': None}
[0.589s] Level 5:colcon.colcon_core.verb:set package 'dingo_utilities' build argument 'cmake_args' from command line to 'None'
[0.589s] Level 5:colcon.colcon_core.verb:set package 'dingo_utilities' build argument 'cmake_target' from command line to 'None'
[0.589s] Level 5:colcon.colcon_core.verb:set package 'dingo_utilities' build argument 'cmake_target_skip_unavailable' from command line to 'False'
[0.589s] Level 5:colcon.colcon_core.verb:set package 'dingo_utilities' build argument 'cmake_clean_cache' from command line to 'False'
[0.589s] Level 5:colcon.colcon_core.verb:set package 'dingo_utilities' build argument 'cmake_clean_first' from command line to 'False'
[0.589s] Level 5:colcon.colcon_core.verb:set package 'dingo_utilities' build argument 'cmake_force_configure' from command line to 'False'
[0.589s] Level 5:colcon.colcon_core.verb:set package 'dingo_utilities' build argument 'ament_cmake_args' from command line to 'None'
[0.589s] Level 5:colcon.colcon_core.verb:set package 'dingo_utilities' build argument 'catkin_cmake_args' from command line to 'None'
[0.589s] Level 5:colcon.colcon_core.verb:set package 'dingo_utilities' build argument 'catkin_skip_building_tests' from command line to 'False'
[0.589s] DEBUG:colcon.colcon_core.verb:Building package 'dingo_utilities' with the following arguments: {'ament_cmake_args': None, 'build_base': '/home/robogames/Desktop/Dog/dingo_ws/build/dingo_utilities', 'catkin_cmake_args': None, 'catkin_skip_building_tests': False, 'cmake_args': None, 'cmake_clean_cache': False, 'cmake_clean_first': False, 'cmake_force_configure': False, 'cmake_target': None, 'cmake_target_skip_unavailable': False, 'install_base': '/home/robogames/Desktop/Dog/dingo_ws/install/dingo_utilities', 'merge_install': False, 'path': '/home/robogames/Desktop/Dog/dingo_ws/src/dingo_utilities', 'symlink_install': False, 'test_result_base': None}
[0.590s] INFO:colcon.colcon_core.executor:Executing jobs using 'parallel' executor
[0.591s] DEBUG:colcon.colcon_parallel_executor.executor.parallel:run_until_complete
[0.591s] INFO:colcon.colcon_ros.task.ament_python.build:Building ROS package in '/home/robogames/Desktop/Dog/dingo_ws/src/dingo' with build type 'ament_python'
[0.592s] Level 1:colcon.colcon_core.shell:create_environment_hook('dingo', 'ament_prefix_path')
[0.599s] INFO:colcon.colcon_core.plugin_system:Skipping extension 'colcon_core.shell.bat': Not used on non-Windows systems
[0.600s] INFO:colcon.colcon_core.shell:Creating environment hook '/home/robogames/Desktop/Dog/dingo_ws/install/dingo/share/dingo/hook/ament_prefix_path.ps1'
[0.603s] INFO:colcon.colcon_core.shell:Creating environment descriptor '/home/robogames/Desktop/Dog/dingo_ws/install/dingo/share/dingo/hook/ament_prefix_path.dsv'
[0.605s] INFO:colcon.colcon_core.shell:Creating environment hook '/home/robogames/Desktop/Dog/dingo_ws/install/dingo/share/dingo/hook/ament_prefix_path.sh'
[0.609s] INFO:colcon.colcon_core.shell:Skip shell extension 'powershell' for command environment: Not usable outside of PowerShell
[0.609s] DEBUG:colcon.colcon_core.shell:Skip shell extension 'dsv' for command environment
[0.621s] INFO:colcon.colcon_ros.task.ament_python.build:Building ROS package in '/home/robogames/Desktop/Dog/dingo_ws/src/dingo_control' with build type 'ament_python'
[0.621s] Level 1:colcon.colcon_core.shell:create_environment_hook('dingo_control', 'ament_prefix_path')
[0.622s] INFO:colcon.colcon_core.shell:Creating environment hook '/home/robogames/Desktop/Dog/dingo_ws/install/dingo_control/share/dingo_control/hook/ament_prefix_path.ps1'
[0.622s] INFO:colcon.colcon_core.shell:Creating environment descriptor '/home/robogames/Desktop/Dog/dingo_ws/install/dingo_control/share/dingo_control/hook/ament_prefix_path.dsv'
[0.623s] INFO:colcon.colcon_core.shell:Creating environment hook '/home/robogames/Desktop/Dog/dingo_ws/install/dingo_control/share/dingo_control/hook/ament_prefix_path.sh'
[0.624s] INFO:colcon.colcon_core.shell:Skip shell extension 'powershell' for command environment: Not usable outside of PowerShell
[0.624s] DEBUG:colcon.colcon_core.shell:Skip shell extension 'dsv' for command environment
[0.634s] INFO:colcon.colcon_ros.task.ament_python.build:Building ROS package in '/home/robogames/Desktop/Dog/dingo_ws/src/dingo_description' with build type 'ament_python'
[0.635s] Level 1:colcon.colcon_core.shell:create_environment_hook('dingo_description', 'ament_prefix_path')
[0.636s] INFO:colcon.colcon_core.shell:Creating environment hook '/home/robogames/Desktop/Dog/dingo_ws/install/dingo_description/share/dingo_description/hook/ament_prefix_path.ps1'
[0.638s] INFO:colcon.colcon_core.shell:Creating environment descriptor '/home/robogames/Desktop/Dog/dingo_ws/install/dingo_description/share/dingo_description/hook/ament_prefix_path.dsv'
[0.640s] INFO:colcon.colcon_core.shell:Creating environment hook '/home/robogames/Desktop/Dog/dingo_ws/install/dingo_description/share/dingo_description/hook/ament_prefix_path.sh'
[0.642s] INFO:colcon.colcon_core.shell:Skip shell extension 'powershell' for command environment: Not usable outside of PowerShell
[0.642s] DEBUG:colcon.colcon_core.shell:Skip shell extension 'dsv' for command environment
[0.654s] INFO:colcon.colcon_ros.task.ament_python.build:Building ROS package in '/home/robogames/Desktop/Dog/dingo_ws/src/dingo_gazebo' with build type 'ament_python'
[0.654s] Level 1:colcon.colcon_core.shell:create_environment_hook('dingo_gazebo', 'ament_prefix_path')
[0.655s] INFO:colcon.colcon_core.shell:Creating environment hook '/home/robogames/Desktop/Dog/dingo_ws/install/dingo_gazebo/share/dingo_gazebo/hook/ament_prefix_path.ps1'
[0.656s] INFO:colcon.colcon_core.shell:Creating environment descriptor '/home/robogames/Desktop/Dog/dingo_ws/install/dingo_gazebo/share/dingo_gazebo/hook/ament_prefix_path.dsv'
[0.659s] INFO:colcon.colcon_core.shell:Creating environment hook '/home/robogames/Desktop/Dog/dingo_ws/install/dingo_gazebo/share/dingo_gazebo/hook/ament_prefix_path.sh'
[0.661s] INFO:colcon.colcon_core.shell:Skip shell extension 'powershell' for command environment: Not usable outside of PowerShell
[0.661s] DEBUG:colcon.colcon_core.shell:Skip shell extension 'dsv' for command environment
[1.183s] INFO:colcon.colcon_core.task.python.build:Building Python package in '/home/robogames/Desktop/Dog/dingo_ws/src/dingo'
[1.183s] INFO:colcon.colcon_core.shell:Skip shell extension 'powershell' for command environment: Not usable outside of PowerShell
[1.183s] DEBUG:colcon.colcon_core.shell:Skip shell extension 'dsv' for command environment
[1.686s] INFO:colcon.colcon_core.task.python.build:Building Python package in '/home/robogames/Desktop/Dog/dingo_ws/src/dingo_control'
[1.687s] INFO:colcon.colcon_core.shell:Skip shell extension 'powershell' for command environment: Not usable outside of PowerShell
[1.687s] DEBUG:colcon.colcon_core.shell:Skip shell extension 'dsv' for command environment
[2.202s] INFO:colcon.colcon_core.task.python.build:Building Python package in '/home/robogames/Desktop/Dog/dingo_ws/src/dingo_description'
[2.203s] INFO:colcon.colcon_core.shell:Skip shell extension 'powershell' for command environment: Not usable outside of PowerShell
[2.203s] DEBUG:colcon.colcon_core.shell:Skip shell extension 'dsv' for command environment
[2.697s] INFO:colcon.colcon_core.task.python.build:Building Python package in '/home/robogames/Desktop/Dog/dingo_ws/src/dingo_gazebo'
[2.697s] INFO:colcon.colcon_core.shell:Skip shell extension 'powershell' for command environment: Not usable outside of PowerShell
[2.697s] DEBUG:colcon.colcon_core.shell:Skip shell extension 'dsv' for command environment
[4.493s] DEBUG:colcon.colcon_core.event_handler.log_command:Invoking command in '/home/robogames/Desktop/Dog/dingo_ws/src/dingo_control': DEBUGINFOD_URLS=https://debuginfod.ubuntu.com PS1=(ros2_python_venv) \[\e]0;\u@\h: \w\a\]${debian_chroot:+($debian_chroot)}\[\033[01;32m\]\u@\h\[\033[00m\]:\[\033[01;34m\]\w\[\033[00m\]\$ PYTHONPATH=/home/robogames/Desktop/Dog/dingo_ws/build/dingo_control/prefix_override:/usr/lib/python3/dist-packages/colcon_core/task/python/colcon_distutils_commands:/home/robogames/Desktop/Dog/dingo_ws/install/dingo_control/lib/python3.12/site-packages:${PYTHONPATH} VIRTUAL_ENV_PROMPT=(ros2_python_venv) /usr/bin/python3 -W ignore:setup.py install is deprecated -W ignore:easy_install command is deprecated setup.py egg_info --egg-base ../../build/dingo_control build --build-base /home/robogames/Desktop/Dog/dingo_ws/build/dingo_control/build install --record /home/robogames/Desktop/Dog/dingo_ws/build/dingo_control/install.log --single-version-externally-managed install_data
[4.624s] DEBUG:colcon.colcon_core.event_handler.log_command:Invoking command in '/home/robogames/Desktop/Dog/dingo_ws/src/dingo': DEBUGINFOD_URLS=https://debuginfod.ubuntu.com PS1=(ros2_python_venv) \[\e]0;\u@\h: \w\a\]${debian_chroot:+($debian_chroot)}\[\033[01;32m\]\u@\h\[\033[00m\]:\[\033[01;34m\]\w\[\033[00m\]\$ PYTHONPATH=/home/robogames/Desktop/Dog/dingo_ws/build/dingo/prefix_override:/usr/lib/python3/dist-packages/colcon_core/task/python/colcon_distutils_commands:/home/robogames/Desktop/Dog/dingo_ws/install/dingo/lib/python3.12/site-packages:${PYTHONPATH} VIRTUAL_ENV_PROMPT=(ros2_python_venv) /usr/bin/python3 -W ignore:setup.py install is deprecated -W ignore:easy_install command is deprecated setup.py egg_info --egg-base ../../build/dingo build --build-base /home/robogames/Desktop/Dog/dingo_ws/build/dingo/build install --record /home/robogames/Desktop/Dog/dingo_ws/build/dingo/install.log --single-version-externally-managed install_data
[4.873s] DEBUG:colcon.colcon_core.event_handler.log_command:Invoking command in '/home/robogames/Desktop/Dog/dingo_ws/src/dingo_gazebo': DEBUGINFOD_URLS=https://debuginfod.ubuntu.com PS1=(ros2_python_venv) \[\e]0;\u@\h: \w\a\]${debian_chroot:+($debian_chroot)}\[\033[01;32m\]\u@\h\[\033[00m\]:\[\033[01;34m\]\w\[\033[00m\]\$ PYTHONPATH=/home/robogames/Desktop/Dog/dingo_ws/build/dingo_gazebo/prefix_override:/usr/lib/python3/dist-packages/colcon_core/task/python/colcon_distutils_commands:/home/robogames/Desktop/Dog/dingo_ws/install/dingo_gazebo/lib/python3.12/site-packages:${PYTHONPATH} VIRTUAL_ENV_PROMPT=(ros2_python_venv) /usr/bin/python3 -W ignore:setup.py install is deprecated -W ignore:easy_install command is deprecated setup.py egg_info --egg-base ../../build/dingo_gazebo build --build-base /home/robogames/Desktop/Dog/dingo_ws/build/dingo_gazebo/build install --record /home/robogames/Desktop/Dog/dingo_ws/build/dingo_gazebo/install.log --single-version-externally-managed install_data
[5.551s] DEBUG:colcon.colcon_core.event_handler.log_command:Invoking command in '/home/robogames/Desktop/Dog/dingo_ws/src/dingo_description': DEBUGINFOD_URLS=https://debuginfod.ubuntu.com PS1=(ros2_python_venv) \[\e]0;\u@\h: \w\a\]${debian_chroot:+($debian_chroot)}\[\033[01;32m\]\u@\h\[\033[00m\]:\[\033[01;34m\]\w\[\033[00m\]\$ PYTHONPATH=/home/robogames/Desktop/Dog/dingo_ws/build/dingo_description/prefix_override:/usr/lib/python3/dist-packages/colcon_core/task/python/colcon_distutils_commands:/home/robogames/Desktop/Dog/dingo_ws/install/dingo_description/lib/python3.12/site-packages:${PYTHONPATH} VIRTUAL_ENV_PROMPT=(ros2_python_venv) /usr/bin/python3 -W ignore:setup.py install is deprecated -W ignore:easy_install command is deprecated setup.py egg_info --egg-base ../../build/dingo_description build --build-base /home/robogames/Desktop/Dog/dingo_ws/build/dingo_description/build install --record /home/robogames/Desktop/Dog/dingo_ws/build/dingo_description/install.log --single-version-externally-managed install_data
[6.633s] DEBUG:colcon.colcon_core.event_handler.log_command:Invoked command in '/home/robogames/Desktop/Dog/dingo_ws/src/dingo_control' returned '0': DEBUGINFOD_URLS=https://debuginfod.ubuntu.com PS1=(ros2_python_venv) \[\e]0;\u@\h: \w\a\]${debian_chroot:+($debian_chroot)}\[\033[01;32m\]\u@\h\[\033[00m\]:\[\033[01;34m\]\w\[\033[00m\]\$ PYTHONPATH=/home/robogames/Desktop/Dog/dingo_ws/build/dingo_control/prefix_override:/usr/lib/python3/dist-packages/colcon_core/task/python/colcon_distutils_commands:/home/robogames/Desktop/Dog/dingo_ws/install/dingo_control/lib/python3.12/site-packages:${PYTHONPATH} VIRTUAL_ENV_PROMPT=(ros2_python_venv) /usr/bin/python3 -W ignore:setup.py install is deprecated -W ignore:easy_install command is deprecated setup.py egg_info --egg-base ../../build/dingo_control build --build-base /home/robogames/Desktop/Dog/dingo_ws/build/dingo_control/build install --record /home/robogames/Desktop/Dog/dingo_ws/build/dingo_control/install.log --single-version-externally-managed install_data
[6.637s] Level 1:colcon.colcon_core.environment:checking '/home/robogames/Desktop/Dog/dingo_ws/install/dingo_control' for CMake module files
[6.638s] Level 1:colcon.colcon_core.environment:checking '/home/robogames/Desktop/Dog/dingo_ws/install/dingo_control' for CMake config files
[6.639s] Level 1:colcon.colcon_core.environment:checking '/home/robogames/Desktop/Dog/dingo_ws/install/dingo_control/lib'
[6.639s] Level 1:colcon.colcon_core.environment:checking '/home/robogames/Desktop/Dog/dingo_ws/install/dingo_control/bin'
[6.639s] Level 1:colcon.colcon_core.environment:checking '/home/robogames/Desktop/Dog/dingo_ws/install/dingo_control/lib/pkgconfig/dingo_control.pc'
[6.640s] Level 1:colcon.colcon_core.environment:checking '/home/robogames/Desktop/Dog/dingo_ws/install/dingo_control/lib/python3.12/site-packages'
[6.640s] Level 1:colcon.colcon_core.shell:create_environment_hook('dingo_control', 'pythonpath')
[6.641s] INFO:colcon.colcon_core.shell:Creating environment hook '/home/robogames/Desktop/Dog/dingo_ws/install/dingo_control/share/dingo_control/hook/pythonpath.ps1'
[6.642s] INFO:colcon.colcon_core.shell:Creating environment descriptor '/home/robogames/Desktop/Dog/dingo_ws/install/dingo_control/share/dingo_control/hook/pythonpath.dsv'
[6.643s] INFO:colcon.colcon_core.shell:Creating environment hook '/home/robogames/Desktop/Dog/dingo_ws/install/dingo_control/share/dingo_control/hook/pythonpath.sh'
[6.644s] Level 1:colcon.colcon_core.environment:checking '/home/robogames/Desktop/Dog/dingo_ws/install/dingo_control/bin'
[6.644s] Level 1:colcon.colcon_core.environment:create_environment_scripts_only(dingo_control)
[6.645s] INFO:colcon.colcon_core.shell:Creating package script '/home/robogames/Desktop/Dog/dingo_ws/install/dingo_control/share/dingo_control/package.ps1'
[6.646s] INFO:colcon.colcon_core.shell:Creating package descriptor '/home/robogames/Desktop/Dog/dingo_ws/install/dingo_control/share/dingo_control/package.dsv'
[6.647s] INFO:colcon.colcon_core.shell:Creating package script '/home/robogames/Desktop/Dog/dingo_ws/install/dingo_control/share/dingo_control/package.sh'
[6.648s] INFO:colcon.colcon_core.shell:Creating package script '/home/robogames/Desktop/Dog/dingo_ws/install/dingo_control/share/dingo_control/package.bash'
[6.649s] INFO:colcon.colcon_core.shell:Creating package script '/home/robogames/Desktop/Dog/dingo_ws/install/dingo_control/share/dingo_control/package.zsh'
[6.651s] Level 1:colcon.colcon_core.environment:create_file_with_runtime_dependencies(/home/robogames/Desktop/Dog/dingo_ws/install/dingo_control/share/colcon-core/packages/dingo_control)
[6.658s] INFO:colcon.colcon_ros.task.ament_python.build:Building ROS package in '/home/robogames/Desktop/Dog/dingo_ws/src/dingo_input_interfacing' with build type 'ament_python'
[6.659s] Level 1:colcon.colcon_core.shell:create_environment_hook('dingo_input_interfacing', 'ament_prefix_path')
[6.660s] INFO:colcon.colcon_core.shell:Creating environment hook '/home/robogames/Desktop/Dog/dingo_ws/install/dingo_input_interfacing/share/dingo_input_interfacing/hook/ament_prefix_path.ps1'
[6.669s] INFO:colcon.colcon_core.shell:Creating environment descriptor '/home/robogames/Desktop/Dog/dingo_ws/install/dingo_input_interfacing/share/dingo_input_interfacing/hook/ament_prefix_path.dsv'
[6.674s] INFO:colcon.colcon_core.shell:Creating environment hook '/home/robogames/Desktop/Dog/dingo_ws/install/dingo_input_interfacing/share/dingo_input_interfacing/hook/ament_prefix_path.sh'
[6.679s] INFO:colcon.colcon_core.shell:Skip shell extension 'powershell' for command environment: Not usable outside of PowerShell
[6.681s] DEBUG:colcon.colcon_core.shell:Skip shell extension 'dsv' for command environment
[7.357s] WARNING:colcon.colcon_ros.task.ament_python.build:Package 'dingo_input_interfacing' doesn't explicitly install a marker in the package index (colcon-ros currently does it implicitly but that fallback will be removed in the future)
[7.406s] WARNING:colcon.colcon_ros.task.ament_python.build:Package 'dingo_input_interfacing' doesn't explicitly install the 'package.xml' file (colcon-ros currently does it implicitly but that fallback will be removed in the future)
[7.407s] INFO:colcon.colcon_core.task.python.build:Building Python package in '/home/robogames/Desktop/Dog/dingo_ws/src/dingo_input_interfacing'
[7.408s] INFO:colcon.colcon_core.shell:Skip shell extension 'powershell' for command environment: Not usable outside of PowerShell
[7.408s] DEBUG:colcon.colcon_core.shell:Skip shell extension 'dsv' for command environment
[7.428s] Level 1:colcon.colcon_core.environment:checking '/home/robogames/Desktop/Dog/dingo_ws/install/dingo' for CMake module files
[7.430s] DEBUG:colcon.colcon_core.event_handler.log_command:Invoked command in '/home/robogames/Desktop/Dog/dingo_ws/src/dingo' returned '0': DEBUGINFOD_URLS=https://debuginfod.ubuntu.com PS1=(ros2_python_venv) \[\e]0;\u@\h: \w\a\]${debian_chroot:+($debian_chroot)}\[\033[01;32m\]\u@\h\[\033[00m\]:\[\033[01;34m\]\w\[\033[00m\]\$ PYTHONPATH=/home/robogames/Desktop/Dog/dingo_ws/build/dingo/prefix_override:/usr/lib/python3/dist-packages/colcon_core/task/python/colcon_distutils_commands:/home/robogames/Desktop/Dog/dingo_ws/install/dingo/lib/python3.12/site-packages:${PYTHONPATH} VIRTUAL_ENV_PROMPT=(ros2_python_venv) /usr/bin/python3 -W ignore:setup.py install is deprecated -W ignore:easy_install command is deprecated setup.py egg_info --egg-base ../../build/dingo build --build-base /home/robogames/Desktop/Dog/dingo_ws/build/dingo/build install --record /home/robogames/Desktop/Dog/dingo_ws/build/dingo/install.log --single-version-externally-managed install_data
[7.431s] Level 1:colcon.colcon_core.environment:checking '/home/robogames/Desktop/Dog/dingo_ws/install/dingo' for CMake config files
[7.433s] Level 1:colcon.colcon_core.environment:checking '/home/robogames/Desktop/Dog/dingo_ws/install/dingo/lib'
[7.433s] Level 1:colcon.colcon_core.environment:checking '/home/robogames/Desktop/Dog/dingo_ws/install/dingo/bin'
[7.433s] Level 1:colcon.colcon_core.environment:checking '/home/robogames/Desktop/Dog/dingo_ws/install/dingo/lib/pkgconfig/dingo.pc'
[7.433s] Level 1:colcon.colcon_core.environment:checking '/home/robogames/Desktop/Dog/dingo_ws/install/dingo/lib/python3.12/site-packages'
[7.433s] Level 1:colcon.colcon_core.shell:create_environment_hook('dingo', 'pythonpath')
[7.434s] INFO:colcon.colcon_core.shell:Creating environment hook '/home/robogames/Desktop/Dog/dingo_ws/install/dingo/share/dingo/hook/pythonpath.ps1'
[7.434s] INFO:colcon.colcon_core.shell:Creating environment descriptor '/home/robogames/Desktop/Dog/dingo_ws/install/dingo/share/dingo/hook/pythonpath.dsv'
[7.435s] INFO:colcon.colcon_core.shell:Creating environment hook '/home/robogames/Desktop/Dog/dingo_ws/install/dingo/share/dingo/hook/pythonpath.sh'
[7.436s] Level 1:colcon.colcon_core.environment:checking '/home/robogames/Desktop/Dog/dingo_ws/install/dingo/bin'
[7.436s] Level 1:colcon.colcon_core.environment:create_environment_scripts_only(dingo)
[7.436s] INFO:colcon.colcon_core.shell:Creating package script '/home/robogames/Desktop/Dog/dingo_ws/install/dingo/share/dingo/package.ps1'
[7.437s] INFO:colcon.colcon_core.shell:Creating package descriptor '/home/robogames/Desktop/Dog/dingo_ws/install/dingo/share/dingo/package.dsv'
[7.437s] INFO:colcon.colcon_core.shell:Creating package script '/home/robogames/Desktop/Dog/dingo_ws/install/dingo/share/dingo/package.sh'
[7.438s] INFO:colcon.colcon_core.shell:Creating package script '/home/robogames/Desktop/Dog/dingo_ws/install/dingo/share/dingo/package.bash'
[7.438s] INFO:colcon.colcon_core.shell:Creating package script '/home/robogames/Desktop/Dog/dingo_ws/install/dingo/share/dingo/package.zsh'
[7.438s] Level 1:colcon.colcon_core.environment:create_file_with_runtime_dependencies(/home/robogames/Desktop/Dog/dingo_ws/install/dingo/share/colcon-core/packages/dingo)
[7.440s] INFO:colcon.colcon_ros.task.ament_cmake.build:Building ROS package in '/home/robogames/Desktop/Dog/dingo_ws/src/dingo_msgs' with build type 'ament_cmake'
[7.440s] INFO:colcon.colcon_cmake.task.cmake.build:Building CMake package in '/home/robogames/Desktop/Dog/dingo_ws/src/dingo_msgs'
[7.440s] INFO:colcon.colcon_core.shell:Skip shell extension 'powershell' for command environment: Not usable outside of PowerShell
[7.440s] DEBUG:colcon.colcon_core.shell:Skip shell extension 'dsv' for command environment
[7.452s] Level 1:colcon.colcon_core.environment:checking '/home/robogames/Desktop/Dog/dingo_ws/install/dingo_gazebo' for CMake module files
[7.454s] Level 1:colcon.colcon_core.environment:checking '/home/robogames/Desktop/Dog/dingo_ws/install/dingo_gazebo' for CMake config files
[7.455s] Level 1:colcon.colcon_core.environment:checking '/home/robogames/Desktop/Dog/dingo_ws/install/dingo_gazebo/lib'
[7.455s] Level 1:colcon.colcon_core.environment:checking '/home/robogames/Desktop/Dog/dingo_ws/install/dingo_gazebo/bin'
[7.455s] Level 1:colcon.colcon_core.environment:checking '/home/robogames/Desktop/Dog/dingo_ws/install/dingo_gazebo/lib/pkgconfig/dingo_gazebo.pc'
[7.456s] Level 1:colcon.colcon_core.environment:checking '/home/robogames/Desktop/Dog/dingo_ws/install/dingo_gazebo/lib/python3.12/site-packages'
[7.456s] Level 1:colcon.colcon_core.shell:create_environment_hook('dingo_gazebo', 'pythonpath')
[7.457s] INFO:colcon.colcon_core.shell:Creating environment hook '/home/robogames/Desktop/Dog/dingo_ws/install/dingo_gazebo/share/dingo_gazebo/hook/pythonpath.ps1'
[7.458s] DEBUG:colcon.colcon_core.event_handler.log_command:Invoked command in '/home/robogames/Desktop/Dog/dingo_ws/src/dingo_gazebo' returned '0': DEBUGINFOD_URLS=https://debuginfod.ubuntu.com PS1=(ros2_python_venv) \[\e]0;\u@\h: \w\a\]${debian_chroot:+($debian_chroot)}\[\033[01;32m\]\u@\h\[\033[00m\]:\[\033[01;34m\]\w\[\033[00m\]\$ PYTHONPATH=/home/robogames/Desktop/Dog/dingo_ws/build/dingo_gazebo/prefix_override:/usr/lib/python3/dist-packages/colcon_core/task/python/colcon_distutils_commands:/home/robogames/Desktop/Dog/dingo_ws/install/dingo_gazebo/lib/python3.12/site-packages:${PYTHONPATH} VIRTUAL_ENV_PROMPT=(ros2_python_venv) /usr/bin/python3 -W ignore:setup.py install is deprecated -W ignore:easy_install command is deprecated setup.py egg_info --egg-base ../../build/dingo_gazebo build --build-base /home/robogames/Desktop/Dog/dingo_ws/build/dingo_gazebo/build install --record /home/robogames/Desktop/Dog/dingo_ws/build/dingo_gazebo/install.log --single-version-externally-managed install_data
[7.460s] INFO:colcon.colcon_core.shell:Creating environment descriptor '/home/robogames/Desktop/Dog/dingo_ws/install/dingo_gazebo/share/dingo_gazebo/hook/pythonpath.dsv'
[7.461s] INFO:colcon.colcon_core.shell:Creating environment hook '/home/robogames/Desktop/Dog/dingo_ws/install/dingo_gazebo/share/dingo_gazebo/hook/pythonpath.sh'
[7.462s] Level 1:colcon.colcon_core.environment:checking '/home/robogames/Desktop/Dog/dingo_ws/install/dingo_gazebo/bin'
[7.462s] Level 1:colcon.colcon_core.environment:create_environment_scripts_only(dingo_gazebo)
[7.463s] INFO:colcon.colcon_core.shell:Creating package script '/home/robogames/Desktop/Dog/dingo_ws/install/dingo_gazebo/share/dingo_gazebo/package.ps1'
[7.465s] INFO:colcon.colcon_core.shell:Creating package descriptor '/home/robogames/Desktop/Dog/dingo_ws/install/dingo_gazebo/share/dingo_gazebo/package.dsv'
[7.466s] INFO:colcon.colcon_core.shell:Creating package script '/home/robogames/Desktop/Dog/dingo_ws/install/dingo_gazebo/share/dingo_gazebo/package.sh'
[7.467s] INFO:colcon.colcon_core.shell:Creating package script '/home/robogames/Desktop/Dog/dingo_ws/install/dingo_gazebo/share/dingo_gazebo/package.bash'
[7.468s] INFO:colcon.colcon_core.shell:Creating package script '/home/robogames/Desktop/Dog/dingo_ws/install/dingo_gazebo/share/dingo_gazebo/package.zsh'
[7.469s] Level 1:colcon.colcon_core.environment:create_file_with_runtime_dependencies(/home/robogames/Desktop/Dog/dingo_ws/install/dingo_gazebo/share/colcon-core/packages/dingo_gazebo)
[7.470s] INFO:colcon.colcon_ros.task.ament_python.build:Building ROS package in '/home/robogames/Desktop/Dog/dingo_ws/src/dingo_peripheral_interfacing' with build type 'ament_python'
[7.470s] Level 1:colcon.colcon_core.shell:create_environment_hook('dingo_peripheral_interfacing', 'ament_prefix_path')
[7.470s] INFO:colcon.colcon_core.shell:Creating environment hook '/home/robogames/Desktop/Dog/dingo_ws/install/dingo_peripheral_interfacing/share/dingo_peripheral_interfacing/hook/ament_prefix_path.ps1'
[7.471s] INFO:colcon.colcon_core.shell:Creating environment descriptor '/home/robogames/Desktop/Dog/dingo_ws/install/dingo_peripheral_interfacing/share/dingo_peripheral_interfacing/hook/ament_prefix_path.dsv'
[7.472s] INFO:colcon.colcon_core.shell:Creating environment hook '/home/robogames/Desktop/Dog/dingo_ws/install/dingo_peripheral_interfacing/share/dingo_peripheral_interfacing/hook/ament_prefix_path.sh'
[7.472s] INFO:colcon.colcon_core.shell:Skip shell extension 'powershell' for command environment: Not usable outside of PowerShell
[7.472s] DEBUG:colcon.colcon_core.shell:Skip shell extension 'dsv' for command environment
[7.664s] DEBUG:colcon.colcon_core.event_handler.log_command:Invoking command in '/home/robogames/Desktop/Dog/dingo_ws/build/dingo_msgs': CMAKE_PREFIX_PATH=/home/robogames/Desktop/Dog/dingo_ws/install/dingo_msgs:/home/robogames/Dog/dingo_ws/install/dingo_msgs:/home/robogames/vt-cro/robogames_pi/car_robot_ws/install/yolov8_msgs:/home/robogames/vt-cro/robogames_pi/car_robot_ws/install/yolobot_recognition:/home/robogames/Desktop/Dog/dingo_ws/install/dingo_utilities:/home/robogames/Desktop/Dog/dingo_ws/install/dingo_servo_interfacing:/home/robogames/Desktop/Dog/dingo_ws/install/dingo_peripheral_interfacing:/home/robogames/Desktop/Dog/dingo_ws/install/dingo_input_interfacing:/home/robogames/Desktop/Dog/dingo_ws/install/dingo_gazebo:/home/robogames/Desktop/Dog/dingo_ws/install/dingo_description:/home/robogames/Desktop/Dog/dingo_ws/install/dingo_control:/home/robogames/Desktop/Dog/dingo_ws/install/dingo:/home/robogames/Dog/dingo_ws/install/dingo_utilities:/home/robogames/Dog/dingo_ws/install/dingo_servo_interfacing:/home/robogames/Dog/dingo_ws/install/dingo_peripheral_interfacing:/home/robogames/Dog/dingo_ws/install/dingo_input_interfacing:/home/robogames/Dog/dingo_ws/install/dingo_gazebo:/home/robogames/Dog/dingo_ws/install/dingo_description:/home/robogames/Dog/dingo_ws/install/dingo_control:/home/robogames/Dog/dingo_ws/install/dingo:/opt/ros/jazzy:/home/robogames/vt-cro/robogames_pi/car_robot_ws/install/serial:/home/robogames/vt-cro/robogames_pi/car_robot_ws/install/diffdrive_arduino:/home/robogames/vt-cro/robogames_pi/car_robot_ws/install/articubot_one:/opt/ros/jazzy/opt/gz_sim_vendor:/opt/ros/jazzy/opt/gz_sensors_vendor:/opt/ros/jazzy/opt/gz_physics_vendor:/opt/ros/jazzy/opt/sdformat_vendor:/opt/ros/jazzy/opt/gz_gui_vendor:/opt/ros/jazzy/opt/gz_transport_vendor:/opt/ros/jazzy/opt/gz_rendering_vendor:/opt/ros/jazzy/opt/gz_plugin_vendor:/opt/ros/jazzy/opt/gz_fuel_tools_vendor:/opt/ros/jazzy/opt/gz_msgs_vendor:/opt/ros/jazzy/opt/gz_common_vendor:/opt/ros/jazzy/opt/gz_math_vendor:/opt/ros/jazzy/opt/gz_utils_vendor:/opt/ros/jazzy/opt/gz_tools_vendor:/opt/ros/jazzy/opt/gz_ogre_next_vendor:/opt/ros/jazzy/opt/gz_dartsim_vendor:/opt/ros/jazzy/opt/gz_cmake_vendor DEBUGINFOD_URLS=https://debuginfod.ubuntu.com PS1=(ros2_python_venv) \[\e]0;\u@\h: \w\a\]${debian_chroot:+($debian_chroot)}\[\033[01;32m\]\u@\h\[\033[00m\]:\[\033[01;34m\]\w\[\033[00m\]\$ VIRTUAL_ENV_PROMPT=(ros2_python_venv) /usr/bin/cmake --build /home/robogames/Desktop/Dog/dingo_ws/build/dingo_msgs -- -j4 -l4
[8.871s] INFO:colcon.colcon_core.task.python.build:Building Python package in '/home/robogames/Desktop/Dog/dingo_ws/src/dingo_peripheral_interfacing'
[8.872s] INFO:colcon.colcon_core.shell:Skip shell extension 'powershell' for command environment: Not usable outside of PowerShell
[8.873s] DEBUG:colcon.colcon_core.shell:Skip shell extension 'dsv' for command environment
[8.894s] Level 1:colcon.colcon_core.environment:checking '/home/robogames/Desktop/Dog/dingo_ws/install/dingo_description' for CMake module files
[8.899s] Level 1:colcon.colcon_core.environment:checking '/home/robogames/Desktop/Dog/dingo_ws/install/dingo_description' for CMake config files
[8.900s] Level 1:colcon.colcon_core.environment:checking '/home/robogames/Desktop/Dog/dingo_ws/install/dingo_description/lib'
[8.901s] Level 1:colcon.colcon_core.environment:checking '/home/robogames/Desktop/Dog/dingo_ws/install/dingo_description/bin'
[8.901s] Level 1:colcon.colcon_core.environment:checking '/home/robogames/Desktop/Dog/dingo_ws/install/dingo_description/lib/pkgconfig/dingo_description.pc'
[8.903s] Level 1:colcon.colcon_core.environment:checking '/home/robogames/Desktop/Dog/dingo_ws/install/dingo_description/lib/python3.12/site-packages'
[8.903s] Level 1:colcon.colcon_core.shell:create_environment_hook('dingo_description', 'pythonpath')
[8.904s] INFO:colcon.colcon_core.shell:Creating environment hook '/home/robogames/Desktop/Dog/dingo_ws/install/dingo_description/share/dingo_description/hook/pythonpath.ps1'
[8.904s] DEBUG:colcon.colcon_core.event_handler.log_command:Invoked command in '/home/robogames/Desktop/Dog/dingo_ws/src/dingo_description' returned '0': DEBUGINFOD_URLS=https://debuginfod.ubuntu.com PS1=(ros2_python_venv) \[\e]0;\u@\h: \w\a\]${debian_chroot:+($debian_chroot)}\[\033[01;32m\]\u@\h\[\033[00m\]:\[\033[01;34m\]\w\[\033[00m\]\$ PYTHONPATH=/home/robogames/Desktop/Dog/dingo_ws/build/dingo_description/prefix_override:/usr/lib/python3/dist-packages/colcon_core/task/python/colcon_distutils_commands:/home/robogames/Desktop/Dog/dingo_ws/install/dingo_description/lib/python3.12/site-packages:${PYTHONPATH} VIRTUAL_ENV_PROMPT=(ros2_python_venv) /usr/bin/python3 -W ignore:setup.py install is deprecated -W ignore:easy_install command is deprecated setup.py egg_info --egg-base ../../build/dingo_description build --build-base /home/robogames/Desktop/Dog/dingo_ws/build/dingo_description/build install --record /home/robogames/Desktop/Dog/dingo_ws/build/dingo_description/install.log --single-version-externally-managed install_data
[8.908s] INFO:colcon.colcon_core.shell:Creating environment descriptor '/home/robogames/Desktop/Dog/dingo_ws/install/dingo_description/share/dingo_description/hook/pythonpath.dsv'
[8.909s] INFO:colcon.colcon_core.shell:Creating environment hook '/home/robogames/Desktop/Dog/dingo_ws/install/dingo_description/share/dingo_description/hook/pythonpath.sh'
[8.914s] Level 1:colcon.colcon_core.environment:checking '/home/robogames/Desktop/Dog/dingo_ws/install/dingo_description/bin'
[8.914s] Level 1:colcon.colcon_core.environment:create_environment_scripts_only(dingo_description)
[8.916s] INFO:colcon.colcon_core.shell:Creating package script '/home/robogames/Desktop/Dog/dingo_ws/install/dingo_description/share/dingo_description/package.ps1'
[8.920s] INFO:colcon.colcon_core.shell:Creating package descriptor '/home/robogames/Desktop/Dog/dingo_ws/install/dingo_description/share/dingo_description/package.dsv'
[8.921s] INFO:colcon.colcon_core.shell:Creating package script '/home/robogames/Desktop/Dog/dingo_ws/install/dingo_description/share/dingo_description/package.sh'
[8.931s] INFO:colcon.colcon_core.shell:Creating package script '/home/robogames/Desktop/Dog/dingo_ws/install/dingo_description/share/dingo_description/package.bash'
[8.941s] INFO:colcon.colcon_core.shell:Creating package script '/home/robogames/Desktop/Dog/dingo_ws/install/dingo_description/share/dingo_description/package.zsh'
[8.962s] Level 1:colcon.colcon_core.environment:create_file_with_runtime_dependencies(/home/robogames/Desktop/Dog/dingo_ws/install/dingo_description/share/colcon-core/packages/dingo_description)
[8.969s] INFO:colcon.colcon_ros.task.ament_python.build:Building ROS package in '/home/robogames/Desktop/Dog/dingo_ws/src/dingo_servo_interfacing' with build type 'ament_python'
[8.970s] Level 1:colcon.colcon_core.shell:create_environment_hook('dingo_servo_interfacing', 'ament_prefix_path')
[8.972s] INFO:colcon.colcon_core.shell:Creating environment hook '/home/robogames/Desktop/Dog/dingo_ws/install/dingo_servo_interfacing/share/dingo_servo_interfacing/hook/ament_prefix_path.ps1'
[8.974s] INFO:colcon.colcon_core.shell:Creating environment descriptor '/home/robogames/Desktop/Dog/dingo_ws/install/dingo_servo_interfacing/share/dingo_servo_interfacing/hook/ament_prefix_path.dsv'
[8.983s] INFO:colcon.colcon_core.shell:Creating environment hook '/home/robogames/Desktop/Dog/dingo_ws/install/dingo_servo_interfacing/share/dingo_servo_interfacing/hook/ament_prefix_path.sh'
[8.989s] INFO:colcon.colcon_core.shell:Skip shell extension 'powershell' for command environment: Not usable outside of PowerShell
[8.989s] DEBUG:colcon.colcon_core.shell:Skip shell extension 'dsv' for command environment
[9.819s] WARNING:colcon.colcon_ros.task.ament_python.build:Package 'dingo_servo_interfacing' doesn't explicitly install a marker in the package index (colcon-ros currently does it implicitly but that fallback will be removed in the future)
[9.820s] WARNING:colcon.colcon_ros.task.ament_python.build:Package 'dingo_servo_interfacing' doesn't explicitly install the 'package.xml' file (colcon-ros currently does it implicitly but that fallback will be removed in the future)
[9.822s] INFO:colcon.colcon_core.task.python.build:Building Python package in '/home/robogames/Desktop/Dog/dingo_ws/src/dingo_servo_interfacing'
[9.823s] INFO:colcon.colcon_core.shell:Skip shell extension 'powershell' for command environment: Not usable outside of PowerShell
[9.824s] DEBUG:colcon.colcon_core.shell:Skip shell extension 'dsv' for command environment
[9.858s] DEBUG:colcon.colcon_core.event_handler.log_command:Invoked command in '/home/robogames/Desktop/Dog/dingo_ws/build/dingo_msgs' returned '0': CMAKE_PREFIX_PATH=/home/robogames/Desktop/Dog/dingo_ws/install/dingo_msgs:/home/robogames/Dog/dingo_ws/install/dingo_msgs:/home/robogames/vt-cro/robogames_pi/car_robot_ws/install/yolov8_msgs:/home/robogames/vt-cro/robogames_pi/car_robot_ws/install/yolobot_recognition:/home/robogames/Desktop/Dog/dingo_ws/install/dingo_utilities:/home/robogames/Desktop/Dog/dingo_ws/install/dingo_servo_interfacing:/home/robogames/Desktop/Dog/dingo_ws/install/dingo_peripheral_interfacing:/home/robogames/Desktop/Dog/dingo_ws/install/dingo_input_interfacing:/home/robogames/Desktop/Dog/dingo_ws/install/dingo_gazebo:/home/robogames/Desktop/Dog/dingo_ws/install/dingo_description:/home/robogames/Desktop/Dog/dingo_ws/install/dingo_control:/home/robogames/Desktop/Dog/dingo_ws/install/dingo:/home/robogames/Dog/dingo_ws/install/dingo_utilities:/home/robogames/Dog/dingo_ws/install/dingo_servo_interfacing:/home/robogames/Dog/dingo_ws/install/dingo_peripheral_interfacing:/home/robogames/Dog/dingo_ws/install/dingo_input_interfacing:/home/robogames/Dog/dingo_ws/install/dingo_gazebo:/home/robogames/Dog/dingo_ws/install/dingo_description:/home/robogames/Dog/dingo_ws/install/dingo_control:/home/robogames/Dog/dingo_ws/install/dingo:/opt/ros/jazzy:/home/robogames/vt-cro/robogames_pi/car_robot_ws/install/serial:/home/robogames/vt-cro/robogames_pi/car_robot_ws/install/diffdrive_arduino:/home/robogames/vt-cro/robogames_pi/car_robot_ws/install/articubot_one:/opt/ros/jazzy/opt/gz_sim_vendor:/opt/ros/jazzy/opt/gz_sensors_vendor:/opt/ros/jazzy/opt/gz_physics_vendor:/opt/ros/jazzy/opt/sdformat_vendor:/opt/ros/jazzy/opt/gz_gui_vendor:/opt/ros/jazzy/opt/gz_transport_vendor:/opt/ros/jazzy/opt/gz_rendering_vendor:/opt/ros/jazzy/opt/gz_plugin_vendor:/opt/ros/jazzy/opt/gz_fuel_tools_vendor:/opt/ros/jazzy/opt/gz_msgs_vendor:/opt/ros/jazzy/opt/gz_common_vendor:/opt/ros/jazzy/opt/gz_math_vendor:/opt/ros/jazzy/opt/gz_utils_vendor:/opt/ros/jazzy/opt/gz_tools_vendor:/opt/ros/jazzy/opt/gz_ogre_next_vendor:/opt/ros/jazzy/opt/gz_dartsim_vendor:/opt/ros/jazzy/opt/gz_cmake_vendor DEBUGINFOD_URLS=https://debuginfod.ubuntu.com PS1=(ros2_python_venv) \[\e]0;\u@\h: \w\a\]${debian_chroot:+($debian_chroot)}\[\033[01;32m\]\u@\h\[\033[00m\]:\[\033[01;34m\]\w\[\033[00m\]\$ VIRTUAL_ENV_PROMPT=(ros2_python_venv) /usr/bin/cmake --build /home/robogames/Desktop/Dog/dingo_ws/build/dingo_msgs -- -j4 -l4
[9.897s] DEBUG:colcon.colcon_core.event_handler.log_command:Invoking command in '/home/robogames/Desktop/Dog/dingo_ws/build/dingo_msgs': CMAKE_PREFIX_PATH=/home/robogames/Desktop/Dog/dingo_ws/install/dingo_msgs:/home/robogames/Dog/dingo_ws/install/dingo_msgs:/home/robogames/vt-cro/robogames_pi/car_robot_ws/install/yolov8_msgs:/home/robogames/vt-cro/robogames_pi/car_robot_ws/install/yolobot_recognition:/home/robogames/Desktop/Dog/dingo_ws/install/dingo_utilities:/home/robogames/Desktop/Dog/dingo_ws/install/dingo_servo_interfacing:/home/robogames/Desktop/Dog/dingo_ws/install/dingo_peripheral_interfacing:/home/robogames/Desktop/Dog/dingo_ws/install/dingo_input_interfacing:/home/robogames/Desktop/Dog/dingo_ws/install/dingo_gazebo:/home/robogames/Desktop/Dog/dingo_ws/install/dingo_description:/home/robogames/Desktop/Dog/dingo_ws/install/dingo_control:/home/robogames/Desktop/Dog/dingo_ws/install/dingo:/home/robogames/Dog/dingo_ws/install/dingo_utilities:/home/robogames/Dog/dingo_ws/install/dingo_servo_interfacing:/home/robogames/Dog/dingo_ws/install/dingo_peripheral_interfacing:/home/robogames/Dog/dingo_ws/install/dingo_input_interfacing:/home/robogames/Dog/dingo_ws/install/dingo_gazebo:/home/robogames/Dog/dingo_ws/install/dingo_description:/home/robogames/Dog/dingo_ws/install/dingo_control:/home/robogames/Dog/dingo_ws/install/dingo:/opt/ros/jazzy:/home/robogames/vt-cro/robogames_pi/car_robot_ws/install/serial:/home/robogames/vt-cro/robogames_pi/car_robot_ws/install/diffdrive_arduino:/home/robogames/vt-cro/robogames_pi/car_robot_ws/install/articubot_one:/opt/ros/jazzy/opt/gz_sim_vendor:/opt/ros/jazzy/opt/gz_sensors_vendor:/opt/ros/jazzy/opt/gz_physics_vendor:/opt/ros/jazzy/opt/sdformat_vendor:/opt/ros/jazzy/opt/gz_gui_vendor:/opt/ros/jazzy/opt/gz_transport_vendor:/opt/ros/jazzy/opt/gz_rendering_vendor:/opt/ros/jazzy/opt/gz_plugin_vendor:/opt/ros/jazzy/opt/gz_fuel_tools_vendor:/opt/ros/jazzy/opt/gz_msgs_vendor:/opt/ros/jazzy/opt/gz_common_vendor:/opt/ros/jazzy/opt/gz_math_vendor:/opt/ros/jazzy/opt/gz_utils_vendor:/opt/ros/jazzy/opt/gz_tools_vendor:/opt/ros/jazzy/opt/gz_ogre_next_vendor:/opt/ros/jazzy/opt/gz_dartsim_vendor:/opt/ros/jazzy/opt/gz_cmake_vendor DEBUGINFOD_URLS=https://debuginfod.ubuntu.com PS1=(ros2_python_venv) \[\e]0;\u@\h: \w\a\]${debian_chroot:+($debian_chroot)}\[\033[01;32m\]\u@\h\[\033[00m\]:\[\033[01;34m\]\w\[\033[00m\]\$ VIRTUAL_ENV_PROMPT=(ros2_python_venv) /usr/bin/cmake --install /home/robogames/Desktop/Dog/dingo_ws/build/dingo_msgs
[10.287s] Level 1:colcon.colcon_core.environment:create_environment_scripts_only(dingo_msgs)
[10.288s] Level 1:colcon.colcon_core.environment:checking '/home/robogames/Desktop/Dog/dingo_ws/install/dingo_msgs' for CMake module files
[10.289s] Level 1:colcon.colcon_core.environment:checking '/home/robogames/Desktop/Dog/dingo_ws/install/dingo_msgs' for CMake config files
[10.289s] Level 1:colcon.colcon_core.shell:create_environment_hook('dingo_msgs', 'cmake_prefix_path')
[10.290s] INFO:colcon.colcon_core.shell:Creating environment hook '/home/robogames/Desktop/Dog/dingo_ws/install/dingo_msgs/share/dingo_msgs/hook/cmake_prefix_path.ps1'
[10.294s] INFO:colcon.colcon_core.shell:Creating environment descriptor '/home/robogames/Desktop/Dog/dingo_ws/install/dingo_msgs/share/dingo_msgs/hook/cmake_prefix_path.dsv'
[10.299s] DEBUG:colcon.colcon_core.event_handler.log_command:Invoked command in '/home/robogames/Desktop/Dog/dingo_ws/build/dingo_msgs' returned '0': CMAKE_PREFIX_PATH=/home/robogames/Desktop/Dog/dingo_ws/install/dingo_msgs:/home/robogames/Dog/dingo_ws/install/dingo_msgs:/home/robogames/vt-cro/robogames_pi/car_robot_ws/install/yolov8_msgs:/home/robogames/vt-cro/robogames_pi/car_robot_ws/install/yolobot_recognition:/home/robogames/Desktop/Dog/dingo_ws/install/dingo_utilities:/home/robogames/Desktop/Dog/dingo_ws/install/dingo_servo_interfacing:/home/robogames/Desktop/Dog/dingo_ws/install/dingo_peripheral_interfacing:/home/robogames/Desktop/Dog/dingo_ws/install/dingo_input_interfacing:/home/robogames/Desktop/Dog/dingo_ws/install/dingo_gazebo:/home/robogames/Desktop/Dog/dingo_ws/install/dingo_description:/home/robogames/Desktop/Dog/dingo_ws/install/dingo_control:/home/robogames/Desktop/Dog/dingo_ws/install/dingo:/home/robogames/Dog/dingo_ws/install/dingo_utilities:/home/robogames/Dog/dingo_ws/install/dingo_servo_interfacing:/home/robogames/Dog/dingo_ws/install/dingo_peripheral_interfacing:/home/robogames/Dog/dingo_ws/install/dingo_input_interfacing:/home/robogames/Dog/dingo_ws/install/dingo_gazebo:/home/robogames/Dog/dingo_ws/install/dingo_description:/home/robogames/Dog/dingo_ws/install/dingo_control:/home/robogames/Dog/dingo_ws/install/dingo:/opt/ros/jazzy:/home/robogames/vt-cro/robogames_pi/car_robot_ws/install/serial:/home/robogames/vt-cro/robogames_pi/car_robot_ws/install/diffdrive_arduino:/home/robogames/vt-cro/robogames_pi/car_robot_ws/install/articubot_one:/opt/ros/jazzy/opt/gz_sim_vendor:/opt/ros/jazzy/opt/gz_sensors_vendor:/opt/ros/jazzy/opt/gz_physics_vendor:/opt/ros/jazzy/opt/sdformat_vendor:/opt/ros/jazzy/opt/gz_gui_vendor:/opt/ros/jazzy/opt/gz_transport_vendor:/opt/ros/jazzy/opt/gz_rendering_vendor:/opt/ros/jazzy/opt/gz_plugin_vendor:/opt/ros/jazzy/opt/gz_fuel_tools_vendor:/opt/ros/jazzy/opt/gz_msgs_vendor:/opt/ros/jazzy/opt/gz_common_vendor:/opt/ros/jazzy/opt/gz_math_vendor:/opt/ros/jazzy/opt/gz_utils_vendor:/opt/ros/jazzy/opt/gz_tools_vendor:/opt/ros/jazzy/opt/gz_ogre_next_vendor:/opt/ros/jazzy/opt/gz_dartsim_vendor:/opt/ros/jazzy/opt/gz_cmake_vendor DEBUGINFOD_URLS=https://debuginfod.ubuntu.com PS1=(ros2_python_venv) \[\e]0;\u@\h: \w\a\]${debian_chroot:+($debian_chroot)}\[\033[01;32m\]\u@\h\[\033[00m\]:\[\033[01;34m\]\w\[\033[00m\]\$ VIRTUAL_ENV_PROMPT=(ros2_python_venv) /usr/bin/cmake --install /home/robogames/Desktop/Dog/dingo_ws/build/dingo_msgs
[10.299s] INFO:colcon.colcon_core.shell:Creating environment hook '/home/robogames/Desktop/Dog/dingo_ws/install/dingo_msgs/share/dingo_msgs/hook/cmake_prefix_path.sh'
[10.301s] Level 1:colcon.colcon_core.environment:checking '/home/robogames/Desktop/Dog/dingo_ws/install/dingo_msgs/lib'
[10.302s] Level 1:colcon.colcon_core.shell:create_environment_hook('dingo_msgs', 'ld_library_path_lib')
[10.302s] INFO:colcon.colcon_core.shell:Creating environment hook '/home/robogames/Desktop/Dog/dingo_ws/install/dingo_msgs/share/dingo_msgs/hook/ld_library_path_lib.ps1'
[10.303s] INFO:colcon.colcon_core.shell:Creating environment descriptor '/home/robogames/Desktop/Dog/dingo_ws/install/dingo_msgs/share/dingo_msgs/hook/ld_library_path_lib.dsv'
[10.304s] INFO:colcon.colcon_core.shell:Creating environment hook '/home/robogames/Desktop/Dog/dingo_ws/install/dingo_msgs/share/dingo_msgs/hook/ld_library_path_lib.sh'
[10.305s] Level 1:colcon.colcon_core.environment:checking '/home/robogames/Desktop/Dog/dingo_ws/install/dingo_msgs/bin'
[10.305s] Level 1:colcon.colcon_core.environment:checking '/home/robogames/Desktop/Dog/dingo_ws/install/dingo_msgs/lib/pkgconfig/dingo_msgs.pc'
[10.306s] Level 1:colcon.colcon_core.environment:checking '/home/robogames/Desktop/Dog/dingo_ws/install/dingo_msgs/lib/python3.12/site-packages'
[10.306s] Level 1:colcon.colcon_core.shell:create_environment_hook('dingo_msgs', 'pythonpath')
[10.306s] INFO:colcon.colcon_core.shell:Creating environment hook '/home/robogames/Desktop/Dog/dingo_ws/install/dingo_msgs/share/dingo_msgs/hook/pythonpath.ps1'
[10.307s] INFO:colcon.colcon_core.shell:Creating environment descriptor '/home/robogames/Desktop/Dog/dingo_ws/install/dingo_msgs/share/dingo_msgs/hook/pythonpath.dsv'
[10.308s] INFO:colcon.colcon_core.shell:Creating environment hook '/home/robogames/Desktop/Dog/dingo_ws/install/dingo_msgs/share/dingo_msgs/hook/pythonpath.sh'
[10.310s] Level 1:colcon.colcon_core.environment:checking '/home/robogames/Desktop/Dog/dingo_ws/install/dingo_msgs/bin'
[10.310s] INFO:colcon.colcon_core.shell:Creating package script '/home/robogames/Desktop/Dog/dingo_ws/install/dingo_msgs/share/dingo_msgs/package.ps1'
[10.311s] INFO:colcon.colcon_core.shell:Creating package descriptor '/home/robogames/Desktop/Dog/dingo_ws/install/dingo_msgs/share/dingo_msgs/package.dsv'
[10.313s] INFO:colcon.colcon_core.shell:Creating package script '/home/robogames/Desktop/Dog/dingo_ws/install/dingo_msgs/share/dingo_msgs/package.sh'
[10.316s] INFO:colcon.colcon_core.shell:Creating package script '/home/robogames/Desktop/Dog/dingo_ws/install/dingo_msgs/share/dingo_msgs/package.bash'
[10.317s] INFO:colcon.colcon_core.shell:Creating package script '/home/robogames/Desktop/Dog/dingo_ws/install/dingo_msgs/share/dingo_msgs/package.zsh'
[10.318s] Level 1:colcon.colcon_core.environment:create_file_with_runtime_dependencies(/home/robogames/Desktop/Dog/dingo_ws/install/dingo_msgs/share/colcon-core/packages/dingo_msgs)
[10.320s] Level 1:colcon.colcon_core.environment:create_environment_scripts_only(dingo_msgs)
[10.320s] Level 1:colcon.colcon_core.environment:checking '/home/robogames/Desktop/Dog/dingo_ws/install/dingo_msgs' for CMake module files
[10.321s] Level 1:colcon.colcon_core.environment:checking '/home/robogames/Desktop/Dog/dingo_ws/install/dingo_msgs' for CMake config files
[10.322s] Level 1:colcon.colcon_core.shell:create_environment_hook('dingo_msgs', 'cmake_prefix_path')
[10.323s] INFO:colcon.colcon_core.shell:Creating environment hook '/home/robogames/Desktop/Dog/dingo_ws/install/dingo_msgs/share/dingo_msgs/hook/cmake_prefix_path.ps1'
[10.414s] INFO:colcon.colcon_core.shell:Creating environment descriptor '/home/robogames/Desktop/Dog/dingo_ws/install/dingo_msgs/share/dingo_msgs/hook/cmake_prefix_path.dsv'
[10.482s] INFO:colcon.colcon_core.shell:Creating environment hook '/home/robogames/Desktop/Dog/dingo_ws/install/dingo_msgs/share/dingo_msgs/hook/cmake_prefix_path.sh'
[10.483s] Level 1:colcon.colcon_core.environment:checking '/home/robogames/Desktop/Dog/dingo_ws/install/dingo_msgs/lib'
[10.483s] Level 1:colcon.colcon_core.shell:create_environment_hook('dingo_msgs', 'ld_library_path_lib')
[10.483s] INFO:colcon.colcon_core.shell:Creating environment hook '/home/robogames/Desktop/Dog/dingo_ws/install/dingo_msgs/share/dingo_msgs/hook/ld_library_path_lib.ps1'
[10.484s] INFO:colcon.colcon_core.shell:Creating environment descriptor '/home/robogames/Desktop/Dog/dingo_ws/install/dingo_msgs/share/dingo_msgs/hook/ld_library_path_lib.dsv'
[10.484s] INFO:colcon.colcon_core.shell:Creating environment hook '/home/robogames/Desktop/Dog/dingo_ws/install/dingo_msgs/share/dingo_msgs/hook/ld_library_path_lib.sh'
[10.485s] Level 1:colcon.colcon_core.environment:checking '/home/robogames/Desktop/Dog/dingo_ws/install/dingo_msgs/bin'
[10.485s] Level 1:colcon.colcon_core.environment:checking '/home/robogames/Desktop/Dog/dingo_ws/install/dingo_msgs/lib/pkgconfig/dingo_msgs.pc'
[10.485s] Level 1:colcon.colcon_core.environment:checking '/home/robogames/Desktop/Dog/dingo_ws/install/dingo_msgs/lib/python3.12/site-packages'
[10.485s] Level 1:colcon.colcon_core.shell:create_environment_hook('dingo_msgs', 'pythonpath')
[10.486s] INFO:colcon.colcon_core.shell:Creating environment hook '/home/robogames/Desktop/Dog/dingo_ws/install/dingo_msgs/share/dingo_msgs/hook/pythonpath.ps1'
[10.486s] INFO:colcon.colcon_core.shell:Creating environment descriptor '/home/robogames/Desktop/Dog/dingo_ws/install/dingo_msgs/share/dingo_msgs/hook/pythonpath.dsv'
[10.487s] INFO:colcon.colcon_core.shell:Creating environment hook '/home/robogames/Desktop/Dog/dingo_ws/install/dingo_msgs/share/dingo_msgs/hook/pythonpath.sh'
[10.487s] Level 1:colcon.colcon_core.environment:checking '/home/robogames/Desktop/Dog/dingo_ws/install/dingo_msgs/bin'
[10.488s] INFO:colcon.colcon_core.shell:Creating package script '/home/robogames/Desktop/Dog/dingo_ws/install/dingo_msgs/share/dingo_msgs/package.ps1'
[10.489s] INFO:colcon.colcon_core.shell:Creating package descriptor '/home/robogames/Desktop/Dog/dingo_ws/install/dingo_msgs/share/dingo_msgs/package.dsv'
[10.489s] INFO:colcon.colcon_core.shell:Creating package script '/home/robogames/Desktop/Dog/dingo_ws/install/dingo_msgs/share/dingo_msgs/package.sh'
[10.490s] INFO:colcon.colcon_core.shell:Creating package script '/home/robogames/Desktop/Dog/dingo_ws/install/dingo_msgs/share/dingo_msgs/package.bash'
[10.490s] INFO:colcon.colcon_core.shell:Creating package script '/home/robogames/Desktop/Dog/dingo_ws/install/dingo_msgs/share/dingo_msgs/package.zsh'
[10.492s] Level 1:colcon.colcon_core.environment:create_file_with_runtime_dependencies(/home/robogames/Desktop/Dog/dingo_ws/install/dingo_msgs/share/colcon-core/packages/dingo_msgs)
[10.493s] INFO:colcon.colcon_ros.task.ament_python.build:Building ROS package in '/home/robogames/Desktop/Dog/dingo_ws/src/dingo_utilities' with build type 'ament_python'
[10.494s] Level 1:colcon.colcon_core.shell:create_environment_hook('dingo_utilities', 'ament_prefix_path')
[10.497s] INFO:colcon.colcon_core.shell:Creating environment hook '/home/robogames/Desktop/Dog/dingo_ws/install/dingo_utilities/share/dingo_utilities/hook/ament_prefix_path.ps1'
[10.501s] INFO:colcon.colcon_core.shell:Creating environment descriptor '/home/robogames/Desktop/Dog/dingo_ws/install/dingo_utilities/share/dingo_utilities/hook/ament_prefix_path.dsv'
[10.502s] INFO:colcon.colcon_core.shell:Creating environment hook '/home/robogames/Desktop/Dog/dingo_ws/install/dingo_utilities/share/dingo_utilities/hook/ament_prefix_path.sh'
[10.505s] INFO:colcon.colcon_core.shell:Skip shell extension 'powershell' for command environment: Not usable outside of PowerShell
[10.505s] DEBUG:colcon.colcon_core.shell:Skip shell extension 'dsv' for command environment
[10.520s] DEBUG:colcon.colcon_core.event_handler.log_command:Invoking command in '/home/robogames/Desktop/Dog/dingo_ws/src/dingo_input_interfacing': DEBUGINFOD_URLS=https://debuginfod.ubuntu.com PS1=(ros2_python_venv) \[\e]0;\u@\h: \w\a\]${debian_chroot:+($debian_chroot)}\[\033[01;32m\]\u@\h\[\033[00m\]:\[\033[01;34m\]\w\[\033[00m\]\$ PYTHONPATH=/home/robogames/Desktop/Dog/dingo_ws/build/dingo_input_interfacing/prefix_override:/usr/lib/python3/dist-packages/colcon_core/task/python/colcon_distutils_commands:/home/robogames/Desktop/Dog/dingo_ws/install/dingo_input_interfacing/lib/python3.12/site-packages:${PYTHONPATH} VIRTUAL_ENV_PROMPT=(ros2_python_venv) /usr/bin/python3 -W ignore:setup.py install is deprecated -W ignore:easy_install command is deprecated setup.py egg_info --egg-base ../../build/dingo_input_interfacing build --build-base /home/robogames/Desktop/Dog/dingo_ws/build/dingo_input_interfacing/build install --record /home/robogames/Desktop/Dog/dingo_ws/build/dingo_input_interfacing/install.log --single-version-externally-managed
[11.328s] WARNING:colcon.colcon_ros.task.ament_python.build:Package 'dingo_utilities' doesn't explicitly install a marker in the package index (colcon-ros currently does it implicitly but that fallback will be removed in the future)
[11.328s] WARNING:colcon.colcon_ros.task.ament_python.build:Package 'dingo_utilities' doesn't explicitly install the 'package.xml' file (colcon-ros currently does it implicitly but that fallback will be removed in the future)
[11.329s] INFO:colcon.colcon_core.task.python.build:Building Python package in '/home/robogames/Desktop/Dog/dingo_ws/src/dingo_utilities'
[11.330s] INFO:colcon.colcon_core.shell:Skip shell extension 'powershell' for command environment: Not usable outside of PowerShell
[11.331s] DEBUG:colcon.colcon_core.shell:Skip shell extension 'dsv' for command environment
[11.405s] DEBUG:colcon.colcon_core.event_handler.log_command:Invoking command in '/home/robogames/Desktop/Dog/dingo_ws/src/dingo_peripheral_interfacing': DEBUGINFOD_URLS=https://debuginfod.ubuntu.com PS1=(ros2_python_venv) \[\e]0;\u@\h: \w\a\]${debian_chroot:+($debian_chroot)}\[\033[01;32m\]\u@\h\[\033[00m\]:\[\033[01;34m\]\w\[\033[00m\]\$ PYTHONPATH=/home/robogames/Desktop/Dog/dingo_ws/build/dingo_peripheral_interfacing/prefix_override:/usr/lib/python3/dist-packages/colcon_core/task/python/colcon_distutils_commands:/home/robogames/Desktop/Dog/dingo_ws/install/dingo_peripheral_interfacing/lib/python3.12/site-packages:${PYTHONPATH} VIRTUAL_ENV_PROMPT=(ros2_python_venv) /usr/bin/python3 -W ignore:setup.py install is deprecated -W ignore:easy_install command is deprecated setup.py egg_info --egg-base ../../build/dingo_peripheral_interfacing build --build-base /home/robogames/Desktop/Dog/dingo_ws/build/dingo_peripheral_interfacing/build install --record /home/robogames/Desktop/Dog/dingo_ws/build/dingo_peripheral_interfacing/install.log --single-version-externally-managed install_data
[12.705s] DEBUG:colcon.colcon_core.event_handler.log_command:Invoking command in '/home/robogames/Desktop/Dog/dingo_ws/src/dingo_servo_interfacing': DEBUGINFOD_URLS=https://debuginfod.ubuntu.com PS1=(ros2_python_venv) \[\e]0;\u@\h: \w\a\]${debian_chroot:+($debian_chroot)}\[\033[01;32m\]\u@\h\[\033[00m\]:\[\033[01;34m\]\w\[\033[00m\]\$ PYTHONPATH=/home/robogames/Desktop/Dog/dingo_ws/build/dingo_servo_interfacing/prefix_override:/usr/lib/python3/dist-packages/colcon_core/task/python/colcon_distutils_commands:/home/robogames/Desktop/Dog/dingo_ws/install/dingo_servo_interfacing/lib/python3.12/site-packages:${PYTHONPATH} VIRTUAL_ENV_PROMPT=(ros2_python_venv) /usr/bin/python3 -W ignore:setup.py install is deprecated -W ignore:easy_install command is deprecated setup.py egg_info --egg-base ../../build/dingo_servo_interfacing build --build-base /home/robogames/Desktop/Dog/dingo_ws/build/dingo_servo_interfacing/build install --record /home/robogames/Desktop/Dog/dingo_ws/build/dingo_servo_interfacing/install.log --single-version-externally-managed
[13.119s] Level 1:colcon.colcon_core.environment:checking '/home/robogames/Desktop/Dog/dingo_ws/install/dingo_input_interfacing' for CMake module files
[13.120s] DEBUG:colcon.colcon_core.event_handler.log_command:Invoked command in '/home/robogames/Desktop/Dog/dingo_ws/src/dingo_input_interfacing' returned '0': DEBUGINFOD_URLS=https://debuginfod.ubuntu.com PS1=(ros2_python_venv) \[\e]0;\u@\h: \w\a\]${debian_chroot:+($debian_chroot)}\[\033[01;32m\]\u@\h\[\033[00m\]:\[\033[01;34m\]\w\[\033[00m\]\$ PYTHONPATH=/home/robogames/Desktop/Dog/dingo_ws/build/dingo_input_interfacing/prefix_override:/usr/lib/python3/dist-packages/colcon_core/task/python/colcon_distutils_commands:/home/robogames/Desktop/Dog/dingo_ws/install/dingo_input_interfacing/lib/python3.12/site-packages:${PYTHONPATH} VIRTUAL_ENV_PROMPT=(ros2_python_venv) /usr/bin/python3 -W ignore:setup.py install is deprecated -W ignore:easy_install command is deprecated setup.py egg_info --egg-base ../../build/dingo_input_interfacing build --build-base /home/robogames/Desktop/Dog/dingo_ws/build/dingo_input_interfacing/build install --record /home/robogames/Desktop/Dog/dingo_ws/build/dingo_input_interfacing/install.log --single-version-externally-managed
[13.121s] Level 1:colcon.colcon_core.environment:checking '/home/robogames/Desktop/Dog/dingo_ws/install/dingo_input_interfacing' for CMake config files
[13.122s] Level 1:colcon.colcon_core.environment:checking '/home/robogames/Desktop/Dog/dingo_ws/install/dingo_input_interfacing/lib'
[13.122s] Level 1:colcon.colcon_core.environment:checking '/home/robogames/Desktop/Dog/dingo_ws/install/dingo_input_interfacing/bin'
[13.122s] Level 1:colcon.colcon_core.environment:checking '/home/robogames/Desktop/Dog/dingo_ws/install/dingo_input_interfacing/lib/pkgconfig/dingo_input_interfacing.pc'
[13.122s] Level 1:colcon.colcon_core.environment:checking '/home/robogames/Desktop/Dog/dingo_ws/install/dingo_input_interfacing/lib/python3.12/site-packages'
[13.123s] Level 1:colcon.colcon_core.shell:create_environment_hook('dingo_input_interfacing', 'pythonpath')
[13.123s] INFO:colcon.colcon_core.shell:Creating environment hook '/home/robogames/Desktop/Dog/dingo_ws/install/dingo_input_interfacing/share/dingo_input_interfacing/hook/pythonpath.ps1'
[13.124s] INFO:colcon.colcon_core.shell:Creating environment descriptor '/home/robogames/Desktop/Dog/dingo_ws/install/dingo_input_interfacing/share/dingo_input_interfacing/hook/pythonpath.dsv'
[13.124s] INFO:colcon.colcon_core.shell:Creating environment hook '/home/robogames/Desktop/Dog/dingo_ws/install/dingo_input_interfacing/share/dingo_input_interfacing/hook/pythonpath.sh'
[13.125s] Level 1:colcon.colcon_core.environment:checking '/home/robogames/Desktop/Dog/dingo_ws/install/dingo_input_interfacing/bin'
[13.126s] Level 1:colcon.colcon_core.environment:create_environment_scripts_only(dingo_input_interfacing)
[13.126s] INFO:colcon.colcon_core.shell:Creating package script '/home/robogames/Desktop/Dog/dingo_ws/install/dingo_input_interfacing/share/dingo_input_interfacing/package.ps1'
[13.127s] INFO:colcon.colcon_core.shell:Creating package descriptor '/home/robogames/Desktop/Dog/dingo_ws/install/dingo_input_interfacing/share/dingo_input_interfacing/package.dsv'
[13.127s] INFO:colcon.colcon_core.shell:Creating package script '/home/robogames/Desktop/Dog/dingo_ws/install/dingo_input_interfacing/share/dingo_input_interfacing/package.sh'
[13.128s] INFO:colcon.colcon_core.shell:Creating package script '/home/robogames/Desktop/Dog/dingo_ws/install/dingo_input_interfacing/share/dingo_input_interfacing/package.bash'
[13.128s] INFO:colcon.colcon_core.shell:Creating package script '/home/robogames/Desktop/Dog/dingo_ws/install/dingo_input_interfacing/share/dingo_input_interfacing/package.zsh'
[13.129s] Level 1:colcon.colcon_core.environment:create_file_with_runtime_dependencies(/home/robogames/Desktop/Dog/dingo_ws/install/dingo_input_interfacing/share/colcon-core/packages/dingo_input_interfacing)
[13.508s] DEBUG:colcon.colcon_core.event_handler.log_command:Invoking command in '/home/robogames/Desktop/Dog/dingo_ws/src/dingo_utilities': DEBUGINFOD_URLS=https://debuginfod.ubuntu.com PS1=(ros2_python_venv) \[\e]0;\u@\h: \w\a\]${debian_chroot:+($debian_chroot)}\[\033[01;32m\]\u@\h\[\033[00m\]:\[\033[01;34m\]\w\[\033[00m\]\$ PYTHONPATH=/home/robogames/Desktop/Dog/dingo_ws/build/dingo_utilities/prefix_override:/usr/lib/python3/dist-packages/colcon_core/task/python/colcon_distutils_commands:/home/robogames/Desktop/Dog/dingo_ws/install/dingo_utilities/lib/python3.12/site-packages:${PYTHONPATH} VIRTUAL_ENV_PROMPT=(ros2_python_venv) /usr/bin/python3 -W ignore:setup.py install is deprecated -W ignore:easy_install command is deprecated setup.py egg_info --egg-base ../../build/dingo_utilities build --build-base /home/robogames/Desktop/Dog/dingo_ws/build/dingo_utilities/build install --record /home/robogames/Desktop/Dog/dingo_ws/build/dingo_utilities/install.log --single-version-externally-managed
[13.727s] Level 1:colcon.colcon_core.environment:checking '/home/robogames/Desktop/Dog/dingo_ws/install/dingo_peripheral_interfacing' for CMake module files
[13.729s] DEBUG:colcon.colcon_core.event_handler.log_command:Invoked command in '/home/robogames/Desktop/Dog/dingo_ws/src/dingo_peripheral_interfacing' returned '0': DEBUGINFOD_URLS=https://debuginfod.ubuntu.com PS1=(ros2_python_venv) \[\e]0;\u@\h: \w\a\]${debian_chroot:+($debian_chroot)}\[\033[01;32m\]\u@\h\[\033[00m\]:\[\033[01;34m\]\w\[\033[00m\]\$ PYTHONPATH=/home/robogames/Desktop/Dog/dingo_ws/build/dingo_peripheral_interfacing/prefix_override:/usr/lib/python3/dist-packages/colcon_core/task/python/colcon_distutils_commands:/home/robogames/Desktop/Dog/dingo_ws/install/dingo_peripheral_interfacing/lib/python3.12/site-packages:${PYTHONPATH} VIRTUAL_ENV_PROMPT=(ros2_python_venv) /usr/bin/python3 -W ignore:setup.py install is deprecated -W ignore:easy_install command is deprecated setup.py egg_info --egg-base ../../build/dingo_peripheral_interfacing build --build-base /home/robogames/Desktop/Dog/dingo_ws/build/dingo_peripheral_interfacing/build install --record /home/robogames/Desktop/Dog/dingo_ws/build/dingo_peripheral_interfacing/install.log --single-version-externally-managed install_data
[13.729s] Level 1:colcon.colcon_core.environment:checking '/home/robogames/Desktop/Dog/dingo_ws/install/dingo_peripheral_interfacing' for CMake config files
[13.730s] Level 1:colcon.colcon_core.environment:checking '/home/robogames/Desktop/Dog/dingo_ws/install/dingo_peripheral_interfacing/lib'
[13.731s] Level 1:colcon.colcon_core.environment:checking '/home/robogames/Desktop/Dog/dingo_ws/install/dingo_peripheral_interfacing/bin'
[13.731s] Level 1:colcon.colcon_core.environment:checking '/home/robogames/Desktop/Dog/dingo_ws/install/dingo_peripheral_interfacing/lib/pkgconfig/dingo_peripheral_interfacing.pc'
[13.731s] Level 1:colcon.colcon_core.environment:checking '/home/robogames/Desktop/Dog/dingo_ws/install/dingo_peripheral_interfacing/lib/python3.12/site-packages'
[13.731s] Level 1:colcon.colcon_core.shell:create_environment_hook('dingo_peripheral_interfacing', 'pythonpath')
[13.732s] INFO:colcon.colcon_core.shell:Creating environment hook '/home/robogames/Desktop/Dog/dingo_ws/install/dingo_peripheral_interfacing/share/dingo_peripheral_interfacing/hook/pythonpath.ps1'
[13.733s] INFO:colcon.colcon_core.shell:Creating environment descriptor '/home/robogames/Desktop/Dog/dingo_ws/install/dingo_peripheral_interfacing/share/dingo_peripheral_interfacing/hook/pythonpath.dsv'
[13.733s] INFO:colcon.colcon_core.shell:Creating environment hook '/home/robogames/Desktop/Dog/dingo_ws/install/dingo_peripheral_interfacing/share/dingo_peripheral_interfacing/hook/pythonpath.sh'
[13.735s] Level 1:colcon.colcon_core.environment:checking '/home/robogames/Desktop/Dog/dingo_ws/install/dingo_peripheral_interfacing/bin'
[13.735s] Level 1:colcon.colcon_core.environment:create_environment_scripts_only(dingo_peripheral_interfacing)
[13.736s] INFO:colcon.colcon_core.shell:Creating package script '/home/robogames/Desktop/Dog/dingo_ws/install/dingo_peripheral_interfacing/share/dingo_peripheral_interfacing/package.ps1'
[13.739s] INFO:colcon.colcon_core.shell:Creating package descriptor '/home/robogames/Desktop/Dog/dingo_ws/install/dingo_peripheral_interfacing/share/dingo_peripheral_interfacing/package.dsv'
[13.741s] INFO:colcon.colcon_core.shell:Creating package script '/home/robogames/Desktop/Dog/dingo_ws/install/dingo_peripheral_interfacing/share/dingo_peripheral_interfacing/package.sh'
[13.742s] INFO:colcon.colcon_core.shell:Creating package script '/home/robogames/Desktop/Dog/dingo_ws/install/dingo_peripheral_interfacing/share/dingo_peripheral_interfacing/package.bash'
[13.743s] INFO:colcon.colcon_core.shell:Creating package script '/home/robogames/Desktop/Dog/dingo_ws/install/dingo_peripheral_interfacing/share/dingo_peripheral_interfacing/package.zsh'
[13.744s] Level 1:colcon.colcon_core.environment:create_file_with_runtime_dependencies(/home/robogames/Desktop/Dog/dingo_ws/install/dingo_peripheral_interfacing/share/colcon-core/packages/dingo_peripheral_interfacing)
[14.389s] Level 1:colcon.colcon_core.environment:checking '/home/robogames/Desktop/Dog/dingo_ws/install/dingo_servo_interfacing' for CMake module files
[14.389s] DEBUG:colcon.colcon_core.event_handler.log_command:Invoked command in '/home/robogames/Desktop/Dog/dingo_ws/src/dingo_servo_interfacing' returned '0': DEBUGINFOD_URLS=https://debuginfod.ubuntu.com PS1=(ros2_python_venv) \[\e]0;\u@\h: \w\a\]${debian_chroot:+($debian_chroot)}\[\033[01;32m\]\u@\h\[\033[00m\]:\[\033[01;34m\]\w\[\033[00m\]\$ PYTHONPATH=/home/robogames/Desktop/Dog/dingo_ws/build/dingo_servo_interfacing/prefix_override:/usr/lib/python3/dist-packages/colcon_core/task/python/colcon_distutils_commands:/home/robogames/Desktop/Dog/dingo_ws/install/dingo_servo_interfacing/lib/python3.12/site-packages:${PYTHONPATH} VIRTUAL_ENV_PROMPT=(ros2_python_venv) /usr/bin/python3 -W ignore:setup.py install is deprecated -W ignore:easy_install command is deprecated setup.py egg_info --egg-base ../../build/dingo_servo_interfacing build --build-base /home/robogames/Desktop/Dog/dingo_ws/build/dingo_servo_interfacing/build install --record /home/robogames/Desktop/Dog/dingo_ws/build/dingo_servo_interfacing/install.log --single-version-externally-managed
[14.390s] Level 1:colcon.colcon_core.environment:checking '/home/robogames/Desktop/Dog/dingo_ws/install/dingo_servo_interfacing' for CMake config files
[14.390s] Level 1:colcon.colcon_core.environment:checking '/home/robogames/Desktop/Dog/dingo_ws/install/dingo_servo_interfacing/lib'
[14.391s] Level 1:colcon.colcon_core.environment:checking '/home/robogames/Desktop/Dog/dingo_ws/install/dingo_servo_interfacing/bin'
[14.391s] Level 1:colcon.colcon_core.environment:checking '/home/robogames/Desktop/Dog/dingo_ws/install/dingo_servo_interfacing/lib/pkgconfig/dingo_servo_interfacing.pc'
[14.391s] Level 1:colcon.colcon_core.environment:checking '/home/robogames/Desktop/Dog/dingo_ws/install/dingo_servo_interfacing/lib/python3.12/site-packages'
[14.391s] Level 1:colcon.colcon_core.shell:create_environment_hook('dingo_servo_interfacing', 'pythonpath')
[14.391s] INFO:colcon.colcon_core.shell:Creating environment hook '/home/robogames/Desktop/Dog/dingo_ws/install/dingo_servo_interfacing/share/dingo_servo_interfacing/hook/pythonpath.ps1'
[14.466s] INFO:colcon.colcon_core.shell:Creating environment descriptor '/home/robogames/Desktop/Dog/dingo_ws/install/dingo_servo_interfacing/share/dingo_servo_interfacing/hook/pythonpath.dsv'
[14.525s] INFO:colcon.colcon_core.shell:Creating environment hook '/home/robogames/Desktop/Dog/dingo_ws/install/dingo_servo_interfacing/share/dingo_servo_interfacing/hook/pythonpath.sh'
[14.526s] Level 1:colcon.colcon_core.environment:checking '/home/robogames/Desktop/Dog/dingo_ws/install/dingo_servo_interfacing/bin'
[14.526s] Level 1:colcon.colcon_core.environment:create_environment_scripts_only(dingo_servo_interfacing)
[14.526s] INFO:colcon.colcon_core.shell:Creating package script '/home/robogames/Desktop/Dog/dingo_ws/install/dingo_servo_interfacing/share/dingo_servo_interfacing/package.ps1'
[14.527s] INFO:colcon.colcon_core.shell:Creating package descriptor '/home/robogames/Desktop/Dog/dingo_ws/install/dingo_servo_interfacing/share/dingo_servo_interfacing/package.dsv'
[14.528s] INFO:colcon.colcon_core.shell:Creating package script '/home/robogames/Desktop/Dog/dingo_ws/install/dingo_servo_interfacing/share/dingo_servo_interfacing/package.sh'
[14.528s] INFO:colcon.colcon_core.shell:Creating package script '/home/robogames/Desktop/Dog/dingo_ws/install/dingo_servo_interfacing/share/dingo_servo_interfacing/package.bash'
[14.529s] INFO:colcon.colcon_core.shell:Creating package script '/home/robogames/Desktop/Dog/dingo_ws/install/dingo_servo_interfacing/share/dingo_servo_interfacing/package.zsh'
[14.529s] Level 1:colcon.colcon_core.environment:create_file_with_runtime_dependencies(/home/robogames/Desktop/Dog/dingo_ws/install/dingo_servo_interfacing/share/colcon-core/packages/dingo_servo_interfacing)
[15.036s] Level 1:colcon.colcon_core.environment:checking '/home/robogames/Desktop/Dog/dingo_ws/install/dingo_utilities' for CMake module files
[15.037s] DEBUG:colcon.colcon_core.event_handler.log_command:Invoked command in '/home/robogames/Desktop/Dog/dingo_ws/src/dingo_utilities' returned '0': DEBUGINFOD_URLS=https://debuginfod.ubuntu.com PS1=(ros2_python_venv) \[\e]0;\u@\h: \w\a\]${debian_chroot:+($debian_chroot)}\[\033[01;32m\]\u@\h\[\033[00m\]:\[\033[01;34m\]\w\[\033[00m\]\$ PYTHONPATH=/home/robogames/Desktop/Dog/dingo_ws/build/dingo_utilities/prefix_override:/usr/lib/python3/dist-packages/colcon_core/task/python/colcon_distutils_commands:/home/robogames/Desktop/Dog/dingo_ws/install/dingo_utilities/lib/python3.12/site-packages:${PYTHONPATH} VIRTUAL_ENV_PROMPT=(ros2_python_venv) /usr/bin/python3 -W ignore:setup.py install is deprecated -W ignore:easy_install command is deprecated setup.py egg_info --egg-base ../../build/dingo_utilities build --build-base /home/robogames/Desktop/Dog/dingo_ws/build/dingo_utilities/build install --record /home/robogames/Desktop/Dog/dingo_ws/build/dingo_utilities/install.log --single-version-externally-managed
[15.037s] Level 1:colcon.colcon_core.environment:checking '/home/robogames/Desktop/Dog/dingo_ws/install/dingo_utilities' for CMake config files
[15.038s] Level 1:colcon.colcon_core.environment:checking '/home/robogames/Desktop/Dog/dingo_ws/install/dingo_utilities/lib'
[15.038s] Level 1:colcon.colcon_core.environment:checking '/home/robogames/Desktop/Dog/dingo_ws/install/dingo_utilities/bin'
[15.038s] Level 1:colcon.colcon_core.environment:checking '/home/robogames/Desktop/Dog/dingo_ws/install/dingo_utilities/lib/pkgconfig/dingo_utilities.pc'
[15.038s] Level 1:colcon.colcon_core.environment:checking '/home/robogames/Desktop/Dog/dingo_ws/install/dingo_utilities/lib/python3.12/site-packages'
[15.038s] Level 1:colcon.colcon_core.shell:create_environment_hook('dingo_utilities', 'pythonpath')
[15.039s] INFO:colcon.colcon_core.shell:Creating environment hook '/home/robogames/Desktop/Dog/dingo_ws/install/dingo_utilities/share/dingo_utilities/hook/pythonpath.ps1'
[15.042s] INFO:colcon.colcon_core.shell:Creating environment descriptor '/home/robogames/Desktop/Dog/dingo_ws/install/dingo_utilities/share/dingo_utilities/hook/pythonpath.dsv'
[15.043s] INFO:colcon.colcon_core.shell:Creating environment hook '/home/robogames/Desktop/Dog/dingo_ws/install/dingo_utilities/share/dingo_utilities/hook/pythonpath.sh'
[15.044s] Level 1:colcon.colcon_core.environment:checking '/home/robogames/Desktop/Dog/dingo_ws/install/dingo_utilities/bin'
[15.044s] Level 1:colcon.colcon_core.environment:create_environment_scripts_only(dingo_utilities)
[15.044s] INFO:colcon.colcon_core.shell:Creating package script '/home/robogames/Desktop/Dog/dingo_ws/install/dingo_utilities/share/dingo_utilities/package.ps1'
[15.046s] INFO:colcon.colcon_core.shell:Creating package descriptor '/home/robogames/Desktop/Dog/dingo_ws/install/dingo_utilities/share/dingo_utilities/package.dsv'
[15.047s] INFO:colcon.colcon_core.shell:Creating package script '/home/robogames/Desktop/Dog/dingo_ws/install/dingo_utilities/share/dingo_utilities/package.sh'
[15.048s] INFO:colcon.colcon_core.shell:Creating package script '/home/robogames/Desktop/Dog/dingo_ws/install/dingo_utilities/share/dingo_utilities/package.bash'
[15.049s] INFO:colcon.colcon_core.shell:Creating package script '/home/robogames/Desktop/Dog/dingo_ws/install/dingo_utilities/share/dingo_utilities/package.zsh'
[15.049s] Level 1:colcon.colcon_core.environment:create_file_with_runtime_dependencies(/home/robogames/Desktop/Dog/dingo_ws/install/dingo_utilities/share/colcon-core/packages/dingo_utilities)
[15.050s] DEBUG:colcon.colcon_parallel_executor.executor.parallel:closing loop
[15.051s] DEBUG:colcon.colcon_parallel_executor.executor.parallel:loop closed
[15.052s] DEBUG:colcon.colcon_parallel_executor.executor.parallel:run_until_complete finished with '0'
[15.052s] DEBUG:colcon.colcon_core.event_reactor:joining thread
[15.069s] INFO:colcon.colcon_core.plugin_system:Skipping extension 'colcon_notification.desktop_notification.terminal_notifier': Not used on non-Darwin systems
[15.070s] INFO:colcon.colcon_core.plugin_system:Skipping extension 'colcon_notification.desktop_notification.win32': Not used on non-Windows systems
[15.070s] INFO:colcon.colcon_notification.desktop_notification:Sending desktop notification using 'notify2'
[15.101s] DEBUG:colcon.colcon_core.event_reactor:joined thread
[15.101s] INFO:colcon.colcon_core.shell:Creating prefix script '/home/robogames/Desktop/Dog/dingo_ws/install/local_setup.ps1'
[15.103s] INFO:colcon.colcon_core.shell:Creating prefix util module '/home/robogames/Desktop/Dog/dingo_ws/install/_local_setup_util_ps1.py'
[15.104s] INFO:colcon.colcon_core.shell:Creating prefix chain script '/home/robogames/Desktop/Dog/dingo_ws/install/setup.ps1'
[15.107s] INFO:colcon.colcon_core.shell:Creating prefix script '/home/robogames/Desktop/Dog/dingo_ws/install/local_setup.sh'
[15.109s] INFO:colcon.colcon_core.shell:Creating prefix util module '/home/robogames/Desktop/Dog/dingo_ws/install/_local_setup_util_sh.py'
[15.111s] INFO:colcon.colcon_core.shell:Creating prefix chain script '/home/robogames/Desktop/Dog/dingo_ws/install/setup.sh'
[15.114s] INFO:colcon.colcon_core.shell:Creating prefix script '/home/robogames/Desktop/Dog/dingo_ws/install/local_setup.bash'
[15.115s] INFO:colcon.colcon_core.shell:Creating prefix chain script '/home/robogames/Desktop/Dog/dingo_ws/install/setup.bash'
[15.118s] INFO:colcon.colcon_core.shell:Creating prefix script '/home/robogames/Desktop/Dog/dingo_ws/install/local_setup.zsh'
[15.119s] INFO:colcon.colcon_core.shell:Creating prefix chain script '/home/robogames/Desktop/Dog/dingo_ws/install/setup.zsh'
